time,precip,roll24,lof_score,is_anom
2020-01-01 00:00:00+00:00,0.10000000000000001,0.10000000000000001,1.0311236457876085,False
2020-01-01 01:00:00+00:00,0,0.050000000000000003,0.99999999840020082,False
2020-01-01 02:00:00+00:00,0,0.033333333333333333,1.0000002128312282,False
2020-01-01 03:00:00+00:00,0,0.025000000000000001,5555554.585119064,False
2020-01-01 04:00:00+00:00,0,0.02,8333331.0141501985,True
2020-01-01 05:00:00+00:00,0,0.016666666666666666,1.0000000871891153,False
2020-01-01 06:00:00+00:00,0,0.014285714285714287,17857139.315540738,True
2020-01-01 07:00:00+00:00,0,0.012500000000000001,1.0000000766892185,False
2020-01-01 08:00:00+00:00,0,0.011111111111111112,13702929.515855281,True
2020-01-01 09:00:00+00:00,0,0.01,15944303.777268643,True
2020-01-01 10:00:00+00:00,0,0.0090909090909090922,7575757.9117286485,True
2020-01-01 11:00:00+00:00,0,0.0083333333333333332,1.0000000521814365,False
2020-01-01 12:00:00+00:00,0,0.0076923076923076927,6393467.2973735007,True
2020-01-01 13:00:00+00:00,0,0.0071428571428571435,11439291.944804462,True
2020-01-01 14:00:00+00:00,0,0.0066666666666666671,14546662.772595556,True
2020-01-01 15:00:00+00:00,0,0.0062500000000000003,16529443.076038795,True
2020-01-01 16:00:00+00:00,0,0.0058823529411764705,14148264.804241283,True
2020-01-01 17:00:00+00:00,0,0.0055555555555555558,11935330.34021809,True
2020-01-01 18:00:00+00:00,0,0.005263157894736842,9770188.978638839,True
2020-01-01 19:00:00+00:00,0,0.0050000000000000001,7642046.8691248465,True
2020-01-01 20:00:00+00:00,0,0.0047619047619047623,5608715.1049657464,False
2020-01-01 21:00:00+00:00,0,0.0045454545454545461,3667302.3602825711,False
2020-01-01 22:00:00+00:00,0,0.0043478260869565218,1811594.9297827196,False
2020-01-01 23:00:00+00:00,0,0.0041666666666666666,1.000000164225272,False
2020-01-02 00:00:00+00:00,0,0,1,False
2020-01-02 01:00:00+00:00,0,0,1,False
2020-01-02 02:00:00+00:00,0,0,1,False
2020-01-02 03:00:00+00:00,0,0,1,False
2020-01-02 04:00:00+00:00,0,0,1,False
2020-01-02 05:00:00+00:00,0,0,1,False
2020-01-02 06:00:00+00:00,0,0,1,False
2020-01-02 07:00:00+00:00,0,0,1,False
2020-01-02 08:00:00+00:00,0,0,1,False
2020-01-02 09:00:00+00:00,0,0,1,False
2020-01-02 10:00:00+00:00,0,0,1,False
2020-01-02 11:00:00+00:00,0,0,1,False
2020-01-02 12:00:00+00:00,0,0,1,False
2020-01-02 13:00:00+00:00,0,0,1,False
2020-01-02 14:00:00+00:00,0,0,1,False
2020-01-02 15:00:00+00:00,0,0,1,False
2020-01-02 16:00:00+00:00,0,0,1,False
2020-01-02 17:00:00+00:00,0,0,1,False
2020-01-02 18:00:00+00:00,0.10000000000000001,0.0041666666666666666,0.9968954248804317,False
2020-01-02 19:00:00+00:00,0.5,0.024999999999999998,1.1243033493733325,False
2020-01-02 20:00:00+00:00,2.7999999999999998,0.14166666666666666,1.2776332812297455,False
2020-01-02 21:00:00+00:00,2.8999999999999999,0.26250000000000001,1.187794695779542,False
2020-01-02 22:00:00+00:00,2.2000000000000002,0.35416666666666669,1.1398341568914818,False
2020-01-02 23:00:00+00:00,1,0.39583333333333331,1.0074098903097313,False
2020-01-03 00:00:00+00:00,1.3,0.45000000000000001,1.0377276068485244,False
2020-01-03 01:00:00+00:00,1.8,0.52500000000000002,1.0164498712953527,False
2020-01-03 02:00:00+00:00,4.5,0.71250000000000002,1.5444445671233014,False
2020-01-03 03:00:00+00:00,3.7999999999999998,0.87083333333333324,1.2523799773813262,False
2020-01-03 04:00:00+00:00,1.6000000000000001,0.9375,1.1229536918316068,False
2020-01-03 05:00:00+00:00,0.59999999999999998,0.96249999999999991,1.1497714304643636,False
2020-01-03 06:00:00+00:00,1.3,1.0166666666666666,1.1151236373955871,False
2020-01-03 07:00:00+00:00,0.90000000000000002,1.0541666666666667,1.123603734649484,False
2020-01-03 08:00:00+00:00,0.80000000000000004,1.0874999999999999,1.0752279421293507,False
2020-01-03 09:00:00+00:00,0.80000000000000004,1.1208333333333333,1.0664154178221954,False
2020-01-03 10:00:00+00:00,0.59999999999999998,1.1458333333333333,1.0146420638350493,False
2020-01-03 11:00:00+00:00,0.20000000000000001,1.1541666666666666,1.0097294443298781,False
2020-01-03 12:00:00+00:00,0.69999999999999996,1.1833333333333333,1.0294953346974021,False
2020-01-03 13:00:00+00:00,1.3,1.2375,1.3167281641937214,False
2020-01-03 14:00:00+00:00,2.2999999999999998,1.3333333333333333,1.2852943226253386,False
2020-01-03 15:00:00+00:00,1.8,1.4083333333333332,1.3616825097669181,False
2020-01-03 16:00:00+00:00,0.5,1.4291666666666665,1.0936175528307848,False
2020-01-03 17:00:00+00:00,0.10000000000000001,1.4333333333333333,1.3520364739969826,False
2020-01-03 18:00:00+00:00,0.40000000000000002,1.4458333333333331,1.110376876350047,False
2020-01-03 19:00:00+00:00,0.69999999999999996,1.4541666666666666,1.0760052327125713,False
2020-01-03 20:00:00+00:00,0.69999999999999996,1.3666666666666665,1.0657984700918108,False
2020-01-03 21:00:00+00:00,0.5,1.2666666666666666,1.0386969421190024,False
2020-01-03 22:00:00+00:00,0.40000000000000002,1.1916666666666667,1.0083751405490136,False
2020-01-03 23:00:00+00:00,0.20000000000000001,1.1583333333333334,1.0085106500605956,False
2020-01-04 00:00:00+00:00,0.29999999999999999,1.1166666666666665,1.0218132554300292,False
2020-01-04 01:00:00+00:00,0.5,1.0624999999999998,1.0538748659709136,False
2020-01-04 02:00:00+00:00,0.90000000000000002,0.91250000000000009,1.0377239570631025,False
2020-01-04 03:00:00+00:00,0.90000000000000002,0.79166666666666663,0.98165779186018942,False
2020-01-04 04:00:00+00:00,1.3,0.77916666666666667,1.0214540343820309,False
2020-01-04 05:00:00+00:00,0.90000000000000002,0.79166666666666663,0.98165779186018942,False
2020-01-04 06:00:00+00:00,0.20000000000000001,0.74583333333333346,0.99729953269431026,False
2020-01-04 07:00:00+00:00,0.20000000000000001,0.71666666666666667,0.99973940433732322,False
2020-01-04 08:00:00+00:00,0.5,0.70416666666666672,0.9852825163408877,False
2020-01-04 09:00:00+00:00,0.29999999999999999,0.68333333333333346,0.995650277521125,False
2020-01-04 10:00:00+00:00,0.10000000000000001,0.66249999999999998,0.99724794072999812,False
2020-01-04 11:00:00+00:00,0,0.65416666666666667,1.0517731918475941,False
2020-01-04 12:00:00+00:00,0,0.625,0.95639650166619061,False
2020-01-04 13:00:00+00:00,0,0.5708333333333333,1.0468503995699128,False
2020-01-04 14:00:00+00:00,0,0.47499999999999992,1.0136232705556123,False
2020-01-04 15:00:00+00:00,0,0.39999999999999997,1.030891443161742,False
2020-01-04 16:00:00+00:00,0,0.37916666666666665,1.1101827527902897,False
2020-01-04 17:00:00+00:00,0,0.375,1.1358951575006837,False
2020-01-04 18:00:00+00:00,0,0.35833333333333334,1.028232100449006,False
2020-01-04 19:00:00+00:00,0.10000000000000001,0.33333333333333331,1.0193391096465017,False
2020-01-04 20:00:00+00:00,0,0.30416666666666664,1.0115508271927629,False
2020-01-04 21:00:00+00:00,0,0.28333333333333333,0.97977715406059074,False
2020-01-04 22:00:00+00:00,0,0.26666666666666666,1.0853532780487709,False
2020-01-04 23:00:00+00:00,0,0.25833333333333336,0.99787145893923113,False
2020-01-05 00:00:00+00:00,0,0.24583333333333335,0.97524765600162822,False
2020-01-05 01:00:00+00:00,0,0.22500000000000001,0.98293880254807087,False
2020-01-05 02:00:00+00:00,0,0.1875,0.95136405847997929,False
2020-01-05 03:00:00+00:00,0.10000000000000001,0.15416666666666667,1.0220034494346948,False
2020-01-05 04:00:00+00:00,0.69999999999999996,0.12916666666666668,1.0031322819855379,False
2020-01-05 05:00:00+00:00,0.69999999999999996,0.12083333333333333,1.002272262785411,False
2020-01-05 06:00:00+00:00,0.69999999999999996,0.14166666666666666,0.9959437806887016,False
2020-01-05 07:00:00+00:00,0.90000000000000002,0.17083333333333331,0.99944615386126856,False
2020-01-05 08:00:00+00:00,0.90000000000000002,0.1875,0.97758195820874538,False
2020-01-05 09:00:00+00:00,0.69999999999999996,0.20416666666666669,0.98878566215826524,False
2020-01-05 10:00:00+00:00,1.1000000000000001,0.24583333333333335,1.0160856272793226,False
2020-01-05 11:00:00+00:00,1,0.28750000000000003,0.97994925259885035,False
2020-01-05 12:00:00+00:00,1.2,0.33749999999999997,1.00955265503838,False
2020-01-05 13:00:00+00:00,0.90000000000000002,0.375,0.99997507695891275,False
2020-01-05 14:00:00+00:00,1.7,0.4458333333333333,1.0035181942046536,False
2020-01-05 15:00:00+00:00,1.8,0.52083333333333337,1.0122449883484503,False
2020-01-05 16:00:00+00:00,1.5,0.58333333333333337,1.0110953256247794,False
2020-01-05 17:00:00+00:00,0.20000000000000001,0.59166666666666667,1.0254680136060927,False
2020-01-05 18:00:00+00:00,0.10000000000000001,0.59583333333333333,1.0134254030985133,False
2020-01-05 19:00:00+00:00,0,0.59166666666666667,1.0131285560760384,False
2020-01-05 20:00:00+00:00,0,0.59166666666666667,1.0131285560760384,False
2020-01-05 21:00:00+00:00,0,0.59166666666666667,1.0131285560760384,False
2020-01-05 22:00:00+00:00,0,0.59166666666666667,1.0131285560760384,False
2020-01-05 23:00:00+00:00,0,0.59166666666666667,1.0131285560760384,False
2020-01-06 00:00:00+00:00,0,0.59166666666666667,1.0131285560760384,False
2020-01-06 01:00:00+00:00,0,0.59166666666666667,1.0131285560760384,False
2020-01-06 02:00:00+00:00,0.10000000000000001,0.59583333333333333,1.0134254030985133,False
2020-01-06 03:00:00+00:00,0.20000000000000001,0.59999999999999998,1.0246135806770469,False
2020-01-06 04:00:00+00:00,0.10000000000000001,0.57499999999999996,1.1203202273902986,False
2020-01-06 05:00:00+00:00,0.20000000000000001,0.5541666666666667,1.04362664064658,False
2020-01-06 06:00:00+00:00,0.29999999999999999,0.53749999999999998,1.0233299396121138,False
2020-01-06 07:00:00+00:00,0.20000000000000001,0.50833333333333341,1.0646222071468299,False
2020-01-06 08:00:00+00:00,0,0.47083333333333338,1.0231275141822431,False
2020-01-06 09:00:00+00:00,0,0.44166666666666671,1.0517264733644127,False
2020-01-06 10:00:00+00:00,0,0.39583333333333331,1.0384635889605243,False
2020-01-06 11:00:00+00:00,0,0.35416666666666669,0.99882637725571555,False
2020-01-06 12:00:00+00:00,0,0.30416666666666664,1.0115508271927629,False
2020-01-06 13:00:00+00:00,0,0.26666666666666666,1.0853532780487709,False
2020-01-06 14:00:00+00:00,0,0.1958333333333333,1.3255352458624663,False
2020-01-06 15:00:00+00:00,0,0.12083333333333333,1.0000000000000009,False
2020-01-06 16:00:00+00:00,0,0.058333333333333341,11805552.437997824,True
2020-01-06 17:00:00+00:00,0,0.05000000000000001,0.99999999957595676,False
2020-01-06 18:00:00+00:00,0,0.045833333333333337,1.0000001254012172,False
2020-01-06 19:00:00+00:00,0,0.045833333333333337,1.0000001254012172,False
2020-01-06 20:00:00+00:00,0,0.045833333333333337,1.0000001254012172,False
2020-01-06 21:00:00+00:00,0,0.045833333333333337,1.0000001254012172,False
2020-01-06 22:00:00+00:00,0,0.045833333333333337,1.0000001254012172,False
2020-01-06 23:00:00+00:00,0.20000000000000001,0.054166666666666669,1.0133098080454448,False
2020-01-07 00:00:00+00:00,0.29999999999999999,0.066666666666666666,0.97314355326841273,False
2020-01-07 01:00:00+00:00,0.59999999999999998,0.091666666666666674,1.0360762967437214,False
2020-01-07 02:00:00+00:00,0.5,0.10833333333333332,0.98845847345748228,False
2020-01-07 03:00:00+00:00,0.40000000000000002,0.11666666666666668,0.94412590725092305,False
2020-01-07 04:00:00+00:00,0.40000000000000002,0.12916666666666668,0.93436961736733748,False
2020-01-07 05:00:00+00:00,0.69999999999999996,0.14999999999999999,0.99253648711432829,False
2020-01-07 06:00:00+00:00,0.29999999999999999,0.14999999999999999,0.99009257887713242,False
2020-01-07 07:00:00+00:00,0.20000000000000001,0.14999999999999999,1.0030025559198843,False
2020-01-07 08:00:00+00:00,0,0.14999999999999999,0.99999999999999956,False
2020-01-07 09:00:00+00:00,0,0.14999999999999999,0.99999999999999956,False
2020-01-07 10:00:00+00:00,0.10000000000000001,0.15416666666666665,1.0220034494346948,False
2020-01-07 11:00:00+00:00,0,0.15416666666666665,1.0000000000000004,False
2020-01-07 12:00:00+00:00,0,0.15416666666666665,1.0000000000000004,False
2020-01-07 13:00:00+00:00,0,0.15416666666666665,1.0000000000000004,False
2020-01-07 14:00:00+00:00,0.20000000000000001,0.16250000000000001,1.0253838062438971,False
2020-01-07 15:00:00+00:00,1.3,0.21666666666666667,1.0840196792959784,False
2020-01-07 16:00:00+00:00,1.3,0.27083333333333331,1.0419228821501283,False
2020-01-07 17:00:00+00:00,0.40000000000000002,0.28750000000000003,1.0619553526445125,False
2020-01-07 18:00:00+00:00,1.3,0.34166666666666662,1.0127720830753613,False
2020-01-07 19:00:00+00:00,3.5,0.48749999999999999,1.2031408143077817,False
2020-01-07 20:00:00+00:00,4.5999999999999996,0.6791666666666667,1.5973706785771946,False
2020-01-07 21:00:00+00:00,2.8999999999999999,0.79999999999999993,1.068294138838469,False
2020-01-07 22:00:00+00:00,4.4000000000000004,0.98333333333333339,1.4854059107805311,False
2020-01-07 23:00:00+00:00,5.0999999999999996,1.1875,1.8730722863067126,False
2020-01-08 00:00:00+00:00,5.7999999999999998,1.4166666666666667,2.3723160770466865,False
2020-01-08 01:00:00+00:00,2.6000000000000001,1.5,1.2589992998606989,False
2020-01-08 02:00:00+00:00,0.80000000000000004,1.5125,1.0689854664438263,False
2020-01-08 03:00:00+00:00,1.7,1.5666666666666667,1.3623168168497484,False
2020-01-08 04:00:00+00:00,3.2999999999999998,1.6875,1.3262466271371247,False
2020-01-08 05:00:00+00:00,1.3999999999999999,1.7166666666666666,1.2408230253904982,False
2020-01-08 06:00:00+00:00,0.90000000000000002,1.7416666666666665,1.1040754736962366,False
2020-01-08 07:00:00+00:00,0.69999999999999996,1.7625,1.1027922641525725,False
2020-01-08 08:00:00+00:00,0.90000000000000002,1.7999999999999998,1.1160547466452755,False
2020-01-08 09:00:00+00:00,1.2,1.8499999999999999,1.1466713534476096,False
2020-01-08 10:00:00+00:00,0.90000000000000002,1.8833333333333331,1.1395895179624449,False
2020-01-08 11:00:00+00:00,0.80000000000000004,1.9166666666666663,1.1214420587018314,False
2020-01-08 12:00:00+00:00,0.90000000000000002,1.9541666666666666,1.1537775945189235,False
2020-01-08 13:00:00+00:00,0.80000000000000004,1.9874999999999998,1.1110640026675092,False
2020-01-08 14:00:00+00:00,0.69999999999999996,2.0083333333333333,1.1257120644447087,False
2020-01-08 15:00:00+00:00,1,1.9958333333333333,1.1673147932460919,False
2020-01-08 16:00:00+00:00,1,1.9833333333333334,1.1715431394775229,False
2020-01-08 17:00:00+00:00,1.3,2.0208333333333335,1.2260001756709862,False
2020-01-08 18:00:00+00:00,1.7,2.0375000000000001,1.4503396772649599,False
2020-01-08 19:00:00+00:00,1.7,1.9624999999999997,1.4411948015645344,False
2020-01-08 20:00:00+00:00,1.2,1.8208333333333335,1.1462242623852181,False
2020-01-08 21:00:00+00:00,1.2,1.7499999999999998,1.1558735952333896,False
2020-01-08 22:00:00+00:00,1.3999999999999999,1.625,1.2746037140146611,False
2020-01-08 23:00:00+00:00,1.5,1.4750000000000003,1.3366474974308684,False
2020-01-09 00:00:00+00:00,0.80000000000000004,1.2666666666666666,1.0624619053299904,False
2020-01-09 01:00:00+00:00,0.40000000000000002,1.175,1.0051736278581944,False
2020-01-09 02:00:00+00:00,0.59999999999999998,1.1666666666666667,1.0142351778632841,False
2020-01-09 03:00:00+00:00,0.29999999999999999,1.1083333333333334,1.0263899638801772,False
2020-01-09 04:00:00+00:00,0.29999999999999999,0.98333333333333339,1.182663606242361,False
2020-01-09 05:00:00+00:00,0.20000000000000001,0.93333333333333346,1.1576079030507407,False
2020-01-09 06:00:00+00:00,0,0.89583333333333337,1.0886984746737982,False
2020-01-09 07:00:00+00:00,0,0.8666666666666667,1.1091777047069955,False
2020-01-09 08:00:00+00:00,0,0.82916666666666661,1.1154546464281652,False
2020-01-09 09:00:00+00:00,0,0.77916666666666667,1.231756826455517,False
2020-01-09 10:00:00+00:00,0,0.7416666666666667,1.367916102491568,False
2020-01-09 11:00:00+00:00,0,0.70833333333333337,1.4052170394681254,False
2020-01-09 12:00:00+00:00,0,0.67083333333333339,1.1820448985438883,False
2020-01-09 13:00:00+00:00,0,0.63750000000000007,0.99874621582457157,False
2020-01-09 14:00:00+00:00,0,0.60833333333333328,0.97333818328043442,False
2020-01-09 15:00:00+00:00,0,0.56666666666666665,1.0678214852570591,False
2020-01-09 16:00:00+00:00,0,0.52500000000000002,1.0349360442116315,False
2020-01-09 17:00:00+00:00,0,0.47083333333333338,1.0231275141822431,False
2020-01-09 18:00:00+00:00,0,0.39999999999999997,1.030891443161742,False
2020-01-09 19:00:00+00:00,0,0.32916666666666666,0.99705774592576213,False
2020-01-09 20:00:00+00:00,0,0.27916666666666662,0.99056536095268821,False
2020-01-09 21:00:00+00:00,0,0.22916666666666666,1.0278221943646357,False
2020-01-09 22:00:00+00:00,0,0.17083333333333331,0.91402462480043867,False
2020-01-09 23:00:00+00:00,0,0.10833333333333334,1.0000000000000011,False
2020-01-10 00:00:00+00:00,0,0.074999999999999997,1,False
2020-01-10 01:00:00+00:00,0,0.058333333333333327,11805552.437997814,True
2020-01-10 02:00:00+00:00,0,0.033333333333333333,1.0000002128312282,False
2020-01-10 03:00:00+00:00,0,0.020833333333333332,1.0000001978644166,False
2020-01-10 04:00:00+00:00,0,0.0083333333333333332,1.0000000521814365,False
2020-01-10 05:00:00+00:00,0,0,1,False
2020-01-10 06:00:00+00:00,0,0,1,False
2020-01-10 07:00:00+00:00,0,0,1,False
2020-01-10 08:00:00+00:00,0,0,1,False
2020-01-10 09:00:00+00:00,0,0,1,False
2020-01-10 10:00:00+00:00,0,0,1,False
2020-01-10 11:00:00+00:00,0,0,1,False
2020-01-10 12:00:00+00:00,0,0,1,False
2020-01-10 13:00:00+00:00,0,0,1,False
2020-01-10 14:00:00+00:00,0,0,1,False
2020-01-10 15:00:00+00:00,0,0,1,False
2020-01-10 16:00:00+00:00,0,0,1,False
2020-01-10 17:00:00+00:00,0,0,1,False
2020-01-10 18:00:00+00:00,0,0,1,False
2020-01-10 19:00:00+00:00,0,0,1,False
2020-01-10 20:00:00+00:00,0,0,1,False
2020-01-10 21:00:00+00:00,0,0,1,False
2020-01-10 22:00:00+00:00,0,0,1,False
2020-01-10 23:00:00+00:00,0,0,1,False
2020-01-11 00:00:00+00:00,0,0,1,False
2020-01-11 01:00:00+00:00,0,0,1,False
2020-01-11 02:00:00+00:00,0,0,1,False
2020-01-11 03:00:00+00:00,0,0,1,False
2020-01-11 04:00:00+00:00,0.90000000000000002,0.037499999999999999,1.1868091910396339,False
2020-01-11 05:00:00+00:00,0.90000000000000002,0.074999999999999997,1.065203981351609,False
2020-01-11 06:00:00+00:00,0.59999999999999998,0.099999999999999992,1.0484955386501076,False
2020-01-11 07:00:00+00:00,1.8,0.17500000000000002,1.1121466342634692,False
2020-01-11 08:00:00+00:00,2.2000000000000002,0.26666666666666666,1.1848718655149058,False
2020-01-11 09:00:00+00:00,2.7999999999999998,0.3833333333333333,1.1215335254534116,False
2020-01-11 10:00:00+00:00,3.3999999999999999,0.52500000000000002,1.1887877527893866,False
2020-01-11 11:00:00+00:00,3.1000000000000001,0.65416666666666667,1.1146073492064081,False
2020-01-11 12:00:00+00:00,4.2000000000000002,0.82916666666666661,1.4111490149554029,False
2020-01-11 13:00:00+00:00,4.5999999999999996,1.0208333333333333,1.5820908443052855,False
2020-01-11 14:00:00+00:00,4.9000000000000004,1.2249999999999999,1.7464786549379798,False
2020-01-11 15:00:00+00:00,4.7999999999999998,1.425,1.7170100292195518,False
2020-01-11 16:00:00+00:00,4.7999999999999998,1.625,1.7451084115071585,False
2020-01-11 17:00:00+00:00,3.7999999999999998,1.7833333333333332,1.3891024999461907,False
2020-01-11 18:00:00+00:00,2.7000000000000002,1.8958333333333333,1.4546847619873633,False
2020-01-11 19:00:00+00:00,1.8999999999999999,1.9749999999999999,1.5064241974308408,False
2020-01-11 20:00:00+00:00,1.1000000000000001,2.0208333333333335,1.1986374864205227,False
2020-01-11 21:00:00+00:00,0.40000000000000002,2.0375000000000001,1.2062278824667076,False
2020-01-11 22:00:00+00:00,0.90000000000000002,2.0749999999999997,1.1329531930276617,False
2020-01-11 23:00:00+00:00,0.69999999999999996,2.1041666666666665,1.1597866075450378,False
2020-01-12 00:00:00+00:00,0.40000000000000002,2.1208333333333331,1.2488512861520826,False
2020-01-12 01:00:00+00:00,0.40000000000000002,2.1374999999999997,1.2623029394228853,False
2020-01-12 02:00:00+00:00,0.40000000000000002,2.1541666666666668,1.2650524197781898,False
2020-01-12 03:00:00+00:00,0.29999999999999999,2.1666666666666665,1.3538603846848218,False
2020-01-12 04:00:00+00:00,0.29999999999999999,2.1416666666666666,1.3434565791039714,False
2020-01-12 05:00:00+00:00,0.80000000000000004,2.1375000000000002,1.1635075209047656,False
2020-01-12 06:00:00+00:00,0.40000000000000002,2.1291666666666669,1.2555229994399759,False
2020-01-12 07:00:00+00:00,0.69999999999999996,2.0833333333333335,1.16030484904041,False
2020-01-12 08:00:00+00:00,0.5,2.0125000000000002,1.1539958910023558,False
2020-01-12 09:00:00+00:00,0.29999999999999999,1.9083333333333332,1.2884658031803522,False
2020-01-12 10:00:00+00:00,0.40000000000000002,1.7833333333333332,1.1720224579385599,False
2020-01-12 11:00:00+00:00,0.40000000000000002,1.6708333333333332,1.1743836856926206,False
2020-01-12 12:00:00+00:00,0.29999999999999999,1.5083333333333335,1.2485966707343414,False
2020-01-12 13:00:00+00:00,0.20000000000000001,1.325,1.097727585031965,False
2020-01-12 14:00:00+00:00,0.29999999999999999,1.1333333333333333,1.0246553755833856,False
2020-01-12 15:00:00+00:00,0.5,0.95416666666666672,1.2026714349457512,False
2020-01-12 16:00:00+00:00,0.29999999999999999,0.76666666666666661,0.99234865709374853,False
2020-01-12 17:00:00+00:00,0.5,0.62916666666666665,1.002200403274067,False
2020-01-12 18:00:00+00:00,0.5,0.53749999999999998,1.0183283296750336,False
2020-01-12 19:00:00+00:00,0.59999999999999998,0.48333333333333334,1.0041398539781305,False
2020-01-12 20:00:00+00:00,0.10000000000000001,0.44166666666666665,1.139372792732374,False
2020-01-12 21:00:00+00:00,0.10000000000000001,0.42916666666666664,1.1017320702358895,False
2020-01-12 22:00:00+00:00,0.29999999999999999,0.40416666666666662,1.0937097730079679,False
2020-01-12 23:00:00+00:00,0.59999999999999998,0.39999999999999997,0.98997916524490526,False
2020-01-13 00:00:00+00:00,0.80000000000000004,0.41666666666666669,0.99009364117869081,False
2020-01-13 01:00:00+00:00,0.40000000000000002,0.41666666666666669,1.003806730935767,False
2020-01-13 02:00:00+00:00,0.40000000000000002,0.41666666666666669,1.003806730935767,False
2020-01-13 03:00:00+00:00,0.29999999999999999,0.41666666666666669,1.0690673010453291,False
2020-01-13 04:00:00+00:00,0.20000000000000001,0.41249999999999992,1.0003552900446382,False
2020-01-13 05:00:00+00:00,0.20000000000000001,0.38750000000000001,1.0122802769768418,False
2020-01-13 06:00:00+00:00,0.20000000000000001,0.37916666666666665,1.0289192853479863,False
2020-01-13 07:00:00+00:00,0.10000000000000001,0.35416666666666674,0.98286046635595026,False
2020-01-13 08:00:00+00:00,0,0.33333333333333343,0.97906844074491162,False
2020-01-13 09:00:00+00:00,0.10000000000000001,0.32500000000000001,1.0451291292235574,False
2020-01-13 10:00:00+00:00,0.10000000000000001,0.3125,1.0892175174239245,False
2020-01-13 11:00:00+00:00,0.10000000000000001,0.29999999999999999,1.0796459096436555,False
2020-01-13 12:00:00+00:00,0.10000000000000001,0.29166666666666669,1.049967142566709,False
2020-01-13 13:00:00+00:00,0,0.28333333333333338,0.97719499445363467,False
2020-01-13 14:00:00+00:00,0,0.27083333333333331,1.048074518190147,False
2020-01-13 15:00:00+00:00,0,0.25,0.97563623911494801,False
2020-01-13 16:00:00+00:00,0,0.23750000000000002,1.0877396812219757,False
2020-01-13 17:00:00+00:00,0,0.21666666666666667,0.99999999999999933,False
2020-01-13 18:00:00+00:00,0,0.19583333333333333,1.3255352458624685,False
2020-01-13 19:00:00+00:00,0.10000000000000001,0.17500000000000002,1.0783948304323501,False
2020-01-13 20:00:00+00:00,0.10000000000000001,0.17500000000000002,1.0783948304323501,False
2020-01-13 21:00:00+00:00,0.10000000000000001,0.17500000000000002,1.0783948304323501,False
2020-01-13 22:00:00+00:00,0.20000000000000001,0.17083333333333336,1.0476446773173593,False
2020-01-13 23:00:00+00:00,0.10000000000000001,0.14999999999999999,0.96994863354464989,False
2020-01-14 00:00:00+00:00,0.10000000000000001,0.12083333333333335,0.98963221493951825,False
2020-01-14 01:00:00+00:00,0.29999999999999999,0.11666666666666665,0.96292083253038385,False
2020-01-14 02:00:00+00:00,0.59999999999999998,0.125,1.01225946325746,False
2020-01-14 03:00:00+00:00,0.69999999999999996,0.14166666666666669,0.9959437806887016,False
2020-01-14 04:00:00+00:00,0.90000000000000002,0.17083333333333331,0.99944615386126856,False
2020-01-14 05:00:00+00:00,1.5,0.22500000000000001,1.0680796995000204,False
2020-01-14 06:00:00+00:00,0.59999999999999998,0.24166666666666667,1.032791881698101,False
2020-01-14 07:00:00+00:00,0.20000000000000001,0.24583333333333335,0.999963472553555,False
2020-01-14 08:00:00+00:00,0.10000000000000001,0.25000000000000006,0.95890085295396876,False
2020-01-14 09:00:00+00:00,0.10000000000000001,0.25,0.95890085295396876,False
2020-01-14 10:00:00+00:00,0.20000000000000001,0.25416666666666671,0.99940077409930594,False
2020-01-14 11:00:00+00:00,0.20000000000000001,0.25833333333333336,0.99637791603767878,False
2020-01-14 12:00:00+00:00,0.20000000000000001,0.26250000000000001,0.99458294367422717,False
2020-01-14 13:00:00+00:00,0.20000000000000001,0.27083333333333331,0.99044625089556204,False
2020-01-14 14:00:00+00:00,0.29999999999999999,0.28333333333333333,1.0613357911090702,False
2020-01-14 15:00:00+00:00,0.20000000000000001,0.29166666666666669,1.0162337664945251,False
2020-01-14 16:00:00+00:00,0.20000000000000001,0.29999999999999999,1.0309557111232668,False
2020-01-14 17:00:00+00:00,0.59999999999999998,0.32500000000000001,1.0088218877036765,False
2020-01-14 18:00:00+00:00,0.10000000000000001,0.32916666666666666,1.0277919246963569,False
2020-01-14 19:00:00+00:00,0.20000000000000001,0.33333333333333331,1.0811462898119095,False
2020-01-14 20:00:00+00:00,0.20000000000000001,0.33749999999999997,1.0808908972610503,False
2020-01-14 21:00:00+00:00,0.29999999999999999,0.34583333333333338,1.0733568818508965,False
2020-01-14 22:00:00+00:00,0.80000000000000004,0.37083333333333329,1.0001751650883379,False
2020-01-14 23:00:00+00:00,0.69999999999999996,0.39583333333333331,0.99309432926310215,False
2020-01-15 00:00:00+00:00,1,0.43333333333333335,1.0079592002437876,False
2020-01-15 01:00:00+00:00,0.69999999999999996,0.44999999999999996,0.99064384738244515,False
2020-01-15 02:00:00+00:00,0.59999999999999998,0.44999999999999996,0.99456244515345082,False
2020-01-15 03:00:00+00:00,1.2,0.47083333333333338,1.0320664710694401,False
2020-01-15 04:00:00+00:00,1.5,0.49583333333333335,1.0036628033484469,False
2020-01-15 05:00:00+00:00,1.8,0.5083333333333333,1.0104183914912814,False
2020-01-15 06:00:00+00:00,0.90000000000000002,0.52083333333333337,1.018574188866477,False
2020-01-15 07:00:00+00:00,0.5,0.53333333333333333,1.0182199737359949,False
2020-01-15 08:00:00+00:00,0.80000000000000004,0.5625,1.035579995865221,False
2020-01-15 09:00:00+00:00,1,0.59999999999999998,1.0221037375591611,False
2020-01-15 10:00:00+00:00,0.80000000000000004,0.625,1.0334292003914607,False
2020-01-15 11:00:00+00:00,0.69999999999999996,0.64583333333333337,1.0410550634164955,False
2020-01-15 12:00:00+00:00,0.90000000000000002,0.67499999999999993,0.99778260070996871,False
2020-01-15 13:00:00+00:00,0.69999999999999996,0.6958333333333333,1.0235545693048853,False
2020-01-15 14:00:00+00:00,0.80000000000000004,0.71666666666666667,0.99332705176994895,False
2020-01-15 15:00:00+00:00,0.5,0.72916666666666663,0.98175135087886178,False
2020-01-15 16:00:00+00:00,0.29999999999999999,0.73333333333333339,0.98281064103146087,False
2020-01-15 17:00:00+00:00,0.40000000000000002,0.72499999999999998,0.98651802214709527,False
2020-01-15 18:00:00+00:00,0.29999999999999999,0.73333333333333339,0.98281064103146087,False
2020-01-15 19:00:00+00:00,0.29999999999999999,0.73750000000000016,0.98265521673766687,False
2020-01-15 20:00:00+00:00,0.40000000000000002,0.74583333333333324,0.98835791560286645,False
2020-01-15 21:00:00+00:00,0.59999999999999998,0.75833333333333341,0.99409137598032327,False
2020-01-15 22:00:00+00:00,1.3,0.77916666666666667,1.0214540343820309,False
2020-01-15 23:00:00+00:00,1.3,0.8041666666666667,1.0252088440377336,False
2020-01-16 00:00:00+00:00,1.3999999999999999,0.82083333333333341,1.0214182763454338,False
2020-01-16 01:00:00+00:00,0.90000000000000002,0.82916666666666661,0.99287312852158172,False
2020-01-16 02:00:00+00:00,1,0.84583333333333333,1.0025815307362187,False
2020-01-16 03:00:00+00:00,0.80000000000000004,0.82916666666666672,1.0181874752799387,False
2020-01-16 04:00:00+00:00,0.80000000000000004,0.80000000000000016,1.0115660098717834,False
2020-01-16 05:00:00+00:00,0.5,0.74583333333333346,0.98560273827808453,False
2020-01-16 06:00:00+00:00,0.59999999999999998,0.73333333333333328,0.98662146775057979,False
2020-01-16 07:00:00+00:00,0.69999999999999996,0.74166666666666659,1.0246177240436327,False
2020-01-16 08:00:00+00:00,0.90000000000000002,0.74583333333333346,0.97341049026609383,False
2020-01-16 09:00:00+00:00,0.80000000000000004,0.73750000000000016,0.9838032839026134,False
2020-01-16 10:00:00+00:00,0.80000000000000004,0.73749999999999993,0.9857378002957714,False
2020-01-16 11:00:00+00:00,0.69999999999999996,0.73750000000000016,1.0255958883178045,False
2020-01-16 12:00:00+00:00,0.5,0.72083333333333333,0.98254583517294447,False
2020-01-16 13:00:00+00:00,0.20000000000000001,0.70000000000000007,1.0062492006721937,False
2020-01-16 14:00:00+00:00,0.10000000000000001,0.67083333333333328,0.99382417058126582,False
2020-01-16 15:00:00+00:00,0.10000000000000001,0.65416666666666667,0.99870972481341624,False
2020-01-16 16:00:00+00:00,0,0.64166666666666672,1.0044904000362933,False
2020-01-16 17:00:00+00:00,0,0.625,0.95639650166619061,False
2020-01-16 18:00:00+00:00,0,0.61249999999999993,0.96976808591962993,False
2020-01-16 19:00:00+00:00,0,0.59999999999999998,0.99466033582275371,False
2020-01-16 20:00:00+00:00,0,0.58333333333333337,1.0176675017435823,False
2020-01-16 21:00:00+00:00,0,0.55833333333333335,1.0762296818645436,False
2020-01-16 22:00:00+00:00,0,0.50416666666666665,1.0075637910842958,False
2020-01-16 23:00:00+00:00,0.10000000000000001,0.45416666666666666,1.2023053755715305,False
2020-01-17 00:00:00+00:00,0.69999999999999996,0.42500000000000004,0.99090346379467387,False
2020-01-17 01:00:00+00:00,1.6000000000000001,0.45416666666666666,0.99762901883611532,False
2020-01-17 02:00:00+00:00,1.3,0.46666666666666662,1.0384710701737088,False
2020-01-17 03:00:00+00:00,0.69999999999999996,0.46249999999999997,0.99142322104070146,False
2020-01-17 04:00:00+00:00,0.80000000000000004,0.46250000000000008,0.98898528836372468,False
2020-01-17 05:00:00+00:00,0.5,0.46250000000000008,1.0132849815971656,False
2020-01-17 06:00:00+00:00,0.29999999999999999,0.45000000000000001,1.0535593471956592,False
2020-01-17 07:00:00+00:00,0.20000000000000001,0.4291666666666667,1.0070082421469622,False
2020-01-17 08:00:00+00:00,0.10000000000000001,0.39583333333333331,1.0121943511353892,False
2020-01-17 09:00:00+00:00,0.5,0.38333333333333336,1.0081490041572434,False
2020-01-17 10:00:00+00:00,0,0.35000000000000003,0.9764790191980387,False
2020-01-17 11:00:00+00:00,0,0.32083333333333336,1.041050336740543,False
2020-01-17 12:00:00+00:00,0.10000000000000001,0.3041666666666667,1.0931997226440964,False
2020-01-17 13:00:00+00:00,0.10000000000000001,0.29999999999999999,1.0796459096436555,False
2020-01-17 14:00:00+00:00,0.20000000000000001,0.30416666666666664,1.0344602670871241,False
2020-01-17 15:00:00+00:00,0.10000000000000001,0.30416666666666664,1.0931997226440955,False
2020-01-17 16:00:00+00:00,0,0.30416666666666664,1.0115508271927629,False
2020-01-17 17:00:00+00:00,0,0.30416666666666664,1.0115508271927629,False
2020-01-17 18:00:00+00:00,0,0.30416666666666664,1.0115508271927629,False
2020-01-17 19:00:00+00:00,0,0.30416666666666664,1.0115508271927629,False
2020-01-17 20:00:00+00:00,0,0.30416666666666664,1.0115508271927629,False
2020-01-17 21:00:00+00:00,0,0.30416666666666664,1.0115508271927629,False
2020-01-17 22:00:00+00:00,0,0.30416666666666664,1.0115508271927629,False
2020-01-17 23:00:00+00:00,0,0.29999999999999999,1.0391486740875064,False
2020-01-18 00:00:00+00:00,0.10000000000000001,0.27500000000000002,0.99320702518937065,False
2020-01-18 01:00:00+00:00,0.20000000000000001,0.21666666666666667,1.0721072748733282,False
2020-01-18 02:00:00+00:00,0.29999999999999999,0.17500000000000002,1.0798660746637652,False
2020-01-18 03:00:00+00:00,0.29999999999999999,0.15833333333333335,1.0060181348135291,False
2020-01-18 04:00:00+00:00,0.40000000000000002,0.14166666666666666,0.95116518793707461,False
2020-01-18 05:00:00+00:00,0.29999999999999999,0.13333333333333336,0.98470617898706214,False
2020-01-18 06:00:00+00:00,0.10000000000000001,0.125,0.93863463045718165,False
2020-01-18 07:00:00+00:00,0,0.11666666666666665,1.0000000000000022,False
2020-01-18 08:00:00+00:00,0,0.1125,1.0000000000000009,False
2020-01-18 09:00:00+00:00,0,0.091666666666666674,0.99999999999999967,False
2020-01-18 10:00:00+00:00,0,0.091666666666666674,0.99999999999999967,False
2020-01-18 11:00:00+00:00,0.10000000000000001,0.09583333333333334,0.97593589104208911,False
2020-01-18 12:00:00+00:00,0.10000000000000001,0.09583333333333334,0.97593589104208911,False
2020-01-18 13:00:00+00:00,0.10000000000000001,0.09583333333333334,0.97593589104208911,False
2020-01-18 14:00:00+00:00,0.20000000000000001,0.095833333333333368,1.0000000000000004,False
2020-01-18 15:00:00+00:00,0.10000000000000001,0.09583333333333334,0.97593589104208911,False
2020-01-18 16:00:00+00:00,0.20000000000000001,0.10416666666666669,0.99999999999999956,False
2020-01-18 17:00:00+00:00,0.20000000000000001,0.11250000000000003,1.0000000000000002,False
2020-01-18 18:00:00+00:00,0.20000000000000001,0.12083333333333335,0.99702499482203477,False
2020-01-18 19:00:00+00:00,0.10000000000000001,0.12500000000000003,0.93972431117063704,False
2020-01-18 20:00:00+00:00,0.10000000000000001,0.12916666666666668,0.98440800715730392,False
2020-01-18 21:00:00+00:00,0.10000000000000001,0.13333333333333336,0.99992005593364131,False
2020-01-18 22:00:00+00:00,0.20000000000000001,0.14166666666666669,0.97543707472062746,False
2020-01-18 23:00:00+00:00,0.5,0.16250000000000001,0.95999093564222804,False
2020-01-19 00:00:00+00:00,0.69999999999999996,0.1875,0.98908352333165028,False
2020-01-19 01:00:00+00:00,0.5,0.19999999999999998,1.0070885998164634,False
2020-01-19 02:00:00+00:00,0.59999999999999998,0.21250000000000002,1.0493932068053484,False
2020-01-19 03:00:00+00:00,0.20000000000000001,0.20833333333333337,1.1381239611996652,False
2020-01-19 04:00:00+00:00,0.10000000000000001,0.19583333333333333,1.2278295524398026,False
2020-01-19 05:00:00+00:00,0.10000000000000001,0.1875,1.1984482969764785,False
2020-01-19 06:00:00+00:00,0.10000000000000001,0.18750000000000003,1.1984482969764796,False
2020-01-19 07:00:00+00:00,0.10000000000000001,0.19166666666666668,1.2301785369776652,False
2020-01-19 08:00:00+00:00,0,0.19166666666666668,1.0460870286747486,False
2020-01-19 09:00:00+00:00,0,0.19166666666666668,1.0460870286747486,False
2020-01-19 10:00:00+00:00,0,0.19166666666666668,1.0460870286747486,False
2020-01-19 11:00:00+00:00,0,0.1875,0.95136405847997929,False
2020-01-19 12:00:00+00:00,0,0.18333333333333335,1.0424160824694282,False
2020-01-19 13:00:00+00:00,0,0.17916666666666667,1.2903016880673204,False
2020-01-19 14:00:00+00:00,0,0.17083333333333331,0.91402462480043867,False
2020-01-19 15:00:00+00:00,0,0.16666666666666666,1.033456158432607,False
2020-01-19 16:00:00+00:00,0,0.15833333333333335,1.0986990510402426,False
2020-01-19 17:00:00+00:00,0.10000000000000001,0.15416666666666667,1.0220034494346948,False
2020-01-19 18:00:00+00:00,0.10000000000000001,0.14999999999999999,0.96994863354464989,False
2020-01-19 19:00:00+00:00,0.29999999999999999,0.15833333333333333,1.0067526171079082,False
2020-01-19 20:00:00+00:00,0.20000000000000001,0.16250000000000001,1.0253838062438971,False
2020-01-19 21:00:00+00:00,0.20000000000000001,0.16666666666666666,1.0377529066754982,False
2020-01-19 22:00:00+00:00,0.20000000000000001,0.16666666666666666,1.0377529066754982,False
2020-01-19 23:00:00+00:00,0.20000000000000001,0.15416666666666667,1.0069825441505744,False
2020-01-20 00:00:00+00:00,0.20000000000000001,0.13333333333333333,0.96447856526890097,False
2020-01-20 01:00:00+00:00,0.10000000000000001,0.11666666666666668,1.0314572138494873,False
2020-01-20 02:00:00+00:00,0.10000000000000001,0.09583333333333334,0.97593589104208911,False
2020-01-20 03:00:00+00:00,0.10000000000000001,0.091666666666666674,0.97282037929985632,False
2020-01-20 04:00:00+00:00,0.10000000000000001,0.091666666666666688,0.97064646627906259,False
2020-01-20 05:00:00+00:00,0.10000000000000001,0.091666666666666688,0.97064646627906259,False
2020-01-20 06:00:00+00:00,0.10000000000000001,0.091666666666666674,0.97282037929985632,False
2020-01-20 07:00:00+00:00,0.10000000000000001,0.091666666666666674,0.97282037929985632,False
2020-01-20 08:00:00+00:00,0.10000000000000001,0.09583333333333334,0.97593589104208911,False
2020-01-20 09:00:00+00:00,0.20000000000000001,0.10416666666666669,0.99999999999999956,False
2020-01-20 10:00:00+00:00,0.10000000000000001,0.10833333333333334,1.0736004742109,False
2020-01-20 11:00:00+00:00,0.10000000000000001,0.1125,1.0955256940434681,False
2020-01-20 12:00:00+00:00,0.20000000000000001,0.12083333333333335,0.99702499482203477,False
2020-01-20 13:00:00+00:00,0.10000000000000001,0.12500000000000003,0.93972431117063704,False
2020-01-20 14:00:00+00:00,0.40000000000000002,0.14166666666666669,0.95116518793707461,False
2020-01-20 15:00:00+00:00,0.5,0.16250000000000001,0.95999093564222804,False
2020-01-20 16:00:00+00:00,0.5,0.18333333333333335,0.98343316229520872,False
2020-01-20 17:00:00+00:00,0.69999999999999996,0.20833333333333337,0.9879815912488159,False
2020-01-20 18:00:00+00:00,0.40000000000000002,0.22083333333333333,1.0617180125094978,False
2020-01-20 19:00:00+00:00,0.5,0.22916666666666666,1.0515651888295692,False
2020-01-20 20:00:00+00:00,0.40000000000000002,0.23750000000000002,1.0587825289361807,False
2020-01-20 21:00:00+00:00,0.29999999999999999,0.24166666666666667,1.0577294549112308,False
2020-01-20 22:00:00+00:00,0.29999999999999999,0.24583333333333335,1.0603127093554243,False
2020-01-20 23:00:00+00:00,0.29999999999999999,0.25000000000000006,1.0609869244508618,False
2020-01-21 00:00:00+00:00,0.59999999999999998,0.26666666666666666,1.022212563141955,False
2020-01-21 01:00:00+00:00,1.3,0.31666666666666671,1.0140186730945566,False
2020-01-21 02:00:00+00:00,2.8999999999999999,0.43333333333333335,1.1245120084915647,False
2020-01-21 03:00:00+00:00,3.5,0.57500000000000007,1.1795758103140626,False
2020-01-21 04:00:00+00:00,1.8,0.64583333333333337,1.024266083423117,False
2020-01-21 05:00:00+00:00,1.3,0.6958333333333333,1.0185501658887304,False
2020-01-21 06:00:00+00:00,0.80000000000000004,0.72500000000000009,0.98982996201629969,False
2020-01-21 07:00:00+00:00,0.10000000000000001,0.72500000000000009,1.0091701645033004,False
2020-01-21 08:00:00+00:00,0,0.72083333333333333,1.3944487173455753,False
2020-01-21 09:00:00+00:00,0.10000000000000001,0.71666666666666667,0.99829229563109179,False
2020-01-21 10:00:00+00:00,0.10000000000000001,0.71666666666666679,1.0009116393612865,False
2020-01-21 11:00:00+00:00,0.10000000000000001,0.71666666666666667,0.99829229563109179,False
2020-01-21 12:00:00+00:00,0.10000000000000001,0.71250000000000002,1.0021973451471238,False
2020-01-21 13:00:00+00:00,0.20000000000000001,0.71666666666666667,0.99973940433732322,False
2020-01-21 14:00:00+00:00,0.29999999999999999,0.71250000000000002,0.98489067036022093,False
2020-01-21 15:00:00+00:00,0.29999999999999999,0.70416666666666672,0.98774442468328594,False
2020-01-21 16:00:00+00:00,0.59999999999999998,0.70833333333333337,0.98923382192996745,False
2020-01-21 17:00:00+00:00,1,0.72083333333333333,0.98042445571857317,False
2020-01-21 18:00:00+00:00,1,0.74583333333333324,0.98116393877373465,False
2020-01-21 19:00:00+00:00,1.1000000000000001,0.77083333333333337,1.0158610278266886,False
2020-01-21 20:00:00+00:00,1,0.79583333333333339,0.99407331047939995,False
2020-01-21 21:00:00+00:00,1,0.82500000000000007,1.0016733768923323,False
2020-01-21 22:00:00+00:00,1.2,0.86249999999999993,1.040228229158731,False
2020-01-21 23:00:00+00:00,1.3999999999999999,0.90833333333333321,1.0581073556078102,False
2020-01-22 00:00:00+00:00,0.59999999999999998,0.90833333333333333,1.1396774020434952,False
2020-01-22 01:00:00+00:00,0.69999999999999996,0.8833333333333333,1.1430330779900877,False
2020-01-22 02:00:00+00:00,0.40000000000000002,0.77916666666666679,0.98643066835961823,False
2020-01-22 03:00:00+00:00,0.29999999999999999,0.64583333333333337,0.99847318531360507,False
2020-01-22 04:00:00+00:00,0.20000000000000001,0.57916666666666672,1.0368020222388743,False
2020-01-22 05:00:00+00:00,0.20000000000000001,0.53333333333333333,1.0389776449572292,False
2020-01-22 06:00:00+00:00,0,0.5,1.0060828749718957,False
2020-01-22 07:00:00+00:00,0,0.49583333333333335,1.0031663757826719,False
2020-01-22 08:00:00+00:00,0,0.49583333333333335,1.0031663757826719,False
2020-01-22 09:00:00+00:00,0,0.4916666666666667,0.99931682033479308,False
2020-01-22 10:00:00+00:00,0,0.48750000000000004,0.99133916376204567,False
2020-01-22 11:00:00+00:00,0,0.48333333333333339,0.98581489225003027,False
2020-01-22 12:00:00+00:00,0,0.47916666666666669,1.021012793279644,False
2020-01-22 13:00:00+00:00,0,0.47083333333333338,1.0231275141822431,False
2020-01-22 14:00:00+00:00,0,0.45833333333333331,1.0729819868526473,False
2020-01-22 15:00:00+00:00,0,0.44583333333333336,1.0306230334343587,False
2020-01-22 16:00:00+00:00,0,0.42083333333333339,0.97275376660671542,False
2020-01-22 17:00:00+00:00,0,0.37916666666666671,1.1054330973302036,False
2020-01-22 18:00:00+00:00,0,0.33750000000000008,0.98535183934406789,False
2020-01-22 19:00:00+00:00,0,0.29166666666666669,1.009305197257258,False
2020-01-22 20:00:00+00:00,0,0.25000000000000006,0.9747130642504378,False
2020-01-22 21:00:00+00:00,0,0.20833333333333337,0.99999999999999933,False
2020-01-22 22:00:00+00:00,0,0.15833333333333335,1.0986990510402426,False
2020-01-22 23:00:00+00:00,0,0.10000000000000002,1.0000000000000004,False
2020-01-23 00:00:00+00:00,0,0.075000000000000011,1.0000000000000004,False
2020-01-23 01:00:00+00:00,0,0.045833333333333358,0.99999999878569457,False
2020-01-23 02:00:00+00:00,0,0.029166666666666684,1.0000000000000013,False
2020-01-23 03:00:00+00:00,0.10000000000000001,0.020833333333333353,1.0344884483531671,False
2020-01-23 04:00:00+00:00,0,0.01250000000000002,1.0000000019756605,False
2020-01-23 05:00:00+00:00,0,0.0041666666666666857,1.00000008393169,False
2020-01-23 06:00:00+00:00,0,0.0041666666666666857,1.00000008393169,False
2020-01-23 07:00:00+00:00,0,0.0041666666666666857,1.00000008393169,False
2020-01-23 08:00:00+00:00,0,0.0041666666666666857,1.00000008393169,False
2020-01-23 09:00:00+00:00,0,0.0041666666666666857,1.00000008393169,False
2020-01-23 10:00:00+00:00,0,0.0041666666666666857,1.00000008393169,False
2020-01-23 11:00:00+00:00,0,0.0041666666666666857,1.00000008393169,False
2020-01-23 12:00:00+00:00,0.20000000000000001,0.01250000000000002,1.0755502654500613,False
2020-01-23 13:00:00+00:00,0.20000000000000001,0.020833333333333353,1.0504829917165521,False
2020-01-23 14:00:00+00:00,0.29999999999999999,0.033333333333333354,1.0608427451304776,False
2020-01-23 15:00:00+00:00,0.40000000000000002,0.050000000000000024,1.0737385885185593,False
2020-01-23 16:00:00+00:00,0.29999999999999999,0.062500000000000014,0.98556687029599943,False
2020-01-23 17:00:00+00:00,0.20000000000000001,0.070833333333333359,1.0279032711654232,False
2020-01-23 18:00:00+00:00,0.59999999999999998,0.095833333333333368,1.0476458030873135,False
2020-01-23 19:00:00+00:00,1.5,0.15833333333333335,1.1306833963737071,False
2020-01-23 20:00:00+00:00,1.7,0.22916666666666666,1.0800689090318187,False
2020-01-23 21:00:00+00:00,1.1000000000000001,0.27500000000000002,0.99997599153606609,False
2020-01-23 22:00:00+00:00,0.59999999999999998,0.29999999999999999,1.0067788342612773,False
2020-01-23 23:00:00+00:00,1,0.34166666666666673,0.99528344479016051,False
2020-01-24 00:00:00+00:00,0.90000000000000002,0.37916666666666671,0.99971594836011646,False
2020-01-24 01:00:00+00:00,1.3,0.43333333333333335,1.032133333850316,False
2020-01-24 02:00:00+00:00,0.80000000000000004,0.46666666666666673,0.98963720745539197,False
2020-01-24 03:00:00+00:00,0.69999999999999996,0.4916666666666667,0.996461238769212,False
2020-01-24 04:00:00+00:00,1.1000000000000001,0.53750000000000009,1.055703267283018,False
2020-01-24 05:00:00+00:00,1.1000000000000001,0.58333333333333337,1.0484283486125627,False
2020-01-24 06:00:00+00:00,0.69999999999999996,0.61250000000000004,1.0389115283539345,False
2020-01-24 07:00:00+00:00,0.5,0.63333333333333341,0.99946143965973,False
2020-01-24 08:00:00+00:00,0.29999999999999999,0.64583333333333337,0.99847318531360507,False
2020-01-24 09:00:00+00:00,0.29999999999999999,0.65833333333333333,1.0000766121280347,False
2020-01-24 10:00:00+00:00,0.40000000000000002,0.67500000000000016,0.99735628185483294,False
2020-01-24 11:00:00+00:00,0.69999999999999996,0.70416666666666672,1.0218475067928285,False
2020-01-24 12:00:00+00:00,0.40000000000000002,0.71250000000000002,0.98693490724731647,False
2020-01-24 13:00:00+00:00,0.20000000000000001,0.71249999999999991,1.0018170266794466,False
2020-01-24 14:00:00+00:00,0.59999999999999998,0.72500000000000009,0.9881472024637703,False
2020-01-24 15:00:00+00:00,0.59999999999999998,0.73333333333333339,0.98662146775057968,False
2020-01-24 16:00:00+00:00,0.29999999999999999,0.73333333333333328,0.98281064103146087,False
2020-01-24 17:00:00+00:00,0.29999999999999999,0.73749999999999993,0.98246899633986828,False
2020-01-24 18:00:00+00:00,0.5,0.73333333333333339,0.98256647488751225,False
2020-01-24 19:00:00+00:00,0.40000000000000002,0.68750000000000011,0.99702906421115867,False
2020-01-24 20:00:00+00:00,0.20000000000000001,0.625,1.0094112585547437,False
2020-01-24 21:00:00+00:00,0.10000000000000001,0.58333333333333337,1.0204600456237956,False
2020-01-24 22:00:00+00:00,0,0.55833333333333346,1.076229681864544,False
2020-01-24 23:00:00+00:00,0,0.51666666666666672,1.0036198666614002,False
2020-01-25 00:00:00+00:00,0.10000000000000001,0.48333333333333339,1.2318741778028,False
2020-01-25 01:00:00+00:00,0.10000000000000001,0.43333333333333335,1.1147462739418379,False
2020-01-25 02:00:00+00:00,0.10000000000000001,0.40416666666666662,1.0353000353341382,False
2020-01-25 03:00:00+00:00,0.10000000000000001,0.37916666666666665,0.98372922881466185,False
2020-01-25 04:00:00+00:00,0.10000000000000001,0.33750000000000008,1.0125892998076993,False
2020-01-25 05:00:00+00:00,0.10000000000000001,0.29583333333333334,1.0710673554814027,False
2020-01-25 06:00:00+00:00,0.10000000000000001,0.27083333333333331,0.98853134569253009,False
2020-01-25 07:00:00+00:00,0.10000000000000001,0.25416666666666671,0.97118813704057161,False
2020-01-25 08:00:00+00:00,0.10000000000000001,0.24583333333333335,0.97707038221578357,False
2020-01-25 09:00:00+00:00,0,0.23333333333333336,1.1326067717062727,False
2020-01-25 10:00:00+00:00,0,0.21666666666666667,0.99999999999999933,False
2020-01-25 11:00:00+00:00,0,0.1875,0.95136405847997929,False
2020-01-25 12:00:00+00:00,0,0.17083333333333336,0.96435650699192765,False
2020-01-25 13:00:00+00:00,0.10000000000000001,0.16666666666666666,1.0528721580965368,False
2020-01-25 14:00:00+00:00,0,0.14166666666666669,1.0000000000000007,False
2020-01-25 15:00:00+00:00,0,0.1166666666666667,1.0000000000000004,False
2020-01-25 16:00:00+00:00,0.10000000000000001,0.10833333333333335,1.0728033999529849,False
2020-01-25 17:00:00+00:00,0.10000000000000001,0.10000000000000002,1.0311236457876085,False
2020-01-25 18:00:00+00:00,0.10000000000000001,0.083333333333333356,0.99999999999999978,False
2020-01-25 19:00:00+00:00,0,0.066666666666666693,1.000000000000002,False
2020-01-25 20:00:00+00:00,0,0.058333333333333348,11805552.437997825,True
2020-01-25 21:00:00+00:00,0,0.054166666666666696,0.99999998768346809,False
2020-01-25 22:00:00+00:00,0,0.054166666666666696,0.99999998768346809,False
2020-01-25 23:00:00+00:00,0,0.054166666666666696,0.99999998768346809,False
2020-01-26 00:00:00+00:00,0,0.050000000000000024,1.0000000019274693,False
2020-01-26 01:00:00+00:00,0,0.045833333333333358,0.99999999878569457,False
2020-01-26 02:00:00+00:00,0,0.041666666666666685,1.000000000000002,False
2020-01-26 03:00:00+00:00,0,0.037500000000000019,2777777.9184473678,False
2020-01-26 04:00:00+00:00,0,0.033333333333333354,1.0000000811464886,False
2020-01-26 05:00:00+00:00,0,0.029166666666666688,1.0000000000000013,False
2020-01-26 06:00:00+00:00,0,0.025000000000000022,5555554.5851190658,False
2020-01-26 07:00:00+00:00,0,0.020833333333333353,1.0000000744099782,False
2020-01-26 08:00:00+00:00,0,0.016666666666666687,1.0000000001541973,False
2020-01-26 09:00:00+00:00,0,0.016666666666666687,1.0000000001541973,False
2020-01-26 10:00:00+00:00,0,0.016666666666666687,1.0000000001541973,False
2020-01-26 11:00:00+00:00,0,0.016666666666666687,1.0000000001541973,False
2020-01-26 12:00:00+00:00,0,0.016666666666666687,1.0000000001541973,False
2020-01-26 13:00:00+00:00,0,0.01250000000000002,1.0000000019756605,False
2020-01-26 14:00:00+00:00,0,0.01250000000000002,1.0000000019756605,False
2020-01-26 15:00:00+00:00,0,0.01250000000000002,1.0000000019756605,False
2020-01-26 16:00:00+00:00,0.10000000000000001,0.01250000000000002,0.95995098087931963,False
2020-01-26 17:00:00+00:00,0,0.0083333333333333523,1.0000000013829602,False
2020-01-26 18:00:00+00:00,0,0.0041666666666666857,1.00000008393169,False
2020-01-26 19:00:00+00:00,0.10000000000000001,0.0083333333333333523,1.0069306929704931,False
2020-01-26 20:00:00+00:00,0.20000000000000001,0.016666666666666687,1.0540640308213394,False
2020-01-26 21:00:00+00:00,0.10000000000000001,0.020833333333333353,1.0344884483531671,False
2020-01-26 22:00:00+00:00,0.10000000000000001,0.025000000000000022,0.99999999999999989,False
2020-01-26 23:00:00+00:00,0.10000000000000001,0.029166666666666688,1,False
2020-01-27 00:00:00+00:00,0.29999999999999999,0.041666666666666685,1.0438740930146715,False
2020-01-27 01:00:00+00:00,0.20000000000000001,0.050000000000000017,1.0114675477383119,False
2020-01-27 02:00:00+00:00,0.20000000000000001,0.058333333333333348,1.008155824843268,False
2020-01-27 03:00:00+00:00,0.29999999999999999,0.070833333333333345,0.96879815975011241,False
2020-01-27 04:00:00+00:00,0.59999999999999998,0.095833333333333368,1.0476458030873135,False
2020-01-27 05:00:00+00:00,0.20000000000000001,0.10416666666666669,0.99999999999999956,False
2020-01-27 06:00:00+00:00,0.20000000000000001,0.11250000000000003,1.0000000000000002,False
2020-01-27 07:00:00+00:00,0.10000000000000001,0.1166666666666667,1.0314572138494873,False
2020-01-27 08:00:00+00:00,0.10000000000000001,0.12083333333333335,0.98963221493951825,False
2020-01-27 09:00:00+00:00,0.40000000000000002,0.13750000000000004,0.94662137642079303,False
2020-01-27 10:00:00+00:00,0.90000000000000002,0.17500000000000004,0.99532954632850934,False
2020-01-27 11:00:00+00:00,0.29999999999999999,0.18750000000000003,1.101490957969498,False
2020-01-27 12:00:00+00:00,0,0.18750000000000003,0.94973107218424713,False
2020-01-27 13:00:00+00:00,0,0.18750000000000003,0.94973107218424713,False
2020-01-27 14:00:00+00:00,0,0.18750000000000003,0.94973107218424713,False
2020-01-27 15:00:00+00:00,0,0.18750000000000003,0.94973107218424713,False
2020-01-27 16:00:00+00:00,0,0.18333333333333338,1.0183690070162164,False
2020-01-27 17:00:00+00:00,0.20000000000000001,0.19166666666666674,1.1511776344483819,False
2020-01-27 18:00:00+00:00,0,0.19166666666666674,1.0642311076783986,False
2020-01-27 19:00:00+00:00,0,0.1875,0.95136405847997929,False
2020-01-27 20:00:00+00:00,0,0.1791666666666667,1.290301688067321,False
2020-01-27 21:00:00+00:00,0,0.17500000000000004,1.0680809925508385,False
2020-01-27 22:00:00+00:00,0,0.17083333333333339,0.97690445372479817,False
2020-01-27 23:00:00+00:00,0,0.16666666666666666,1.033456158432607,False
2020-01-28 00:00:00+00:00,0,0.1541666666666667,0.96677061739037795,False
2020-01-28 01:00:00+00:00,0,0.14583333333333334,1.000000000000002,False
2020-01-28 02:00:00+00:00,0,0.13750000000000004,0.999999999999999,False
2020-01-28 03:00:00+00:00,0,0.12500000000000003,1.000000000000002,False
2020-01-28 04:00:00+00:00,0,0.10000000000000002,1.0000000000000004,False
2020-01-28 05:00:00+00:00,0,0.091666666666666688,0.99999999999999967,False
2020-01-28 06:00:00+00:00,0,0.083333333333333356,1.0000000000000007,False
2020-01-28 07:00:00+00:00,0,0.079166666666666691,1.0000000000000018,False
2020-01-28 08:00:00+00:00,0,0.075000000000000025,1.0000000000000007,False
2020-01-28 09:00:00+00:00,0,0.058333333333333355,11111108.207181325,True
2020-01-28 10:00:00+00:00,0,0.020833333333333353,1.0000000744099782,False
2020-01-28 11:00:00+00:00,0,0.0083333333333333523,1.0000000013829602,False
2020-01-28 12:00:00+00:00,0,0.0083333333333333523,1.0000000013829602,False
2020-01-28 13:00:00+00:00,0,0.0083333333333333523,1.0000000013829602,False
2020-01-28 14:00:00+00:00,0,0.0083333333333333523,1.0000000013829602,False
2020-01-28 15:00:00+00:00,0,0.0083333333333333523,1.0000000013829602,False
2020-01-28 16:00:00+00:00,0,0.0083333333333333523,1.0000000013829602,False
2020-01-28 17:00:00+00:00,0.10000000000000001,0.0041666666666666857,0.99689542488043115,False
2020-01-28 18:00:00+00:00,0.10000000000000001,0.0083333333333333523,1.0069306929704931,False
2020-01-28 19:00:00+00:00,0.29999999999999999,0.020833333333333353,1.142292275286344,False
2020-01-28 20:00:00+00:00,0.29999999999999999,0.033333333333333354,1.0608427451304776,False
2020-01-28 21:00:00+00:00,0.10000000000000001,0.037500000000000019,1.0000000000000011,False
2020-01-28 22:00:00+00:00,0.20000000000000001,0.045833333333333358,0.99688502118115141,False
2020-01-28 23:00:00+00:00,0.10000000000000001,0.050000000000000017,0.999999999999999,False
2020-01-29 00:00:00+00:00,0.10000000000000001,0.054166666666666689,0.99999999999999956,False
2020-01-29 01:00:00+00:00,0.10000000000000001,0.058333333333333348,0.99999999999999978,False
2020-01-29 02:00:00+00:00,0.20000000000000001,0.066666666666666693,1.0207088870734822,False
2020-01-29 03:00:00+00:00,0.10000000000000001,0.070833333333333345,1.0000000000000007,False
2020-01-29 04:00:00+00:00,0.10000000000000001,0.075000000000000025,1.0000000000000009,False
2020-01-29 05:00:00+00:00,0.10000000000000001,0.079166666666666691,1,False
2020-01-29 06:00:00+00:00,0,0.079166666666666691,1.0000000000000018,False
2020-01-29 07:00:00+00:00,0.10000000000000001,0.083333333333333356,0.99999999999999978,False
2020-01-29 08:00:00+00:00,0,0.083333333333333356,1.0000000000000007,False
2020-01-29 09:00:00+00:00,0,0.083333333333333356,1.0000000000000007,False
2020-01-29 10:00:00+00:00,0,0.083333333333333356,1.0000000000000007,False
2020-01-29 11:00:00+00:00,0,0.083333333333333356,1.0000000000000007,False
2020-01-29 12:00:00+00:00,0,0.083333333333333356,1.0000000000000007,False
2020-01-29 13:00:00+00:00,0,0.083333333333333356,1.0000000000000007,False
2020-01-29 14:00:00+00:00,0,0.083333333333333356,1.0000000000000007,False
2020-01-29 15:00:00+00:00,0,0.083333333333333356,1.0000000000000007,False
2020-01-29 16:00:00+00:00,0,0.083333333333333356,1.0000000000000007,False
2020-01-29 17:00:00+00:00,0,0.079166666666666677,1.000000000000002,False
2020-01-29 18:00:00+00:00,0,0.075000000000000025,1.0000000000000007,False
2020-01-29 19:00:00+00:00,0,0.062500000000000014,1,False
2020-01-29 20:00:00+00:00,0,0.050000000000000017,1.0000000007517134,False
2020-01-29 21:00:00+00:00,0,0.045833333333333358,0.99999999878569457,False
2020-01-29 22:00:00+00:00,0,0.037500000000000026,2777777.9184473688,False
2020-01-29 23:00:00+00:00,0,0.033333333333333354,1.0000000811464886,False
2020-01-30 00:00:00+00:00,0,0.029166666666666684,1.0000000000000013,False
2020-01-30 01:00:00+00:00,0,0.025000000000000022,5555554.5851190658,False
2020-01-30 02:00:00+00:00,0,0.016666666666666687,1.0000000001541973,False
2020-01-30 03:00:00+00:00,0,0.01250000000000002,1.0000000019756605,False
2020-01-30 04:00:00+00:00,0,0.0083333333333333523,1.0000000013829602,False
2020-01-30 05:00:00+00:00,0,0.0041666666666666857,1.00000008393169,False
2020-01-30 06:00:00+00:00,0,0.0041666666666666857,1.00000008393169,False
2020-01-30 07:00:00+00:00,0,0,1,False
2020-01-30 08:00:00+00:00,0,0,1,False
2020-01-30 09:00:00+00:00,0,0,1,False
2020-01-30 10:00:00+00:00,0,0,1,False
2020-01-30 11:00:00+00:00,0,0,1,False
2020-01-30 12:00:00+00:00,0,0,1,False
2020-01-30 13:00:00+00:00,0,0,1,False
2020-01-30 14:00:00+00:00,0,0,1,False
2020-01-30 15:00:00+00:00,0,0,1,False
2020-01-30 16:00:00+00:00,0,0,1,False
2020-01-30 17:00:00+00:00,0.20000000000000001,0.0083333333333333523,1.150752086650588,False
2020-01-30 18:00:00+00:00,0.69999999999999996,0.037500000000000012,1.0374767450378271,False
2020-01-30 19:00:00+00:00,0.90000000000000002,0.075000000000000011,1.065203981351609,False
2020-01-30 20:00:00+00:00,0.80000000000000004,0.10833333333333335,1.0143947249572409,False
2020-01-30 21:00:00+00:00,0.59999999999999998,0.13333333333333333,1.020587779869228,False
2020-01-30 22:00:00+00:00,0.90000000000000002,0.17083333333333336,0.99944615386126823,False
2020-01-30 23:00:00+00:00,0.5,0.19166666666666668,0.99830865995816964,False
2020-01-31 00:00:00+00:00,0.29999999999999999,0.20416666666666669,1.1178771475864586,False
2020-01-31 01:00:00+00:00,0.20000000000000001,0.21250000000000002,1.1234296179519094,False
2020-01-31 02:00:00+00:00,0.10000000000000001,0.21666666666666667,1.0397441742617919,False
2020-01-31 03:00:00+00:00,0.10000000000000001,0.22083333333333335,1.032289836240762,False
2020-01-31 04:00:00+00:00,0.20000000000000001,0.22916666666666666,0.99877981302362329,False
2020-01-31 05:00:00+00:00,0.10000000000000001,0.23333333333333336,1.0258179236385869,False
2020-01-31 06:00:00+00:00,0.69999999999999996,0.26250000000000001,1.0095775395695739,False
2020-01-31 07:00:00+00:00,0.40000000000000002,0.27916666666666667,1.0655555802674597,False
2020-01-31 08:00:00+00:00,0.29999999999999999,0.29166666666666669,1.0677555173420006,False
2020-01-31 09:00:00+00:00,0.5,0.3125,1.0407949165765962,False
2020-01-31 10:00:00+00:00,0.29999999999999999,0.32500000000000001,1.0915262378458734,False
2020-01-31 11:00:00+00:00,0.20000000000000001,0.33333333333333331,1.0811462898119095,False
2020-01-31 12:00:00+00:00,0.40000000000000002,0.35000000000000003,1.0154687650448651,False
2020-01-31 13:00:00+00:00,0.69999999999999996,0.37916666666666665,0.99020282761768164,False
2020-01-31 14:00:00+00:00,0.59999999999999998,0.40416666666666673,0.99000735578132593,False
2020-01-31 15:00:00+00:00,0.59999999999999998,0.4291666666666667,0.99374415106934322,False
2020-01-31 16:00:00+00:00,0.5,0.45000000000000001,1.0104368953101208,False
2020-01-31 17:00:00+00:00,0.20000000000000001,0.45000000000000001,1.0165577585912891,False
2020-01-31 18:00:00+00:00,0.10000000000000001,0.42499999999999999,1.0883623273235954,False
2020-01-31 19:00:00+00:00,0.10000000000000001,0.39166666666666666,0.99103838471943972,False
2020-01-31 20:00:00+00:00,0,0.35833333333333339,1.0282321004490063,False
2020-01-31 21:00:00+00:00,0.10000000000000001,0.33750000000000008,1.0125892998076993,False
2020-01-31 22:00:00+00:00,0.40000000000000002,0.31666666666666671,1.0421447895357856,False
2020-01-31 23:00:00+00:00,1.5,0.35833333333333339,1.0296787928796207,False
2020-02-01 00:00:00+00:00,1.2,0.39583333333333331,1.0340586937384304,False
2020-02-01 01:00:00+00:00,1,0.4291666666666667,1.0086640040052486,False
2020-02-01 02:00:00+00:00,1.8,0.50000000000000011,1.0111612390436906,False
2020-02-01 03:00:00+00:00,1.3,0.54999999999999993,1.0383550312218657,False
2020-02-01 04:00:00+00:00,1,0.58333333333333337,1.0276088949287956,False
2020-02-01 05:00:00+00:00,2.6000000000000001,0.6875,1.0630977669584023,False
2020-02-01 06:00:00+00:00,1,0.70000000000000007,0.98647212346714286,False
2020-02-01 07:00:00+00:00,0.20000000000000001,0.69166666666666676,1.004998585218404,False
2020-02-01 08:00:00+00:00,0.5,0.70000000000000007,0.98618694517311734,False
2020-02-01 09:00:00+00:00,0.59999999999999998,0.70416666666666672,0.98945571633179141,False
2020-02-01 10:00:00+00:00,0.69999999999999996,0.72083333333333333,1.0209109970131209,False
2020-02-01 11:00:00+00:00,0.5,0.73333333333333339,0.98256647488751225,False
2020-02-01 12:00:00+00:00,0.29999999999999999,0.72916666666666685,0.98232198618414535,False
2020-02-01 13:00:00+00:00,0.29999999999999999,0.71249999999999991,0.98489067036022082,False
2020-02-01 14:00:00+00:00,0.5,0.70833333333333337,0.98416539597019992,False
2020-02-01 15:00:00+00:00,1.6000000000000001,0.75,1.0320059344891983,False
2020-02-01 16:00:00+00:00,1.5,0.79166666666666663,1.0278103210838454,False
2020-02-01 17:00:00+00:00,0.5,0.8041666666666667,1.0090782660424964,False
2020-02-01 18:00:00+00:00,0.20000000000000001,0.80833333333333324,0.99627899433457279,False
2020-02-01 19:00:00+00:00,0,0.8041666666666667,1.1659224347858586,False
2020-02-01 20:00:00+00:00,0,0.8041666666666667,1.1659224347858586,False
2020-02-01 21:00:00+00:00,0,0.79999999999999993,1.1732569297957363,False
2020-02-01 22:00:00+00:00,0.10000000000000001,0.78750000000000009,1.0248874132313044,False
2020-02-01 23:00:00+00:00,0.20000000000000001,0.73333333333333339,0.99735241621249127,False
2020-02-02 00:00:00+00:00,0.10000000000000001,0.68750000000000011,0.9962500871188783,False
2020-02-02 01:00:00+00:00,0.10000000000000001,0.65000000000000002,0.99971582791859381,False
2020-02-02 02:00:00+00:00,0.20000000000000001,0.58333333333333337,1.0369516929463711,False
2020-02-02 03:00:00+00:00,0.10000000000000001,0.53333333333333333,1.1239740785215846,False
2020-02-02 04:00:00+00:00,0.10000000000000001,0.49583333333333335,1.2014955595622612,False
2020-02-02 05:00:00+00:00,0.10000000000000001,0.39166666666666666,0.99103838471943972,False
2020-02-02 06:00:00+00:00,0.40000000000000002,0.3666666666666667,1.0112039242576829,False
2020-02-02 07:00:00+00:00,0.10000000000000001,0.36250000000000004,0.98281949323242679,False
2020-02-02 08:00:00+00:00,0.29999999999999999,0.35416666666666674,1.0789918976840092,False
2020-02-02 09:00:00+00:00,0.40000000000000002,0.34583333333333338,1.0167678849740374,False
2020-02-02 10:00:00+00:00,0,0.31666666666666671,1.0302773494802926,False
2020-02-02 11:00:00+00:00,0,0.29583333333333339,1.0164554725865282,False
2020-02-02 12:00:00+00:00,0,0.28333333333333338,0.97719499445363467,False
2020-02-02 13:00:00+00:00,0,0.27083333333333343,1.010440109937633,False
2020-02-02 14:00:00+00:00,0,0.25000000000000006,0.9747130642504378,False
2020-02-02 15:00:00+00:00,0,0.18333333333333338,1.0183690070162164,False
2020-02-02 16:00:00+00:00,0,0.12083333333333339,1,False
2020-02-02 17:00:00+00:00,0,0.10000000000000005,0.99999999999999978,False
2020-02-02 18:00:00+00:00,0,0.091666666666666716,1.0000000000000002,False
2020-02-02 19:00:00+00:00,0,0.091666666666666716,1.0000000000000002,False
2020-02-02 20:00:00+00:00,0,0.091666666666666716,1.0000000000000002,False
2020-02-02 21:00:00+00:00,0,0.091666666666666716,1.0000000000000002,False
2020-02-02 22:00:00+00:00,0,0.087500000000000064,1.0000000000000002,False
2020-02-02 23:00:00+00:00,0,0.079166666666666718,1.000000000000002,False
2020-02-03 00:00:00+00:00,0,0.075000000000000053,0.99999999999999978,False
2020-02-03 01:00:00+00:00,0,0.070833333333333387,0.99999999999999944,False
2020-02-03 02:00:00+00:00,0,0.062500000000000042,0.99999999999999989,False
2020-02-03 03:00:00+00:00,0,0.058333333333333383,2083333.5213866443,False
2020-02-03 04:00:00+00:00,0,0.054166666666666717,0.99999999003498052,False
2020-02-03 05:00:00+00:00,0,0.050000000000000044,1.0000000023322377,False
2020-02-03 06:00:00+00:00,0,0.033333333333333381,0.99999999664620354,False
2020-02-03 07:00:00+00:00,0,0.029166666666666716,4861109.2881714292,False
2020-02-03 08:00:00+00:00,0,0.016666666666666715,0.99999998945673818,False
2020-02-03 09:00:00+00:00,0,0,1,False
2020-02-03 10:00:00+00:00,0,0,1,False
2020-02-03 11:00:00+00:00,0,0,1,False
2020-02-03 12:00:00+00:00,0,0,1,False
2020-02-03 13:00:00+00:00,0,0,1,False
2020-02-03 14:00:00+00:00,0,0,1,False
2020-02-03 15:00:00+00:00,0,0,1,False
2020-02-03 16:00:00+00:00,0.29999999999999999,0.012500000000000046,1.2186512098074695,False
2020-02-03 17:00:00+00:00,0.80000000000000004,0.045833333333333386,1.0648711789528549,False
2020-02-03 18:00:00+00:00,0.90000000000000002,0.083333333333333384,1.0528869960080713,False
2020-02-03 19:00:00+00:00,0.59999999999999998,0.10833333333333339,1.0367585545842888,False
2020-02-03 20:00:00+00:00,0.59999999999999998,0.13333333333333339,1.020587779869228,False
2020-02-03 21:00:00+00:00,0.69999999999999996,0.16250000000000006,0.99160498222137639,False
2020-02-03 22:00:00+00:00,0.59999999999999998,0.18750000000000003,1.0205930781418766,False
2020-02-03 23:00:00+00:00,0.20000000000000001,0.19583333333333339,1.1647015923553146,False
2020-02-04 00:00:00+00:00,0.10000000000000001,0.20000000000000004,1.1339592994651824,False
2020-02-04 01:00:00+00:00,0.10000000000000001,0.20416666666666672,1.11910208735684,False
2020-02-04 02:00:00+00:00,0,0.20416666666666672,1.0022012578317319,False
2020-02-04 03:00:00+00:00,0,0.20416666666666672,1.0022012578317319,False
2020-02-04 04:00:00+00:00,0,0.20416666666666672,1.0022012578317319,False
2020-02-04 05:00:00+00:00,0.10000000000000001,0.20833333333333337,1.0963694337597429,False
2020-02-04 06:00:00+00:00,0,0.20833333333333337,0.99999999999999933,False
2020-02-04 07:00:00+00:00,0,0.20833333333333337,0.99999999999999933,False
2020-02-04 08:00:00+00:00,0,0.20833333333333337,0.99999999999999933,False
2020-02-04 09:00:00+00:00,0,0.20833333333333337,0.99999999999999933,False
2020-02-04 10:00:00+00:00,0,0.20833333333333337,0.99999999999999933,False
2020-02-04 11:00:00+00:00,0,0.20833333333333337,0.99999999999999933,False
2020-02-04 12:00:00+00:00,0,0.20833333333333337,0.99999999999999933,False
2020-02-04 13:00:00+00:00,0,0.20833333333333337,0.99999999999999933,False
2020-02-04 14:00:00+00:00,0,0.20833333333333337,0.99999999999999933,False
2020-02-04 15:00:00+00:00,0,0.20833333333333337,0.99999999999999933,False
2020-02-04 16:00:00+00:00,0,0.19583333333333339,1.2666463582935834,False
2020-02-04 17:00:00+00:00,0,0.16250000000000006,1.1071932792576029,False
2020-02-04 18:00:00+00:00,0,0.12500000000000006,1.0000000000000007,False
2020-02-04 19:00:00+00:00,0,0.10000000000000005,0.99999999999999978,False
2020-02-04 20:00:00+00:00,0,0.075000000000000039,1.0000000000000007,False
2020-02-04 21:00:00+00:00,0,0.045833333333333372,0.99999999841947429,False
2020-02-04 22:00:00+00:00,0,0.020833333333333381,0.99999999791833427,False
2020-02-04 23:00:00+00:00,0,0.012500000000000048,0.99999998257085188,False
2020-02-05 00:00:00+00:00,0,0.0083333333333333801,1.0000000561279365,False
2020-02-05 01:00:00+00:00,0,0.0041666666666667134,1.0000000281603423,False
2020-02-05 02:00:00+00:00,0,0.0041666666666667134,1.0000000281603423,False
2020-02-05 03:00:00+00:00,0,0.0041666666666667134,1.0000000281603423,False
2020-02-05 04:00:00+00:00,0,0.0041666666666667134,1.0000000281603423,False
2020-02-05 05:00:00+00:00,0.10000000000000001,0.0041666666666667134,0.99689542488043059,False
2020-02-05 06:00:00+00:00,0.10000000000000001,0.0083333333333333801,1.0069306929704926,False
2020-02-05 07:00:00+00:00,0.10000000000000001,0.012500000000000048,0.9362009811643206,False
2020-02-05 08:00:00+00:00,0.20000000000000001,0.020833333333333381,1.0504829917165521,False
2020-02-05 09:00:00+00:00,0.20000000000000001,0.029166666666666716,0.96134223543232367,False
2020-02-05 10:00:00+00:00,0.20000000000000001,0.037500000000000047,0.9207055852884487,False
2020-02-05 11:00:00+00:00,0.20000000000000001,0.045833333333333386,1.0038370172723121,False
2020-02-05 12:00:00+00:00,0.20000000000000001,0.054166666666666717,1.0131261120971649,False
2020-02-05 13:00:00+00:00,0.40000000000000002,0.070833333333333373,1.0443844628382934,False
2020-02-05 14:00:00+00:00,0.29999999999999999,0.083333333333333384,1.0060151520067966,False
2020-02-05 15:00:00+00:00,0.29999999999999999,0.095833333333333381,1.0208025568371371,False
2020-02-05 16:00:00+00:00,0.5,0.11666666666666671,0.98141657971524432,False
2020-02-05 17:00:00+00:00,0.20000000000000001,0.12500000000000006,0.99003012842295446,False
2020-02-05 18:00:00+00:00,0.10000000000000001,0.12916666666666671,1.0087748076539529,False
2020-02-05 19:00:00+00:00,0.10000000000000001,0.13333333333333339,0.9935503242036049,False
2020-02-05 20:00:00+00:00,0,0.13333333333333339,0.99999999999999989,False
2020-02-05 21:00:00+00:00,0,0.13333333333333339,0.99999999999999989,False
2020-02-05 22:00:00+00:00,0,0.13333333333333339,0.99999999999999989,False
2020-02-05 23:00:00+00:00,0,0.13333333333333339,0.99999999999999989,False
2020-02-06 00:00:00+00:00,0,0.13333333333333339,0.99999999999999989,False
2020-02-06 01:00:00+00:00,0.10000000000000001,0.13750000000000004,1.0394446772920116,False
2020-02-06 02:00:00+00:00,0.10000000000000001,0.14166666666666672,1.0136057121124304,False
2020-02-06 03:00:00+00:00,0,0.14166666666666672,1.0000000000000011,False
2020-02-06 04:00:00+00:00,0.10000000000000001,0.1458333333333334,0.98101799862569217,False
2020-02-06 05:00:00+00:00,0.20000000000000001,0.15000000000000005,1.0042115042035529,False
2020-02-06 06:00:00+00:00,0.29999999999999999,0.15833333333333338,1.0060181348135289,False
2020-02-06 07:00:00+00:00,0.20000000000000001,0.16250000000000006,1.0253838062438978,False
2020-02-06 08:00:00+00:00,0.10000000000000001,0.15833333333333338,0.9765578398154765,False
2020-02-06 09:00:00+00:00,0.10000000000000001,0.1541666666666667,1.0220034494346948,False
2020-02-06 10:00:00+00:00,0.10000000000000001,0.15000000000000005,0.98066455170874689,False
2020-02-06 11:00:00+00:00,0,0.14166666666666672,1.0000000000000011,False
2020-02-06 12:00:00+00:00,0,0.13333333333333339,0.99999999999999989,False
2020-02-06 13:00:00+00:00,0,0.11666666666666671,1.0000000000000002,False
2020-02-06 14:00:00+00:00,0,0.10416666666666673,1.0000000000000027,False
2020-02-06 15:00:00+00:00,0,0.091666666666666716,1.0000000000000002,False
2020-02-06 16:00:00+00:00,0,0.070833333333333387,0.99999999999999944,False
2020-02-06 17:00:00+00:00,0,0.062500000000000056,0.99999999999999978,False
2020-02-06 18:00:00+00:00,0,0.058333333333333383,2083333.5213866443,False
2020-02-06 19:00:00+00:00,0,0.054166666666666717,0.99999999003498052,False
2020-02-06 20:00:00+00:00,0,0.054166666666666717,0.99999999003498052,False
2020-02-06 21:00:00+00:00,0,0.054166666666666717,0.99999999003498052,False
2020-02-06 22:00:00+00:00,0,0.054166666666666717,0.99999999003498052,False
2020-02-06 23:00:00+00:00,0,0.054166666666666717,0.99999999003498052,False
2020-02-07 00:00:00+00:00,0,0.054166666666666717,0.99999999003498052,False
2020-02-07 01:00:00+00:00,0,0.050000000000000051,1.0000000011564818,False
2020-02-07 02:00:00+00:00,0,0.045833333333333386,0.99999999323458022,False
2020-02-07 03:00:00+00:00,0,0.045833333333333386,0.99999999323458022,False
2020-02-07 04:00:00+00:00,0,0.04166666666666672,12499996.54192275,True
2020-02-07 05:00:00+00:00,0,0.033333333333333381,0.99999999664620354,False
2020-02-07 06:00:00+00:00,0,0.020833333333333381,0.99999999791833427,False
2020-02-07 07:00:00+00:00,0,0.012500000000000048,0.99999998257085188,False
2020-02-07 08:00:00+00:00,0,0.0083333333333333801,1.0000000561279365,False
2020-02-07 09:00:00+00:00,0,0.0041666666666667134,1.0000000281603423,False
2020-02-07 10:00:00+00:00,0,0,1,False
2020-02-07 11:00:00+00:00,0,0,1,False
2020-02-07 12:00:00+00:00,0,0,1,False
2020-02-07 13:00:00+00:00,0,0,1,False
2020-02-07 14:00:00+00:00,0,0,1,False
2020-02-07 15:00:00+00:00,0,0,1,False
2020-02-07 16:00:00+00:00,0,0,1,False
2020-02-07 17:00:00+00:00,0,0,1,False
2020-02-07 18:00:00+00:00,0,0,1,False
2020-02-07 19:00:00+00:00,0,0,1,False
2020-02-07 20:00:00+00:00,0,0,1,False
2020-02-07 21:00:00+00:00,0,0,1,False
2020-02-07 22:00:00+00:00,0,0,1,False
2020-02-07 23:00:00+00:00,0,0,1,False
2020-02-08 00:00:00+00:00,0,0,1,False
2020-02-08 01:00:00+00:00,0,0,1,False
2020-02-08 02:00:00+00:00,0,0,1,False
2020-02-08 03:00:00+00:00,0,0,1,False
2020-02-08 04:00:00+00:00,0,0,1,False
2020-02-08 05:00:00+00:00,0,0,1,False
2020-02-08 06:00:00+00:00,0,0,1,False
2020-02-08 07:00:00+00:00,0,0,1,False
2020-02-08 08:00:00+00:00,0,0,1,False
2020-02-08 09:00:00+00:00,0,0,1,False
2020-02-08 10:00:00+00:00,0,0,1,False
2020-02-08 11:00:00+00:00,0,0,1,False
2020-02-08 12:00:00+00:00,0,0,1,False
2020-02-08 13:00:00+00:00,0.59999999999999998,0.025000000000000046,1.0555863524905857,False
2020-02-08 14:00:00+00:00,0.40000000000000002,0.041666666666666713,1.1051894374617013,False
2020-02-08 15:00:00+00:00,0.5,0.062500000000000042,1.0766866689030974,False
2020-02-08 16:00:00+00:00,0.59999999999999998,0.087500000000000036,1.0303013079604191,False
2020-02-08 17:00:00+00:00,0.29999999999999999,0.10000000000000005,1.0181829005528573,False
2020-02-08 18:00:00+00:00,0,0.10000000000000005,0.99999999999999978,False
2020-02-08 19:00:00+00:00,0,0.10000000000000005,0.99999999999999978,False
2020-02-08 20:00:00+00:00,0,0.10000000000000005,0.99999999999999978,False
2020-02-08 21:00:00+00:00,0,0.10000000000000005,0.99999999999999978,False
2020-02-08 22:00:00+00:00,0,0.10000000000000005,0.99999999999999978,False
2020-02-08 23:00:00+00:00,0,0.10000000000000005,0.99999999999999978,False
2020-02-09 00:00:00+00:00,0,0.10000000000000005,0.99999999999999978,False
2020-02-09 01:00:00+00:00,0,0.10000000000000005,0.99999999999999978,False
2020-02-09 02:00:00+00:00,0,0.10000000000000005,0.99999999999999978,False
2020-02-09 03:00:00+00:00,0,0.10000000000000005,0.99999999999999978,False
2020-02-09 04:00:00+00:00,0.10000000000000001,0.1041666666666667,1.0817365476010461,False
2020-02-09 05:00:00+00:00,0.5,0.12500000000000003,0.96674106932611836,False
2020-02-09 06:00:00+00:00,0.59999999999999998,0.15000000000000005,1.0106144423928416,False
2020-02-09 07:00:00+00:00,0.69999999999999996,0.1791666666666667,0.98798432253097601,False
2020-02-09 08:00:00+00:00,1.1000000000000001,0.22500000000000006,1.0310975993049272,False
2020-02-09 09:00:00+00:00,0.80000000000000004,0.25833333333333336,1.0039227884634812,False
2020-02-09 10:00:00+00:00,0.80000000000000004,0.29166666666666674,1.0034774942033551,False
2020-02-09 11:00:00+00:00,1,0.33333333333333343,0.9911149145685465,False
2020-02-09 12:00:00+00:00,0.90000000000000002,0.3708333333333334,1.0008062812213396,False
2020-02-09 13:00:00+00:00,1.2,0.39583333333333343,1.0346032107867003,False
2020-02-09 14:00:00+00:00,1.2,0.4291666666666667,1.0382436341333185,False
2020-02-09 15:00:00+00:00,0.90000000000000002,0.44583333333333336,1.0051865995618769,False
2020-02-09 16:00:00+00:00,1.3999999999999999,0.47916666666666674,1.0124200324575521,False
2020-02-09 17:00:00+00:00,1.5,0.52916666666666667,1.0045726589832398,False
2020-02-09 18:00:00+00:00,0.90000000000000002,0.56666666666666676,1.0229293265582389,False
2020-02-09 19:00:00+00:00,0.40000000000000002,0.58333333333333337,1.0157225332613633,False
2020-02-09 20:00:00+00:00,0.29999999999999999,0.59583333333333333,1.0025953937268659,False
2020-02-09 21:00:00+00:00,0.29999999999999999,0.60833333333333339,1.0013168347812382,False
2020-02-09 22:00:00+00:00,0.5,0.62916666666666676,1.0022004032740666,False
2020-02-09 23:00:00+00:00,0.29999999999999999,0.64166666666666672,0.99900373559115541,False
2020-02-10 00:00:00+00:00,1,0.68333333333333346,0.99416463883403849,False
2020-02-10 01:00:00+00:00,1.7,0.75416666666666676,1.0408106841917379,False
2020-02-10 02:00:00+00:00,1.7,0.82500000000000007,1.0828721140735211,False
2020-02-10 03:00:00+00:00,0.90000000000000002,0.86249999999999993,1.0139170821557983,False
2020-02-10 04:00:00+00:00,0.59999999999999998,0.88333333333333341,1.1266319091623427,False
2020-02-10 05:00:00+00:00,0.69999999999999996,0.89166666666666672,1.1440913381118638,False
2020-02-10 06:00:00+00:00,0.80000000000000004,0.90000000000000002,1.0445796769091675,False
2020-02-10 07:00:00+00:00,0.80000000000000004,0.90416666666666679,1.0453040249206,False
2020-02-10 08:00:00+00:00,0.90000000000000002,0.89583333333333337,1.0281155421613208,False
2020-02-10 09:00:00+00:00,2.8999999999999999,0.98333333333333339,1.0797572735360061,False
2020-02-10 10:00:00+00:00,1.3999999999999999,1.0083333333333335,1.1394992895137916,False
2020-02-10 11:00:00+00:00,0.10000000000000001,0.97083333333333355,1.0676621743237762,False
2020-02-10 12:00:00+00:00,0.29999999999999999,0.9458333333333333,1.1811581443397967,False
2020-02-10 13:00:00+00:00,0.69999999999999996,0.92500000000000016,1.1337089376548455,False
2020-02-10 14:00:00+00:00,0.69999999999999996,0.90416666666666679,1.1514244775283702,False
2020-02-10 15:00:00+00:00,1.3999999999999999,0.92499999999999993,1.071436106971327,False
2020-02-10 16:00:00+00:00,1,0.90833333333333333,1.0394233571890974,False
2020-02-10 17:00:00+00:00,0.59999999999999998,0.87083333333333346,1.1110651799545843,False
2020-02-10 18:00:00+00:00,0.29999999999999999,0.84583333333333333,1.0327440997280961,False
2020-02-10 19:00:00+00:00,0.29999999999999999,0.84166666666666667,1.0260619257111021,False
2020-02-10 20:00:00+00:00,0.20000000000000001,0.83750000000000002,1.0204859766946621,False
2020-02-10 21:00:00+00:00,0.5,0.84583333333333333,1.0663871078092506,False
2020-02-10 22:00:00+00:00,0.29999999999999999,0.83749999999999991,1.0210781018152448,False
2020-02-10 23:00:00+00:00,0.29999999999999999,0.83750000000000002,1.0210781018152451,False
2020-02-11 00:00:00+00:00,0.80000000000000004,0.82916666666666672,1.0181874752799387,False
2020-02-11 01:00:00+00:00,1.1000000000000001,0.80416666666666681,1.0158857331859363,False
2020-02-11 02:00:00+00:00,0.59999999999999998,0.7583333333333333,0.99409137598032338,False
2020-02-11 03:00:00+00:00,0.29999999999999999,0.73333333333333339,0.98281064103146087,False
2020-02-11 04:00:00+00:00,0.20000000000000001,0.71666666666666667,0.99973940433732322,False
2020-02-11 05:00:00+00:00,0.10000000000000001,0.69166666666666676,0.99654590328704196,False
2020-02-11 06:00:00+00:00,0,0.65833333333333344,1.0773563092563996,False
2020-02-11 07:00:00+00:00,0,0.62500000000000011,0.95639650166619039,False
2020-02-11 08:00:00+00:00,0.10000000000000001,0.59166666666666667,1.0164141869433705,False
2020-02-11 09:00:00+00:00,0,0.47083333333333338,1.0231275141822431,False
2020-02-11 10:00:00+00:00,0,0.41250000000000009,0.95972842509295975,False
2020-02-11 11:00:00+00:00,0.10000000000000001,0.41250000000000009,1.0566714016122425,False
2020-02-11 12:00:00+00:00,0.10000000000000001,0.40416666666666673,1.0353000353341384,False
2020-02-11 13:00:00+00:00,0.29999999999999999,0.38750000000000012,1.079072469248604,False
2020-02-11 14:00:00+00:00,1,0.40000000000000008,1.0070538847901569,False
2020-02-11 15:00:00+00:00,0.10000000000000001,0.34583333333333344,0.99209667394972167,False
2020-02-11 16:00:00+00:00,0.40000000000000002,0.32083333333333336,1.0324148986058681,False
2020-02-11 17:00:00+00:00,0.80000000000000004,0.32916666666666677,1.0110801650242578,False
2020-02-11 18:00:00+00:00,1.3,0.3708333333333334,1.0114168986475529,False
2020-02-11 19:00:00+00:00,0.90000000000000002,0.39583333333333343,1.0045028396675786,False
2020-02-11 20:00:00+00:00,1.3,0.44166666666666671,1.0328665436658344,False
2020-02-11 21:00:00+00:00,0.5,0.44166666666666671,1.0085790966061985,False
2020-02-11 22:00:00+00:00,0.29999999999999999,0.44166666666666682,1.0524188197863011,False
2020-02-11 23:00:00+00:00,0.20000000000000001,0.43750000000000006,1.009055780821313,False
2020-02-12 00:00:00+00:00,0.5,0.42500000000000004,1.0039844107962708,False
2020-02-12 01:00:00+00:00,1.1000000000000001,0.42500000000000004,1.0337128425795772,False
2020-02-12 02:00:00+00:00,0.40000000000000002,0.41666666666666674,1.0037098518752474,False
2020-02-12 03:00:00+00:00,0.10000000000000001,0.40833333333333338,1.0431614854023035,False
2020-02-12 04:00:00+00:00,0,0.40000000000000008,1.027195115344306,False
2020-02-12 05:00:00+00:00,0,0.39583333333333343,1.0352873651302648,False
2020-02-12 06:00:00+00:00,0,0.39583333333333343,1.0352873651302648,False
2020-02-12 07:00:00+00:00,0.10000000000000001,0.40000000000000008,1.0264888604855331,False
2020-02-12 08:00:00+00:00,0.10000000000000001,0.40000000000000013,1.0264888604855336,False
2020-02-12 09:00:00+00:00,0.10000000000000001,0.40416666666666679,1.0353000353341386,False
2020-02-12 10:00:00+00:00,0.40000000000000002,0.42083333333333345,1.0032544584770196,False
2020-02-12 11:00:00+00:00,0.20000000000000001,0.42500000000000004,1.006509127775606,False
2020-02-12 12:00:00+00:00,0.40000000000000002,0.43750000000000006,1.0044787862999212,False
2020-02-12 13:00:00+00:00,0.10000000000000001,0.42916666666666675,1.1001468887970598,False
2020-02-12 14:00:00+00:00,0.10000000000000001,0.39166666666666666,0.99103838471943972,False
2020-02-12 15:00:00+00:00,0.10000000000000001,0.39166666666666677,0.99215085082018817,False
2020-02-12 16:00:00+00:00,0.10000000000000001,0.37916666666666682,0.98618288805059662,False
2020-02-12 17:00:00+00:00,0,0.34583333333333344,0.99067701512616702,False
2020-02-12 18:00:00+00:00,0.20000000000000001,0.30000000000000004,1.0275386620080742,False
2020-02-12 19:00:00+00:00,0.10000000000000001,0.26666666666666677,0.98389310510999906,False
2020-02-12 20:00:00+00:00,0.29999999999999999,0.22500000000000006,1.0604706055120812,False
2020-02-12 21:00:00+00:00,0.20000000000000001,0.21250000000000011,1.0767865197574429,False
2020-02-12 22:00:00+00:00,0.20000000000000001,0.2083333333333334,1.1256679848813234,False
2020-02-12 23:00:00+00:00,0.20000000000000001,0.2083333333333334,1.1256679848813234,False
2020-02-13 00:00:00+00:00,0.20000000000000001,0.19583333333333341,1.1559608654254119,False
2020-02-13 01:00:00+00:00,0.20000000000000001,0.15833333333333341,1.0159995817002505,False
2020-02-13 02:00:00+00:00,0.10000000000000001,0.1458333333333334,0.98101799862569217,False
2020-02-13 03:00:00+00:00,0,0.14166666666666675,1.0000000000000002,False
2020-02-13 04:00:00+00:00,0,0.14166666666666675,1.0000000000000002,False
2020-02-13 05:00:00+00:00,0,0.14166666666666675,1.0000000000000002,False
2020-02-13 06:00:00+00:00,0,0.14166666666666675,1.0000000000000002,False
2020-02-13 07:00:00+00:00,0,0.13750000000000007,1.0000000000000009,False
2020-02-13 08:00:00+00:00,0,0.13333333333333339,0.99999999999999989,False
2020-02-13 09:00:00+00:00,0,0.12916666666666674,0.999999999999999,False
2020-02-13 10:00:00+00:00,0,0.11250000000000006,0.99999999999999956,False
2020-02-13 11:00:00+00:00,0,0.10416666666666674,1.0000000000000013,False
2020-02-13 12:00:00+00:00,0,0.087500000000000064,1.0000000000000002,False
2020-02-13 13:00:00+00:00,0,0.083333333333333412,1.0000000000000011,False
2020-02-13 14:00:00+00:00,0,0.079166666666666732,1.0000000000000013,False
2020-02-13 15:00:00+00:00,0,0.075000000000000053,0.99999999999999978,False
2020-02-13 16:00:00+00:00,0,0.070833333333333387,0.99999999999999944,False
2020-02-13 17:00:00+00:00,0,0.070833333333333387,0.99999999999999944,False
2020-02-13 18:00:00+00:00,0.10000000000000001,0.066666666666666721,1.0000000000000011,False
2020-02-13 19:00:00+00:00,0.10000000000000001,0.066666666666666721,1.0000000000000011,False
2020-02-13 20:00:00+00:00,0,0.054166666666666731,1.0000000112371505,False
2020-02-13 21:00:00+00:00,0,0.045833333333333393,1.0000000232067416,False
2020-02-13 22:00:00+00:00,0,0.037500000000000054,1,False
2020-02-13 23:00:00+00:00,0,0.029166666666666719,9722218.2798688896,True
2020-02-14 00:00:00+00:00,0,0.020833333333333388,0.99999999221302183,False
2020-02-14 01:00:00+00:00,0,0.012500000000000058,0.99999999760993863,False
2020-02-14 02:00:00+00:00,0,0.0083333333333333887,1.0000000219731631,False
2020-02-14 03:00:00+00:00,0,0.0083333333333333887,1.0000000219731631,False
2020-02-14 04:00:00+00:00,0.10000000000000001,0.012500000000000058,0.93356209230709852,False
2020-02-14 05:00:00+00:00,0.10000000000000001,0.016666666666666722,1.0648708979317538,False
2020-02-14 06:00:00+00:00,0,0.016666666666666722,0.99999999540298579,False
2020-02-14 07:00:00+00:00,0,0.016666666666666722,0.99999999540298579,False
2020-02-14 08:00:00+00:00,0,0.016666666666666722,0.99999999540298579,False
2020-02-14 09:00:00+00:00,0,0.016666666666666722,0.99999999540298579,False
2020-02-14 10:00:00+00:00,0,0.016666666666666722,0.99999999540298579,False
2020-02-14 11:00:00+00:00,0,0.016666666666666722,0.99999999540298579,False
2020-02-14 12:00:00+00:00,0,0.016666666666666722,0.99999999540298579,False
2020-02-14 13:00:00+00:00,0,0.016666666666666722,0.99999999540298579,False
2020-02-14 14:00:00+00:00,0,0.016666666666666722,0.99999999540298579,False
2020-02-14 15:00:00+00:00,0,0.016666666666666722,0.99999999540298579,False
2020-02-14 16:00:00+00:00,0,0.016666666666666722,0.99999999540298579,False
2020-02-14 17:00:00+00:00,0,0.016666666666666722,0.99999999540298579,False
2020-02-14 18:00:00+00:00,0,0.012500000000000058,0.99999999760993863,False
2020-02-14 19:00:00+00:00,0.29999999999999999,0.020833333333333388,1.1422922752863438,False
2020-02-14 20:00:00+00:00,0.80000000000000004,0.054166666666666724,1.0547508170517894,False
2020-02-14 21:00:00+00:00,0.80000000000000004,0.087500000000000064,1.0303507251553226,False
2020-02-14 22:00:00+00:00,1.7,0.15833333333333341,1.1294462331198813,False
2020-02-14 23:00:00+00:00,1.6000000000000001,0.22500000000000006,1.1023825794534341,False
2020-02-15 00:00:00+00:00,2.2999999999999998,0.32083333333333336,1.1649108454001289,False
2020-02-15 01:00:00+00:00,1.2,0.37083333333333335,1.0234228709573641,False
2020-02-15 02:00:00+00:00,0.69999999999999996,0.40000000000000008,0.99263425863025434,False
2020-02-15 03:00:00+00:00,0.40000000000000002,0.41666666666666674,1.0037098518752474,False
2020-02-15 04:00:00+00:00,0.40000000000000002,0.4291666666666667,1.0039129344433675,False
2020-02-15 05:00:00+00:00,0.40000000000000002,0.44166666666666671,1.0063458132534271,False
2020-02-15 06:00:00+00:00,0.10000000000000001,0.44583333333333336,1.1600127949745402,False
2020-02-15 07:00:00+00:00,0,0.44583333333333336,1.0306230334343587,False
2020-02-15 08:00:00+00:00,0,0.44583333333333336,1.0306230334343587,False
2020-02-15 09:00:00+00:00,0,0.44583333333333336,1.0306230334343587,False
2020-02-15 10:00:00+00:00,0,0.44583333333333336,1.0306230334343587,False
2020-02-15 11:00:00+00:00,0,0.44583333333333336,1.0306230334343587,False
2020-02-15 12:00:00+00:00,0,0.44583333333333336,1.0306230334343587,False
2020-02-15 13:00:00+00:00,0,0.44583333333333336,1.0306230334343587,False
2020-02-15 14:00:00+00:00,0,0.44583333333333336,1.0306230334343587,False
2020-02-15 15:00:00+00:00,0,0.44583333333333336,1.0306230334343587,False
2020-02-15 16:00:00+00:00,0,0.44583333333333336,1.0306230334343587,False
2020-02-15 17:00:00+00:00,0.20000000000000001,0.45416666666666677,1.0168861556721429,False
2020-02-15 18:00:00+00:00,0.59999999999999998,0.47916666666666674,1.0022347019316669,False
2020-02-15 19:00:00+00:00,1.2,0.51666666666666672,1.0564854771723249,False
2020-02-15 20:00:00+00:00,1,0.52500000000000002,1.032896159837027,False
2020-02-15 21:00:00+00:00,1.2,0.54166666666666674,1.0519367296582207,False
2020-02-15 22:00:00+00:00,1.7,0.54166666666666663,0.99807596661909059,False
2020-02-15 23:00:00+00:00,0.90000000000000002,0.51250000000000007,1.0132104704899563,False
2020-02-16 00:00:00+00:00,1.8999999999999999,0.49583333333333335,1.0342388437533494,False
2020-02-16 01:00:00+00:00,1.7,0.51666666666666672,0.99870473774827706,False
2020-02-16 02:00:00+00:00,2.2999999999999998,0.58333333333333337,1.0884405692751935,False
2020-02-16 03:00:00+00:00,1.7,0.63750000000000007,1.0045665486449864,False
2020-02-16 04:00:00+00:00,1.3,0.67499999999999993,1.0119277719334936,False
2020-02-16 05:00:00+00:00,0.59999999999999998,0.68333333333333324,0.99721261479687284,False
2020-02-16 06:00:00+00:00,0.20000000000000001,0.68750000000000011,1.00693394210285,False
2020-02-16 07:00:00+00:00,0.10000000000000001,0.69166666666666676,0.99654590328704196,False
2020-02-16 08:00:00+00:00,0,0.69166666666666676,1.3268474982276233,False
2020-02-16 09:00:00+00:00,0.5,0.71250000000000002,0.98230702222080124,False
2020-02-16 10:00:00+00:00,1.7,0.78333333333333333,1.0513628572898608,False
2020-02-16 11:00:00+00:00,1,0.82500000000000007,1.0016733768923323,False
2020-02-16 12:00:00+00:00,1.7,0.89583333333333348,1.1208604683626107,False
2020-02-16 13:00:00+00:00,2.3999999999999999,0.99583333333333346,1.1080374756264531,False
2020-02-16 14:00:00+00:00,1.2,1.0458333333333334,1.1865037928159226,False
2020-02-16 15:00:00+00:00,1.3999999999999999,1.1041666666666667,1.2254986271383776,False
2020-02-16 16:00:00+00:00,0.59999999999999998,1.1291666666666667,1.0317954813791894,False
2020-02-16 17:00:00+00:00,0.40000000000000002,1.1375,1.012860811330806,False
2020-02-16 18:00:00+00:00,0.29999999999999999,1.125,1.0207043761042709,False
2020-02-16 19:00:00+00:00,0.20000000000000001,1.0833333333333335,1.0220374681958597,False
2020-02-16 20:00:00+00:00,0.20000000000000001,1.05,1.0434531363558031,False
2020-02-16 21:00:00+00:00,0.10000000000000001,1.0041666666666667,1.039590485776972,False
2020-02-16 22:00:00+00:00,0.29999999999999999,0.9458333333333333,1.1811581443397967,False
2020-02-16 23:00:00+00:00,0.5,0.9291666666666667,1.1855754987661631,False
2020-02-17 00:00:00+00:00,0.29999999999999999,0.86249999999999993,1.0573003502842053,False
2020-02-17 01:00:00+00:00,0.5,0.8125,1.0192082014661079,False
2020-02-17 02:00:00+00:00,1.8,0.79166666666666685,1.0601307824158586,False
2020-02-17 03:00:00+00:00,2.7999999999999998,0.83750000000000002,1.0648663892989731,False
2020-02-17 04:00:00+00:00,2.7999999999999998,0.90000000000000002,1.0633491234549519,False
2020-02-17 05:00:00+00:00,3.5,1.0208333333333333,1.1587394886173294,False
2020-02-17 06:00:00+00:00,1.8999999999999999,1.0916666666666668,1.286114346341479,False
2020-02-17 07:00:00+00:00,2,1.1708333333333334,1.2700644471074853,False
2020-02-17 08:00:00+00:00,2.1000000000000001,1.2583333333333333,1.2556042475384328,False
2020-02-17 09:00:00+00:00,0.80000000000000004,1.2708333333333333,1.062069423283337,False
2020-02-17 10:00:00+00:00,0.90000000000000002,1.2375,1.0910850156373511,False
2020-02-17 11:00:00+00:00,1.1000000000000001,1.2416666666666667,1.2292093466789378,False
2020-02-17 12:00:00+00:00,3.7999999999999998,1.3291666666666668,1.2926036398268177,False
2020-02-17 13:00:00+00:00,2.6000000000000001,1.3375000000000001,1.2134315194814542,False
2020-02-17 14:00:00+00:00,1.6000000000000001,1.3541666666666667,1.3499877975051511,False
2020-02-17 15:00:00+00:00,2.2999999999999998,1.3916666666666666,1.3013653477784428,False
2020-02-17 16:00:00+00:00,5.5,1.5958333333333332,2.1842828667088772,False
2020-02-17 17:00:00+00:00,3.5,1.7250000000000003,1.3281754755093369,False
2020-02-17 18:00:00+00:00,1.8,1.7874999999999999,1.4168450989877985,False
2020-02-17 19:00:00+00:00,1.7,1.8500000000000003,1.4094118164195442,False
2020-02-17 20:00:00+00:00,0.69999999999999996,1.8708333333333333,1.116136084745053,False
2020-02-17 21:00:00+00:00,0.5,1.8875,1.1232181820856872,False
2020-02-17 22:00:00+00:00,0.90000000000000002,1.9124999999999999,1.1520511030389786,False
2020-02-17 23:00:00+00:00,0.59999999999999998,1.9166666666666667,1.1285233825182961,False
2020-02-18 00:00:00+00:00,1.2,1.9541666666666668,1.1709121461179628,False
2020-02-18 01:00:00+00:00,0.29999999999999999,1.9458333333333335,1.2926411841127914,False
2020-02-18 02:00:00+00:00,0.29999999999999999,1.8833333333333331,1.2671439026828746,False
2020-02-18 03:00:00+00:00,0.40000000000000002,1.7833333333333334,1.1720224579385599,False
2020-02-18 04:00:00+00:00,0.40000000000000002,1.6833333333333333,1.1608256369028418,False
2020-02-18 05:00:00+00:00,0.59999999999999998,1.5625000000000002,1.0858629928339241,False
2020-02-18 06:00:00+00:00,0.59999999999999998,1.5083333333333331,1.0906188527432865,False
2020-02-18 07:00:00+00:00,0.69999999999999996,1.4541666666666666,1.0760052327125713,False
2020-02-18 08:00:00+00:00,1.1000000000000001,1.4124999999999999,1.1820743923244639,False
2020-02-18 09:00:00+00:00,1.2,1.4291666666666665,1.2203128043478226,False
2020-02-18 10:00:00+00:00,0.69999999999999996,1.4208333333333334,1.0746875759586609,False
2020-02-18 11:00:00+00:00,0.5,1.3958333333333333,1.0839166298472211,False
2020-02-18 12:00:00+00:00,0.40000000000000002,1.2541666666666667,1.0275586184228012,False
2020-02-18 13:00:00+00:00,0.59999999999999998,1.1708333333333334,1.0149475424585908,False
2020-02-18 14:00:00+00:00,0.59999999999999998,1.1291666666666667,1.0317954813791894,False
2020-02-18 15:00:00+00:00,0.5,1.0541666666666667,1.0612606663883017,False
2020-02-18 16:00:00+00:00,0.29999999999999999,0.83750000000000024,1.0210781018152453,False
2020-02-18 17:00:00+00:00,0.40000000000000002,0.70833333333333337,0.98871757703611418,False
2020-02-18 18:00:00+00:00,0.69999999999999996,0.66249999999999998,1.0334978905283205,False
2020-02-18 19:00:00+00:00,0.5,0.61250000000000004,1.0110625737483074,False
2020-02-18 20:00:00+00:00,0.40000000000000002,0.60000000000000009,1.0131300601003104,False
2020-02-18 21:00:00+00:00,0.5,0.60000000000000009,1.0134330607806488,False
2020-02-18 22:00:00+00:00,0.20000000000000001,0.57083333333333341,1.0365311151207655,False
2020-02-18 23:00:00+00:00,0,0.54583333333333339,1.0617778676437337,False
2020-02-19 00:00:00+00:00,0,0.49583333333333335,1.0031663757826719,False
2020-02-19 01:00:00+00:00,0.10000000000000001,0.4875000000000001,1.2264669880787793,False
2020-02-19 02:00:00+00:00,0.20000000000000001,0.48333333333333339,1.0371856614597113,False
2020-02-19 03:00:00+00:00,0.20000000000000001,0.47500000000000003,1.0239591235497671,False
2020-02-19 04:00:00+00:00,0.10000000000000001,0.46250000000000008,1.2210073810784625,False
2020-02-19 05:00:00+00:00,0,0.43750000000000006,1.0280196875788188,False
2020-02-19 06:00:00+00:00,0,0.41250000000000009,0.95972842509295975,False
2020-02-19 07:00:00+00:00,0,0.38333333333333347,1.1024751310520433,False
2020-02-19 08:00:00+00:00,0,0.33750000000000008,0.98535183934406789,False
2020-02-19 09:00:00+00:00,0,0.28750000000000003,0.98350059381796073,False
2020-02-19 10:00:00+00:00,0,0.25833333333333336,0.99787145893923113,False
2020-02-19 11:00:00+00:00,0,0.23750000000000004,1.084272562366561,False
2020-02-19 12:00:00+00:00,0,0.22083333333333341,0.97747198050258721,False
2020-02-19 13:00:00+00:00,0,0.19583333333333339,1.2666463582935834,False
2020-02-19 14:00:00+00:00,0,0.17083333333333339,0.97690445372479817,False
2020-02-19 15:00:00+00:00,0,0.15000000000000008,0.99999999999999867,False
2020-02-19 16:00:00+00:00,0,0.13750000000000009,1.0000000000000011,False
2020-02-19 17:00:00+00:00,0,0.12083333333333342,0.99999999999999978,False
2020-02-19 18:00:00+00:00,0,0.091666666666666743,0.99999999999999933,False
2020-02-19 19:00:00+00:00,0,0.070833333333333415,0.99999999999999944,False
2020-02-19 20:00:00+00:00,0,0.054166666666666752,1.0000000806067932,False
2020-02-19 21:00:00+00:00,0,0.033333333333333409,0.99999999533552264,False
2020-02-19 22:00:00+00:00,0,0.025000000000000078,0.99999999999999967,False
2020-02-19 23:00:00+00:00,0,0.025000000000000078,0.99999999999999967,False
2020-02-20 00:00:00+00:00,0,0.025000000000000078,0.99999999999999967,False
2020-02-20 01:00:00+00:00,0,0.020833333333333409,0.99999999900735326,False
2020-02-20 02:00:00+00:00,0,0.012500000000000075,1.0000000353449836,False
2020-02-20 03:00:00+00:00,0,0.0041666666666667412,0.99999999794965333,False
2020-02-20 04:00:00+00:00,0.20000000000000001,0.0083333333333334078,1.1507520866505871,False
2020-02-20 05:00:00+00:00,0.69999999999999996,0.037500000000000068,1.0374767450378271,False
2020-02-20 06:00:00+00:00,0.59999999999999998,0.062500000000000069,1.0381513686827519,False
2020-02-20 07:00:00+00:00,0.80000000000000004,0.095833333333333395,1.027031268605574,False
2020-02-20 08:00:00+00:00,0.69999999999999996,0.12500000000000008,1.002630074894322,False
2020-02-20 09:00:00+00:00,0.80000000000000004,0.15833333333333341,0.97860342624429852,False
2020-02-20 10:00:00+00:00,1,0.20000000000000007,0.99889996908496337,False
2020-02-20 11:00:00+00:00,0.69999999999999996,0.22916666666666674,0.99654048484521696,False
2020-02-20 12:00:00+00:00,0.59999999999999998,0.25416666666666671,1.0240153656287327,False
2020-02-20 13:00:00+00:00,1.3,0.3083333333333334,1.0140528960298345,False
2020-02-20 14:00:00+00:00,1.1000000000000001,0.35416666666666674,0.99781444293457322,False
2020-02-20 15:00:00+00:00,0.69999999999999996,0.38333333333333336,0.99165270628353563,False
2020-02-20 16:00:00+00:00,1.1000000000000001,0.42916666666666675,1.0364008378241438,False
2020-02-20 17:00:00+00:00,1.5,0.49166666666666675,1.0031928792695386,False
2020-02-20 18:00:00+00:00,1.3999999999999999,0.55000000000000004,1.0100422239649001,False
2020-02-20 19:00:00+00:00,0.69999999999999996,0.57916666666666672,1.0256445120184694,False
2020-02-20 20:00:00+00:00,0.20000000000000001,0.58750000000000002,1.0244329329834778,False
2020-02-20 21:00:00+00:00,0.20000000000000001,0.59583333333333344,1.0239807573722532,False
2020-02-20 22:00:00+00:00,0.29999999999999999,0.60833333333333339,1.0013168347812382,False
2020-02-20 23:00:00+00:00,0.59999999999999998,0.63333333333333341,1.0133986250094711,False
2020-02-21 00:00:00+00:00,0.59999999999999998,0.65833333333333344,1.0058939497503803,False
2020-02-21 01:00:00+00:00,0.5,0.6791666666666667,0.99066922994600215,False
2020-02-21 02:00:00+00:00,0.40000000000000002,0.69583333333333341,0.99302886166708448,False
2020-02-21 03:00:00+00:00,0.80000000000000004,0.72916666666666663,0.9866036967701336,False
2020-02-21 04:00:00+00:00,0.69999999999999996,0.75000000000000011,1.0228375291572858,False
2020-02-21 05:00:00+00:00,1,0.76250000000000018,0.98358358522226541,False
2020-02-21 06:00:00+00:00,1.3,0.79166666666666663,1.0236185788356349,False
2020-02-21 07:00:00+00:00,0.90000000000000002,0.79583333333333339,0.98111977203992673,False
2020-02-21 08:00:00+00:00,0.59999999999999998,0.79166666666666663,1.0173568334592384,False
2020-02-21 09:00:00+00:00,0.10000000000000001,0.76250000000000007,1.0123146530439988,False
2020-02-21 10:00:00+00:00,0.59999999999999998,0.74583333333333346,0.98679731726618958,False
2020-02-21 11:00:00+00:00,0.5,0.73750000000000016,0.98184188905510084,False
2020-02-21 12:00:00+00:00,0.59999999999999998,0.73749999999999993,0.98553260184177349,False
2020-02-21 13:00:00+00:00,1.8999999999999999,0.76250000000000018,1.0566513579411392,False
2020-02-21 14:00:00+00:00,3.2000000000000002,0.85000000000000009,1.1100068494553161,False
2020-02-21 15:00:00+00:00,4,0.98750000000000016,1.3262687105552076,False
2020-02-21 16:00:00+00:00,4.4000000000000004,1.125,1.4925811428844524,False
2020-02-21 17:00:00+00:00,1.6000000000000001,1.1291666666666667,1.2508162322037504,False
2020-02-21 18:00:00+00:00,0.59999999999999998,1.0958333333333334,1.0490999291438252,False
2020-02-21 19:00:00+00:00,0.20000000000000001,1.0750000000000002,1.0212959297165869,False
2020-02-21 20:00:00+00:00,0.80000000000000004,1.1000000000000001,1.0656738165282456,False
2020-02-21 21:00:00+00:00,0.59999999999999998,1.1166666666666667,1.0466167805481954,False
2020-02-21 22:00:00+00:00,2.2000000000000002,1.1958333333333335,1.2336476459470533,False
2020-02-21 23:00:00+00:00,3.1000000000000001,1.3,1.1454100583870555,False
2020-02-22 00:00:00+00:00,3.3999999999999999,1.4166666666666667,1.1956050084064105,False
2020-02-22 01:00:00+00:00,0.5,1.4166666666666667,1.0835123748854454,False
2020-02-22 02:00:00+00:00,1,1.4416666666666667,1.1192609644137888,False
2020-02-22 03:00:00+00:00,1.5,1.4708333333333332,1.3447014358996612,False
2020-02-22 04:00:00+00:00,2.7999999999999998,1.5583333333333336,1.2849819665381412,False
2020-02-22 05:00:00+00:00,2.6000000000000001,1.625,1.3066936313448956,False
2020-02-22 06:00:00+00:00,3.8999999999999999,1.7333333333333336,1.3928761538953736,False
2020-02-22 07:00:00+00:00,4.7000000000000002,1.8916666666666666,1.7495058384524165,False
2020-02-22 08:00:00+00:00,3.5,2.0124999999999997,1.4707059411130454,False
2020-02-22 09:00:00+00:00,0.69999999999999996,2.0375000000000001,1.1385475093677349,False
2020-02-22 10:00:00+00:00,0.90000000000000002,2.0500000000000003,1.1402148425618366,False
2020-02-22 11:00:00+00:00,1,2.0708333333333333,1.1788547706777031,False
2020-02-22 12:00:00+00:00,1.1000000000000001,2.0916666666666668,1.185670148026559,False
2020-02-22 13:00:00+00:00,0.59999999999999998,2.0375000000000001,1.1610690501607044,False
2020-02-22 14:00:00+00:00,0.69999999999999996,1.9333333333333333,1.1284579394289198,False
2020-02-22 15:00:00+00:00,0.80000000000000004,1.8,1.085518237328182,False
2020-02-22 16:00:00+00:00,1.2,1.6666666666666667,1.148600038061987,False
2020-02-22 17:00:00+00:00,0.69999999999999996,1.6291666666666667,1.0733666424989781,False
2020-02-22 18:00:00+00:00,0.59999999999999998,1.6291666666666667,1.0794142020708566,False
2020-02-22 19:00:00+00:00,0.90000000000000002,1.6583333333333334,1.1037949871851991,False
2020-02-22 20:00:00+00:00,1.3,1.6791666666666665,1.1952332193260844,False
2020-02-22 21:00:00+00:00,1.5,1.7166666666666668,1.3164368933064092,False
2020-02-22 22:00:00+00:00,1.7,1.6958333333333335,1.407343428883205,False
2020-02-22 23:00:00+00:00,1.6000000000000001,1.6333333333333335,1.4207295709272969,False
2020-02-23 00:00:00+00:00,0.29999999999999999,1.5041666666666667,1.2435085882403316,False
2020-02-23 01:00:00+00:00,0.59999999999999998,1.5083333333333335,1.090618852743287,False
2020-02-23 02:00:00+00:00,0.59999999999999998,1.4916666666666669,1.0864497462401708,False
2020-02-23 03:00:00+00:00,0.20000000000000001,1.4375,1.2778488752618058,False
2020-02-23 04:00:00+00:00,0.20000000000000001,1.3291666666666668,1.1039846607798394,False
2020-02-23 05:00:00+00:00,0.40000000000000002,1.2375,1.0211179560609902,False
2020-02-23 06:00:00+00:00,0.20000000000000001,1.0833333333333333,1.0230065853372421,False
2020-02-23 07:00:00+00:00,0,0.88750000000000007,1.1087609109045788,False
2020-02-23 08:00:00+00:00,0,0.7416666666666667,1.367916102491568,False
2020-02-23 09:00:00+00:00,0,0.71250000000000002,1.4145561594283584,False
2020-02-23 10:00:00+00:00,0,0.67499999999999993,1.2086500873669193,False
2020-02-23 11:00:00+00:00,0,0.63333333333333341,0.99286732188127691,False
2020-02-23 12:00:00+00:00,0,0.58750000000000002,1.0151576038282653,False
2020-02-23 13:00:00+00:00,0,0.56250000000000011,1.0807809589107571,False
2020-02-23 14:00:00+00:00,0,0.53333333333333344,1.0487782533011176,False
2020-02-23 15:00:00+00:00,0,0.50000000000000011,1.0092201342957707,False
2020-02-23 16:00:00+00:00,0,0.45000000000000012,1.0492126925885816,False
2020-02-23 17:00:00+00:00,0,0.42083333333333345,0.97275376660671597,False
2020-02-23 18:00:00+00:00,0,0.39583333333333343,1.0352873651302648,False
2020-02-23 19:00:00+00:00,0,0.35833333333333345,1.0261652999942878,False
2020-02-23 20:00:00+00:00,0,0.30416666666666675,1.0067108513838361,False
2020-02-23 21:00:00+00:00,0,0.24166666666666672,1.0050108322907556,False
2020-02-23 22:00:00+00:00,0,0.17083333333333339,0.97690445372479817,False
2020-02-23 23:00:00+00:00,0.10000000000000001,0.10833333333333341,1.0712092514371545,False
2020-02-24 00:00:00+00:00,0.29999999999999999,0.10833333333333339,0.98003696530835926,False
2020-02-24 01:00:00+00:00,0,0.083333333333333412,1.0000000000000011,False
2020-02-24 02:00:00+00:00,0,0.058333333333333411,1.0000000000000004,False
2020-02-24 03:00:00+00:00,0.59999999999999998,0.075000000000000067,1.028316404958421,False
2020-02-24 04:00:00+00:00,0,0.066666666666666749,1.0000000000000004,False
2020-02-24 05:00:00+00:00,0.20000000000000001,0.058333333333333411,1.0037466689316246,False
2020-02-24 06:00:00+00:00,0.29999999999999999,0.062500000000000069,0.98097486284613189,False
2020-02-24 07:00:00+00:00,0.10000000000000001,0.066666666666666735,1.0000000000000009,False
2020-02-24 08:00:00+00:00,0.10000000000000001,0.070833333333333401,1.0000000000000013,False
2020-02-24 09:00:00+00:00,0,0.070833333333333401,0.99999999999999944,False
2020-02-24 10:00:00+00:00,0.10000000000000001,0.075000000000000067,1.0000000000000004,False
2020-02-24 11:00:00+00:00,0,0.075000000000000067,0.99999999999999956,False
2020-02-24 12:00:00+00:00,0,0.075000000000000067,0.99999999999999956,False
2020-02-24 13:00:00+00:00,0,0.075000000000000067,0.99999999999999956,False
2020-02-24 14:00:00+00:00,0,0.075000000000000067,0.99999999999999956,False
2020-02-24 15:00:00+00:00,0,0.075000000000000067,0.99999999999999956,False
2020-02-24 16:00:00+00:00,0,0.075000000000000067,0.99999999999999956,False
2020-02-24 17:00:00+00:00,0,0.075000000000000067,0.99999999999999956,False
2020-02-24 18:00:00+00:00,0,0.075000000000000067,0.99999999999999956,False
2020-02-24 19:00:00+00:00,0,0.075000000000000067,0.99999999999999956,False
2020-02-24 20:00:00+00:00,0,0.075000000000000067,0.99999999999999956,False
2020-02-24 21:00:00+00:00,0,0.075000000000000067,0.99999999999999956,False
2020-02-24 22:00:00+00:00,0,0.075000000000000067,0.99999999999999956,False
2020-02-24 23:00:00+00:00,0,0.070833333333333401,0.99999999999999944,False
2020-02-25 00:00:00+00:00,0,0.058333333333333404,1.0000000000000013,False
2020-02-25 01:00:00+00:00,0,0.058333333333333404,1.0000000000000013,False
2020-02-25 02:00:00+00:00,0,0.058333333333333404,1.0000000000000013,False
2020-02-25 03:00:00+00:00,0,0.033333333333333409,0.99999999533552264,False
2020-02-25 04:00:00+00:00,0,0.033333333333333409,0.99999999533552264,False
2020-02-25 05:00:00+00:00,0,0.025000000000000078,0.99999999999999967,False
2020-02-25 06:00:00+00:00,0,0.012500000000000075,1.0000000353449836,False
2020-02-25 07:00:00+00:00,0,0.0083333333333334078,0.99999999998554401,False
2020-02-25 08:00:00+00:00,0,0.0041666666666667412,0.99999999794965333,False
2020-02-25 09:00:00+00:00,0,0.0041666666666667412,0.99999999794965333,False
2020-02-25 10:00:00+00:00,0,0,1,False
2020-02-25 11:00:00+00:00,0,0,1,False
2020-02-25 12:00:00+00:00,0,0,1,False
2020-02-25 13:00:00+00:00,0,0,1,False
2020-02-25 14:00:00+00:00,0,0,1,False
2020-02-25 15:00:00+00:00,0,0,1,False
2020-02-25 16:00:00+00:00,0,0,1,False
2020-02-25 17:00:00+00:00,0,0,1,False
2020-02-25 18:00:00+00:00,0,0,1,False
2020-02-25 19:00:00+00:00,0,0,1,False
2020-02-25 20:00:00+00:00,0,0,1,False
2020-02-25 21:00:00+00:00,0,0,1,False
2020-02-25 22:00:00+00:00,0,0,1,False
2020-02-25 23:00:00+00:00,0,0,1,False
2020-02-26 00:00:00+00:00,0,0,1,False
2020-02-26 01:00:00+00:00,0,0,1,False
2020-02-26 02:00:00+00:00,0,0,1,False
2020-02-26 03:00:00+00:00,0,0,1,False
2020-02-26 04:00:00+00:00,0,0,1,False
2020-02-26 05:00:00+00:00,0,0,1,False
2020-02-26 06:00:00+00:00,0,0,1,False
2020-02-26 07:00:00+00:00,0,0,1,False
2020-02-26 08:00:00+00:00,0,0,1,False
2020-02-26 09:00:00+00:00,0,0,1,False
2020-02-26 10:00:00+00:00,0,0,1,False
2020-02-26 11:00:00+00:00,0,0,1,False
2020-02-26 12:00:00+00:00,0,0,1,False
2020-02-26 13:00:00+00:00,0,0,1,False
2020-02-26 14:00:00+00:00,0,0,1,False
2020-02-26 15:00:00+00:00,0,0,1,False
2020-02-26 16:00:00+00:00,0,0,1,False
2020-02-26 17:00:00+00:00,0,0,1,False
2020-02-26 18:00:00+00:00,0,0,1,False
2020-02-26 19:00:00+00:00,0,0,1,False
2020-02-26 20:00:00+00:00,0,0,1,False
2020-02-26 21:00:00+00:00,0,0,1,False
2020-02-26 22:00:00+00:00,0,0,1,False
2020-02-26 23:00:00+00:00,0,0,1,False
2020-02-27 00:00:00+00:00,0,0,1,False
2020-02-27 01:00:00+00:00,0,0,1,False
2020-02-27 02:00:00+00:00,0.20000000000000001,0.0083333333333334078,1.1507520866505871,False
2020-02-27 03:00:00+00:00,0.40000000000000002,0.025000000000000078,1.1828141951737936,False
2020-02-27 04:00:00+00:00,0.40000000000000002,0.041666666666666741,1.1051894374617013,False
2020-02-27 05:00:00+00:00,0.29999999999999999,0.054166666666666745,1.0041125446193939,False
2020-02-27 06:00:00+00:00,0.20000000000000001,0.062500000000000069,1.0051394563649292,False
2020-02-27 07:00:00+00:00,0.5,0.083333333333333412,1.0214573827879734,False
2020-02-27 08:00:00+00:00,0.5,0.10416666666666674,0.98977560625388372,False
2020-02-27 09:00:00+00:00,0.40000000000000002,0.1208333333333334,0.93701308025601882,False
2020-02-27 10:00:00+00:00,0.20000000000000001,0.12916666666666674,0.97826618587811709,False
2020-02-27 11:00:00+00:00,0,0.12916666666666674,0.999999999999999,False
2020-02-27 12:00:00+00:00,0,0.12916666666666674,0.999999999999999,False
2020-02-27 13:00:00+00:00,0,0.12916666666666674,0.999999999999999,False
2020-02-27 14:00:00+00:00,0,0.12916666666666674,0.999999999999999,False
2020-02-27 15:00:00+00:00,0,0.12916666666666674,0.999999999999999,False
2020-02-27 16:00:00+00:00,0,0.12916666666666674,0.999999999999999,False
2020-02-27 17:00:00+00:00,0,0.12916666666666674,0.999999999999999,False
2020-02-27 18:00:00+00:00,0,0.12916666666666674,0.999999999999999,False
2020-02-27 19:00:00+00:00,0,0.12916666666666674,0.999999999999999,False
2020-02-27 20:00:00+00:00,0,0.12916666666666674,0.999999999999999,False
2020-02-27 21:00:00+00:00,0,0.12916666666666674,0.999999999999999,False
2020-02-27 22:00:00+00:00,0,0.12916666666666674,0.999999999999999,False
2020-02-27 23:00:00+00:00,0,0.12916666666666674,0.999999999999999,False
2020-02-28 00:00:00+00:00,0,0.12916666666666674,0.999999999999999,False
2020-02-28 01:00:00+00:00,0.10000000000000001,0.13333333333333341,0.99355032420360512,False
2020-02-28 02:00:00+00:00,0.20000000000000001,0.13333333333333339,0.9620569128571842,False
2020-02-28 03:00:00+00:00,0.29999999999999999,0.12916666666666674,0.97965387295970741,False
2020-02-28 04:00:00+00:00,0.29999999999999999,0.12500000000000008,0.97293103500714995,False
2020-02-28 05:00:00+00:00,0.20000000000000001,0.12083333333333342,0.99523740282174245,False
2020-02-28 06:00:00+00:00,0.20000000000000001,0.1208333333333334,0.99523740282174245,False
2020-02-28 07:00:00+00:00,0.20000000000000001,0.10833333333333341,1.0000000000000002,False
2020-02-28 08:00:00+00:00,0.10000000000000001,0.091666666666666743,0.95760298815429923,False
2020-02-28 09:00:00+00:00,0.10000000000000001,0.079166666666666746,0.99999999999999989,False
2020-02-28 10:00:00+00:00,0.20000000000000001,0.079166666666666732,1.0223046340433244,False
2020-02-28 11:00:00+00:00,0.5,0.10000000000000007,0.99384573839833146,False
2020-02-28 12:00:00+00:00,0.29999999999999999,0.11250000000000009,0.96435514730180194,False
2020-02-28 13:00:00+00:00,0.29999999999999999,0.12500000000000008,0.97293103500714995,False
2020-02-28 14:00:00+00:00,0.20000000000000001,0.13333333333333341,0.95963526044546676,False
2020-02-28 15:00:00+00:00,0.10000000000000001,0.13750000000000007,1.0394446772920116,False
2020-02-28 16:00:00+00:00,0,0.13750000000000007,1.0000000000000009,False
2020-02-28 17:00:00+00:00,0,0.13750000000000007,1.0000000000000009,False
2020-02-28 18:00:00+00:00,0,0.13750000000000007,1.0000000000000009,False
2020-02-28 19:00:00+00:00,0,0.13750000000000007,1.0000000000000009,False
2020-02-28 20:00:00+00:00,0,0.13750000000000007,1.0000000000000009,False
2020-02-28 21:00:00+00:00,0,0.13750000000000007,1.0000000000000009,False
2020-02-28 22:00:00+00:00,0,0.13750000000000007,1.0000000000000009,False
2020-02-28 23:00:00+00:00,0,0.13750000000000007,1.0000000000000009,False
2020-02-29 00:00:00+00:00,0,0.13750000000000007,1.0000000000000009,False
2020-02-29 01:00:00+00:00,0,0.13333333333333339,0.99999999999999989,False
2020-02-29 02:00:00+00:00,0,0.12500000000000008,1.0000000000000011,False
2020-02-29 03:00:00+00:00,0.10000000000000001,0.11666666666666674,1.0279661438016419,False
2020-02-29 04:00:00+00:00,0.10000000000000001,0.10833333333333341,1.0712092514371545,False
2020-02-29 05:00:00+00:00,0.20000000000000001,0.10833333333333341,1.0000000000000002,False
2020-02-29 06:00:00+00:00,0.20000000000000001,0.10833333333333341,1.0000000000000002,False
2020-02-29 07:00:00+00:00,0.10000000000000001,0.10416666666666674,1.0735300259677669,False
2020-02-29 08:00:00+00:00,0.10000000000000001,0.10416666666666674,1.0735300259677669,False
2020-02-29 09:00:00+00:00,0.10000000000000001,0.10416666666666674,1.0735300259677669,False
2020-02-29 10:00:00+00:00,0.10000000000000001,0.10000000000000009,1.031123645787609,False
2020-02-29 11:00:00+00:00,0.10000000000000001,0.083333333333333412,1.0000000000000002,False
2020-02-29 12:00:00+00:00,0.20000000000000001,0.079166666666666746,1.0223046340433248,False
2020-02-29 13:00:00+00:00,0.59999999999999998,0.091666666666666743,1.0467595811699084,False
2020-02-29 14:00:00+00:00,0.90000000000000002,0.1208333333333334,1.0269763991507275,False
2020-02-29 15:00:00+00:00,0.80000000000000004,0.15000000000000011,0.97788357151603456,False
2020-02-29 16:00:00+00:00,1,0.19166666666666676,1.0022978057972467,False
2020-02-29 17:00:00+00:00,1,0.23333333333333342,0.97522423511469436,False
2020-02-29 18:00:00+00:00,1.1000000000000001,0.27916666666666673,0.99700378690446023,False
2020-02-29 19:00:00+00:00,1,0.32083333333333341,0.98520211230515609,False
2020-02-29 20:00:00+00:00,0.69999999999999996,0.35000000000000009,0.988038766622097,False
2020-02-29 21:00:00+00:00,0.59999999999999998,0.37500000000000006,0.99524994033310421,False
2020-02-29 22:00:00+00:00,0.5,0.39583333333333343,1.0060325560285106,False
2020-02-29 23:00:00+00:00,0.20000000000000001,0.40416666666666679,1.0088067718088733,False
2020-03-01 00:00:00+00:00,0.20000000000000001,0.41250000000000009,1.0003552900446384,False
2020-03-01 01:00:00+00:00,0.29999999999999999,0.4250000000000001,1.0768184024411598,False
2020-03-01 02:00:00+00:00,0.80000000000000004,0.45833333333333343,0.98782724507450737,False
2020-03-01 03:00:00+00:00,1.1000000000000001,0.50000000000000011,1.0344299326576616,False
2020-03-01 04:00:00+00:00,0.40000000000000002,0.51250000000000007,1.0140866950878693,False
2020-03-01 05:00:00+00:00,0.29999999999999999,0.51666666666666672,1.0230335558509747,False
2020-03-01 06:00:00+00:00,0.29999999999999999,0.52083333333333348,1.0249677267094734,False
2020-03-01 07:00:00+00:00,0.20000000000000001,0.52500000000000002,1.0624360832716071,False
2020-03-01 08:00:00+00:00,0.10000000000000001,0.52500000000000002,1.1256817176153546,False
2020-03-01 09:00:00+00:00,0,0.52083333333333337,1.0185772453184248,False
2020-03-01 10:00:00+00:00,0.10000000000000001,0.52083333333333337,1.1318567390549668,False
2020-03-01 11:00:00+00:00,0.5,0.53750000000000009,1.0183283296750336,False
2020-03-01 12:00:00+00:00,0.5,0.55000000000000004,1.0239790710074086,False
2020-03-01 13:00:00+00:00,0.69999999999999996,0.55416666666666681,1.0205468344573558,False
2020-03-01 14:00:00+00:00,1,0.55833333333333346,1.0304324700948653,False
2020-03-01 15:00:00+00:00,0.20000000000000001,0.53333333333333344,1.0385084547400638,False
2020-03-01 16:00:00+00:00,0.20000000000000001,0.50000000000000011,1.0607970137297196,False
2020-03-01 17:00:00+00:00,0.10000000000000001,0.46250000000000013,1.2210073810784625,False
2020-03-01 18:00:00+00:00,0.20000000000000001,0.42500000000000004,1.006509127775606,False
2020-03-01 19:00:00+00:00,0.59999999999999998,0.40833333333333338,0.99048856612255087,False
2020-03-01 20:00:00+00:00,1.3,0.4333333333333334,1.032133333850316,False
2020-03-01 21:00:00+00:00,0.20000000000000001,0.41666666666666674,1.0026392013997361,False
2020-03-01 22:00:00+00:00,0.10000000000000001,0.40000000000000013,1.0264888604855336,False
2020-03-01 23:00:00+00:00,0.20000000000000001,0.40000000000000008,1.0092511477251609,False
2020-03-02 00:00:00+00:00,1,0.4333333333333334,1.0079592002437876,False
2020-03-02 01:00:00+00:00,1.8,0.4958333333333334,1.0143688539200815,False
2020-03-02 02:00:00+00:00,0.69999999999999996,0.49166666666666675,0.99646123876921211,False
2020-03-02 03:00:00+00:00,0,0.44583333333333347,1.0231054153345172,False
2020-03-02 04:00:00+00:00,1.1000000000000001,0.47500000000000009,1.0359991272203231,False
2020-03-02 05:00:00+00:00,1.1000000000000001,0.50833333333333341,1.0407131781448582,False
2020-03-02 06:00:00+00:00,0.5,0.51666666666666672,1.0187178932147869,False
2020-03-02 07:00:00+00:00,0.5,0.52916666666666679,1.018546016107351,False
2020-03-02 08:00:00+00:00,0.40000000000000002,0.54166666666666674,1.0175213102162819,False
2020-03-02 09:00:00+00:00,0.5,0.56250000000000011,1.0270785085012448,False
2020-03-02 10:00:00+00:00,0.40000000000000002,0.57500000000000007,1.017951561025926,False
2020-03-02 11:00:00+00:00,0.20000000000000001,0.56250000000000011,1.0304793349425081,False
2020-03-02 12:00:00+00:00,0.29999999999999999,0.55416666666666681,1.0136197873382116,False
2020-03-02 13:00:00+00:00,0.10000000000000001,0.52916666666666667,1.1187381119399042,False
2020-03-02 14:00:00+00:00,0,0.48750000000000004,0.99133916376204567,False
2020-03-02 15:00:00+00:00,0,0.47916666666666674,0.99140612059469047,False
2020-03-02 16:00:00+00:00,0,0.47083333333333338,1.0231275141822431,False
2020-03-02 17:00:00+00:00,0,0.46666666666666673,1.0214174986443103,False
2020-03-02 18:00:00+00:00,0,0.45833333333333343,1.0430519157697866,False
2020-03-02 19:00:00+00:00,0,0.4333333333333334,1.0169184199165073,False
2020-03-02 20:00:00+00:00,0,0.37916666666666671,1.1054330973302036,False
2020-03-02 21:00:00+00:00,0,0.3708333333333334,1.1313772155688733,False
2020-03-02 22:00:00+00:00,0,0.3666666666666667,1.0811605860125171,False
2020-03-02 23:00:00+00:00,0,0.35833333333333339,1.0282321004490063,False
2020-03-03 00:00:00+00:00,0,0.31666666666666676,1.0302773494802926,False
2020-03-03 01:00:00+00:00,0,0.24166666666666678,1.0050108322907556,False
2020-03-03 02:00:00+00:00,0,0.21250000000000011,1,False
2020-03-03 03:00:00+00:00,0,0.21250000000000011,1,False
2020-03-03 04:00:00+00:00,0.10000000000000001,0.17083333333333339,1.0540190150070017,False
2020-03-03 05:00:00+00:00,0,0.12500000000000008,1.0000000000000011,False
2020-03-03 06:00:00+00:00,0,0.10416666666666674,1.0000000000000013,False
2020-03-03 07:00:00+00:00,0,0.083333333333333412,1.0000000000000011,False
2020-03-03 08:00:00+00:00,0,0.066666666666666749,1.0000000000000004,False
2020-03-03 09:00:00+00:00,0,0.045833333333333413,1.0000000920367009,False
2020-03-03 10:00:00+00:00,0,0.02916666666666674,11111106.72383344,True
2020-03-03 11:00:00+00:00,0,0.020833333333333409,0.99999999900735326,False
2020-03-03 12:00:00+00:00,0,0.0083333333333334078,0.99999999998554401,False
2020-03-03 13:00:00+00:00,0,0.0041666666666667412,0.99999999794965333,False
2020-03-03 14:00:00+00:00,0.20000000000000001,0.012500000000000075,1.0755502654500606,False
2020-03-03 15:00:00+00:00,0.10000000000000001,0.016666666666666743,1.0501650157864253,False
2020-03-03 16:00:00+00:00,0.10000000000000001,0.020833333333333409,0.99999999999999978,False
2020-03-03 17:00:00+00:00,0.20000000000000001,0.029166666666666743,0.94096195723193654,False
2020-03-03 18:00:00+00:00,0.10000000000000001,0.033333333333333409,1.0000000000000009,False
2020-03-03 19:00:00+00:00,0.10000000000000001,0.037500000000000075,1.0000000000000018,False
2020-03-03 20:00:00+00:00,0.10000000000000001,0.041666666666666741,1.0000000000000004,False
2020-03-03 21:00:00+00:00,0.10000000000000001,0.045833333333333413,0.99999999999999978,False
2020-03-03 22:00:00+00:00,0.20000000000000001,0.054166666666666745,1.0131261120971651,False
2020-03-03 23:00:00+00:00,0.20000000000000001,0.062500000000000069,1.0051394563649292,False
2020-03-04 00:00:00+00:00,0.20000000000000001,0.070833333333333415,1.0228048650948107,False
2020-03-04 01:00:00+00:00,0.40000000000000002,0.087500000000000078,0.9922974338597399,False
2020-03-04 02:00:00+00:00,0.40000000000000002,0.10416666666666674,0.95927481946675541,False
2020-03-04 03:00:00+00:00,0.29999999999999999,0.11666666666666675,0.95965996618782412,False
2020-03-04 04:00:00+00:00,0.20000000000000001,0.1208333333333334,0.99523740282174245,False
2020-03-04 05:00:00+00:00,0.20000000000000001,0.12916666666666674,0.97826618587811709,False
2020-03-04 06:00:00+00:00,0.29999999999999999,0.14166666666666675,0.98894610396585991,False
2020-03-04 07:00:00+00:00,0.40000000000000002,0.15833333333333341,0.99295607215306902,False
2020-03-04 08:00:00+00:00,0.29999999999999999,0.17083333333333339,1.0592455754342465,False
2020-03-04 09:00:00+00:00,0.29999999999999999,0.18333333333333343,1.0865274564324714,False
2020-03-04 10:00:00+00:00,0.29999999999999999,0.19583333333333341,1.0928818392316628,False
2020-03-04 11:00:00+00:00,0.20000000000000001,0.20416666666666675,1.1451120911001229,False
2020-03-04 12:00:00+00:00,0.20000000000000001,0.21250000000000005,1.100108068854676,False
2020-03-04 13:00:00+00:00,0.10000000000000001,0.21666666666666676,1.0362977899062413,False
2020-03-04 14:00:00+00:00,0.10000000000000001,0.21250000000000005,1.0642364574782524,False
2020-03-04 15:00:00+00:00,0,0.2083333333333334,0.99999999999999933,False
2020-03-04 16:00:00+00:00,0,0.20416666666666672,1.0022012578317319,False
2020-03-04 17:00:00+00:00,0,0.19583333333333341,1.1488685831558092,False
2020-03-04 18:00:00+00:00,0,0.19166666666666674,1.0642311076783986,False
2020-03-04 19:00:00+00:00,0,0.18750000000000008,0.94483487171582259,False
2020-03-04 20:00:00+00:00,0,0.18333333333333338,1.0183690070162164,False
2020-03-04 21:00:00+00:00,0,0.17916666666666672,1.3604771246604854,False
2020-03-04 22:00:00+00:00,0,0.17083333333333339,0.97690445372479817,False
2020-03-04 23:00:00+00:00,0,0.16250000000000009,1.0970441567235023,False
2020-03-05 00:00:00+00:00,0,0.15416666666666676,0.93905977449765388,False
2020-03-05 01:00:00+00:00,0,0.13750000000000007,1.0000000000000009,False
2020-03-05 02:00:00+00:00,0,0.12083333333333342,0.99999999999999978,False
2020-03-05 03:00:00+00:00,0,0.10833333333333339,1.0000000000000004,False
2020-03-05 04:00:00+00:00,0,0.10000000000000009,0.99999999999999989,False
2020-03-05 05:00:00+00:00,0,0.091666666666666743,0.99999999999999933,False
2020-03-05 06:00:00+00:00,0,0.079166666666666746,1.0000000000000004,False
2020-03-05 07:00:00+00:00,0,0.062500000000000069,0.99999999999999978,False
2020-03-05 08:00:00+00:00,0,0.050000000000000072,0.9999999976292131,False
2020-03-05 09:00:00+00:00,0,0.037500000000000075,1,False
2020-03-05 10:00:00+00:00,0,0.025000000000000078,0.99999999999999967,False
2020-03-05 11:00:00+00:00,0,0.016666666666666743,1.0000000463652943,False
2020-03-05 12:00:00+00:00,0,0.0083333333333334078,0.99999999998554401,False
2020-03-05 13:00:00+00:00,0,0.0041666666666667412,0.99999999794965333,False
2020-03-05 14:00:00+00:00,0,0,1,False
2020-03-05 15:00:00+00:00,0,0,1,False
2020-03-05 16:00:00+00:00,0,0,1,False
2020-03-05 17:00:00+00:00,0,0,1,False
2020-03-05 18:00:00+00:00,0,0,1,False
2020-03-05 19:00:00+00:00,0,0,1,False
2020-03-05 20:00:00+00:00,0,0,1,False
2020-03-05 21:00:00+00:00,0,0,1,False
2020-03-05 22:00:00+00:00,0,0,1,False
2020-03-05 23:00:00+00:00,0,0,1,False
2020-03-06 00:00:00+00:00,0,0,1,False
2020-03-06 01:00:00+00:00,0,0,1,False
2020-03-06 02:00:00+00:00,0,0,1,False
2020-03-06 03:00:00+00:00,0,0,1,False
2020-03-06 04:00:00+00:00,0,0,1,False
2020-03-06 05:00:00+00:00,0,0,1,False
2020-03-06 06:00:00+00:00,0,0,1,False
2020-03-06 07:00:00+00:00,0,0,1,False
2020-03-06 08:00:00+00:00,0,0,1,False
2020-03-06 09:00:00+00:00,0,0,1,False
2020-03-06 10:00:00+00:00,0,0,1,False
2020-03-06 11:00:00+00:00,0,0,1,False
2020-03-06 12:00:00+00:00,0,0,1,False
2020-03-06 13:00:00+00:00,0,0,1,False
2020-03-06 14:00:00+00:00,0,0,1,False
2020-03-06 15:00:00+00:00,0,0,1,False
2020-03-06 16:00:00+00:00,0,0,1,False
2020-03-06 17:00:00+00:00,0,0,1,False
2020-03-06 18:00:00+00:00,0,0,1,False
2020-03-06 19:00:00+00:00,0,0,1,False
2020-03-06 20:00:00+00:00,0,0,1,False
2020-03-06 21:00:00+00:00,0,0,1,False
2020-03-06 22:00:00+00:00,0,0,1,False
2020-03-06 23:00:00+00:00,0,0,1,False
2020-03-07 00:00:00+00:00,0,0,1,False
2020-03-07 01:00:00+00:00,0,0,1,False
2020-03-07 02:00:00+00:00,0,0,1,False
2020-03-07 03:00:00+00:00,0,0,1,False
2020-03-07 04:00:00+00:00,0,0,1,False
2020-03-07 05:00:00+00:00,0,0,1,False
2020-03-07 06:00:00+00:00,0,0,1,False
2020-03-07 07:00:00+00:00,0,0,1,False
2020-03-07 08:00:00+00:00,0,0,1,False
2020-03-07 09:00:00+00:00,0,0,1,False
2020-03-07 10:00:00+00:00,0,0,1,False
2020-03-07 11:00:00+00:00,0,0,1,False
2020-03-07 12:00:00+00:00,0,0,1,False
2020-03-07 13:00:00+00:00,0,0,1,False
2020-03-07 14:00:00+00:00,0,0,1,False
2020-03-07 15:00:00+00:00,0.20000000000000001,0.0083333333333334078,1.1507520866505871,False
2020-03-07 16:00:00+00:00,0.5,0.02916666666666674,1.1138804680572223,False
2020-03-07 17:00:00+00:00,0.59999999999999998,0.054166666666666745,1.0382277677064047,False
2020-03-07 18:00:00+00:00,1.1000000000000001,0.10000000000000009,1.2217075438031135,False
2020-03-07 19:00:00+00:00,1.7,0.17083333333333339,1.1196402861529238,False
2020-03-07 20:00:00+00:00,1.7,0.24166666666666672,1.0681675439638525,False
2020-03-07 21:00:00+00:00,1.6000000000000001,0.3083333333333334,1.0448397296411871,False
2020-03-07 22:00:00+00:00,1.8,0.38333333333333347,1.0228924951603771,False
2020-03-07 23:00:00+00:00,1.2,0.4333333333333334,1.0389104826723452,False
2020-03-08 00:00:00+00:00,1.2,0.48333333333333339,1.0439866308829793,False
2020-03-08 01:00:00+00:00,1,0.52500000000000002,1.032896159837027,False
2020-03-08 02:00:00+00:00,0.5,0.54583333333333339,1.0211256315631436,False
2020-03-08 03:00:00+00:00,0.29999999999999999,0.55833333333333346,1.0118324016339737,False
2020-03-08 04:00:00+00:00,0.40000000000000002,0.57500000000000007,1.017951561025926,False
2020-03-08 05:00:00+00:00,0.59999999999999998,0.60000000000000009,1.0199805453417399,False
2020-03-08 06:00:00+00:00,0.29999999999999999,0.61250000000000004,1.0007962018707819,False
2020-03-08 07:00:00+00:00,0.59999999999999998,0.63750000000000007,1.0114086331827781,False
2020-03-08 08:00:00+00:00,0.40000000000000002,0.65416666666666667,1.0033391692935438,False
2020-03-08 09:00:00+00:00,0.40000000000000002,0.67083333333333339,0.99717292385638678,False
2020-03-08 10:00:00+00:00,1,0.71250000000000002,0.98371589040348617,False
2020-03-08 11:00:00+00:00,0.80000000000000004,0.74583333333333346,0.98735707500217307,False
2020-03-08 12:00:00+00:00,1.2,0.79583333333333339,1.0265340633222024,False
2020-03-08 13:00:00+00:00,1.3999999999999999,0.85416666666666663,1.0299157960345342,False
2020-03-08 14:00:00+00:00,1.1000000000000001,0.90000000000000002,1.0673145071355634,False
2020-03-08 15:00:00+00:00,1.7,0.96250000000000002,1.1483327917361086,False
2020-03-08 16:00:00+00:00,1.8,1.0166666666666668,1.2133401409338995,False
2020-03-08 17:00:00+00:00,1.3,1.0458333333333334,1.1424602448298868,False
2020-03-08 18:00:00+00:00,0.5,1.0208333333333335,1.1227247345658686,False
2020-03-08 19:00:00+00:00,0.69999999999999996,0.97916666666666663,1.0854380558180867,False
2020-03-08 20:00:00+00:00,0.80000000000000004,0.94166666666666676,1.0715243117056559,False
2020-03-08 21:00:00+00:00,0.5,0.89583333333333348,1.1430737554688417,False
2020-03-08 22:00:00+00:00,0.40000000000000002,0.83750000000000002,1.0177573600637171,False
2020-03-08 23:00:00+00:00,0.40000000000000002,0.80416666666666681,0.98948975718629106,False
2020-03-09 00:00:00+00:00,0.5,0.77500000000000002,0.99120757711447605,False
2020-03-09 01:00:00+00:00,0.29999999999999999,0.74583333333333346,0.98445748661694121,False
2020-03-09 02:00:00+00:00,0.40000000000000002,0.7416666666666667,0.98737377086960376,False
2020-03-09 03:00:00+00:00,0.90000000000000002,0.76666666666666672,0.97451045690483318,False
2020-03-09 04:00:00+00:00,0.59999999999999998,0.77500000000000002,1.0039506166962722,False
2020-03-09 05:00:00+00:00,0.5,0.77083333333333348,0.99078643201138117,False
2020-03-09 06:00:00+00:00,0.40000000000000002,0.77500000000000002,0.98956526056310934,False
2020-03-09 07:00:00+00:00,0.40000000000000002,0.76666666666666672,0.98831446235442799,False
2020-03-09 08:00:00+00:00,0.40000000000000002,0.76666666666666672,0.98831446235442799,False
2020-03-09 09:00:00+00:00,0.20000000000000001,0.7583333333333333,0.99707960077011704,False
2020-03-09 10:00:00+00:00,0,0.71666666666666667,1.3884307168471939,False
2020-03-09 11:00:00+00:00,0.10000000000000001,0.68750000000000011,0.9962500871188783,False
2020-03-09 12:00:00+00:00,0.10000000000000001,0.64166666666666672,1.0019327301426963,False
2020-03-09 13:00:00+00:00,0.10000000000000001,0.58750000000000002,1.0209620908271497,False
2020-03-09 14:00:00+00:00,0.20000000000000001,0.55000000000000016,1.0424715133096361,False
2020-03-09 15:00:00+00:00,0.40000000000000002,0.49583333333333351,1.0107599754620107,False
2020-03-09 16:00:00+00:00,0.59999999999999998,0.44583333333333347,0.99372704770687859,False
2020-03-09 17:00:00+00:00,1,0.4333333333333334,1.0079592002437876,False
2020-03-09 18:00:00+00:00,0.5,0.4333333333333334,1.0049054004825029,False
2020-03-09 19:00:00+00:00,0,0.40416666666666679,1.0130824936637199,False
2020-03-09 20:00:00+00:00,0,0.3708333333333334,1.1313772155688733,False
2020-03-09 21:00:00+00:00,0,0.35000000000000009,0.97745686742743865,False
2020-03-09 22:00:00+00:00,0,0.33333333333333343,0.97906844074491162,False
2020-03-09 23:00:00+00:00,0,0.31666666666666676,1.0302773494802926,False
2020-03-10 00:00:00+00:00,0,0.29583333333333345,1.0164554725865282,False
2020-03-10 01:00:00+00:00,0,0.28333333333333344,0.9746128348466786,False
2020-03-10 02:00:00+00:00,0.10000000000000001,0.27083333333333343,0.99402474931853768,False
2020-03-10 03:00:00+00:00,0.10000000000000001,0.23750000000000007,0.99721257150944398,False
2020-03-10 04:00:00+00:00,0.10000000000000001,0.21666666666666676,1.0362977899062413,False
2020-03-10 05:00:00+00:00,0.10000000000000001,0.20000000000000007,1.1339592994651828,False
2020-03-10 06:00:00+00:00,0.10000000000000001,0.18750000000000011,1.1984482969764805,False
2020-03-10 07:00:00+00:00,0.40000000000000002,0.18750000000000008,1.0191658815714895,False
2020-03-10 08:00:00+00:00,0.5,0.19166666666666674,0.99830865995816942,False
2020-03-10 09:00:00+00:00,0.59999999999999998,0.20833333333333345,1.0431125216153929,False
2020-03-10 10:00:00+00:00,1.1000000000000001,0.25416666666666676,1.0063748554316576,False
2020-03-10 11:00:00+00:00,1.2,0.3000000000000001,1.0054660607420751,False
2020-03-10 12:00:00+00:00,1.3999999999999999,0.35416666666666674,1.032001030230727,False
2020-03-10 13:00:00+00:00,1.8,0.4250000000000001,1.0172605676090065,False
2020-03-10 14:00:00+00:00,0.90000000000000002,0.45416666666666677,1.0059292992261604,False
2020-03-10 15:00:00+00:00,1.3999999999999999,0.4958333333333334,1.016351872398874,False
2020-03-10 16:00:00+00:00,1.2,0.52083333333333337,1.0537945333423533,False
2020-03-10 17:00:00+00:00,0.69999999999999996,0.50833333333333341,1.0002196712696483,False
2020-03-10 18:00:00+00:00,0.69999999999999996,0.51666666666666672,1.0018629353266162,False
2020-03-10 19:00:00+00:00,1.3,0.57083333333333341,1.0340215186427077,False
2020-03-10 20:00:00+00:00,2.1000000000000001,0.65833333333333333,1.0596144948728365,False
2020-03-10 21:00:00+00:00,0.69999999999999996,0.6875,1.0251670863075022,False
2020-03-10 22:00:00+00:00,0.40000000000000002,0.70416666666666672,0.99064238461147613,False
2020-03-10 23:00:00+00:00,0.29999999999999999,0.71666666666666679,0.98432206088239826,False
2020-03-11 00:00:00+00:00,0.5,0.73750000000000016,0.98184188905510084,False
2020-03-11 01:00:00+00:00,0.90000000000000002,0.77500000000000002,0.97726785124574211,False
2020-03-11 02:00:00+00:00,0.69999999999999996,0.80000000000000016,1.0530580787093351,False
2020-03-11 03:00:00+00:00,0.90000000000000002,0.83333333333333348,0.99634074424077468,False
2020-03-11 04:00:00+00:00,1.2,0.87916666666666676,1.0521058626974147,False
2020-03-11 05:00:00+00:00,1,0.91666666666666685,1.0501961977896259,False
2020-03-11 06:00:00+00:00,0.80000000000000004,0.94583333333333341,1.0740152433728889,False
2020-03-11 07:00:00+00:00,0.90000000000000002,0.96666666666666679,1.0770185961577923,False
2020-03-11 08:00:00+00:00,0.90000000000000002,0.98333333333333339,1.0834413461060117,False
2020-03-11 09:00:00+00:00,0.59999999999999998,0.98333333333333339,1.1414716418606061,False
2020-03-11 10:00:00+00:00,0.29999999999999999,0.95000000000000007,1.1778028988801514,False
2020-03-11 11:00:00+00:00,0.5,0.92083333333333339,1.1741422021688988,False
2020-03-11 12:00:00+00:00,0.10000000000000001,0.8666666666666667,1.055545144875367,False
2020-03-11 13:00:00+00:00,0.10000000000000001,0.79583333333333339,1.0241597412886903,False
2020-03-11 14:00:00+00:00,0.59999999999999998,0.78333333333333355,1.0120860823504665,False
2020-03-11 15:00:00+00:00,1.6000000000000001,0.79166666666666663,1.0435507976821301,False
2020-03-11 16:00:00+00:00,1.8999999999999999,0.82083333333333341,1.0833352019915437,False
2020-03-11 17:00:00+00:00,1.6000000000000001,0.85833333333333339,1.0785332215973107,False
2020-03-11 18:00:00+00:00,1.8,0.90416666666666679,1.1214480393961419,False
2020-03-11 19:00:00+00:00,1,0.89166666666666672,1.0262288446383478,False
2020-03-11 20:00:00+00:00,0.90000000000000002,0.84166666666666667,1.0014537202915399,False
2020-03-11 21:00:00+00:00,0.5,0.83333333333333337,1.0489783034177969,False
2020-03-11 22:00:00+00:00,0.40000000000000002,0.83333333333333348,1.0137002031028539,False
2020-03-11 23:00:00+00:00,0.20000000000000001,0.82916666666666672,1.0143429407372306,False
2020-03-12 00:00:00+00:00,0.29999999999999999,0.82083333333333341,1.0003795274009604,False
2020-03-12 01:00:00+00:00,0.69999999999999996,0.81250000000000011,1.0552537350589664,False
2020-03-12 02:00:00+00:00,1.3,0.83750000000000002,1.0302680377067064,False
2020-03-12 03:00:00+00:00,0,0.80000000000000016,1.1732569297957365,False
2020-03-12 04:00:00+00:00,0,0.75000000000000011,1.345571790291191,False
2020-03-12 05:00:00+00:00,0.20000000000000001,0.71666666666666679,0.99973940433732322,False
2020-03-12 06:00:00+00:00,0.10000000000000001,0.68750000000000011,0.9962500871188783,False
2020-03-12 07:00:00+00:00,0,0.65000000000000002,1.0171500991345934,False
2020-03-12 08:00:00+00:00,0,0.61250000000000004,0.96665619422711713,False
2020-03-12 09:00:00+00:00,0,0.58750000000000002,1.0151576038282653,False
2020-03-12 10:00:00+00:00,0.10000000000000001,0.57916666666666672,1.0261563508466467,False
2020-03-12 11:00:00+00:00,0.10000000000000001,0.56250000000000011,1.1068837417359856,False
2020-03-12 12:00:00+00:00,0.10000000000000001,0.56250000000000011,1.1068837417359856,False
2020-03-12 13:00:00+00:00,0.10000000000000001,0.56250000000000011,1.1068837417359856,False
2020-03-12 14:00:00+00:00,0.20000000000000001,0.54583333333333339,1.0455997785714624,False
2020-03-12 15:00:00+00:00,0.10000000000000001,0.48333333333333345,1.2197914946949526,False
2020-03-12 16:00:00+00:00,0.20000000000000001,0.41250000000000009,1.0003552900446384,False
2020-03-12 17:00:00+00:00,0.20000000000000001,0.35416666666666674,1.0398072154256626,False
2020-03-12 18:00:00+00:00,0.10000000000000001,0.28333333333333338,1.0299098537470803,False
2020-03-12 19:00:00+00:00,0,0.24166666666666672,1.0050108322907556,False
2020-03-12 20:00:00+00:00,0,0.20416666666666675,1.0000000000000004,False
2020-03-12 21:00:00+00:00,0,0.18333333333333343,1.0099088707711006,False
2020-03-12 22:00:00+00:00,0.10000000000000001,0.17083333333333342,1.0540190150070021,False
2020-03-12 23:00:00+00:00,0,0.16250000000000009,1.0970441567235023,False
2020-03-13 00:00:00+00:00,0.29999999999999999,0.16250000000000009,1.0293441071837051,False
2020-03-13 01:00:00+00:00,0.40000000000000002,0.15000000000000008,0.97316651107525287,False
2020-03-13 02:00:00+00:00,0.10000000000000001,0.10000000000000009,1.031123645787609,False
2020-03-13 03:00:00+00:00,0,0.10000000000000009,0.99999999999999989,False
2020-03-13 04:00:00+00:00,0.10000000000000001,0.10416666666666675,1.0735300259677669,False
2020-03-13 05:00:00+00:00,0,0.095833333333333423,0.99999999999999933,False
2020-03-13 06:00:00+00:00,0,0.091666666666666771,0.99999999999999933,False
2020-03-13 07:00:00+00:00,0,0.091666666666666771,0.99999999999999933,False
2020-03-13 08:00:00+00:00,0,0.091666666666666771,0.99999999999999933,False
2020-03-13 09:00:00+00:00,0,0.091666666666666771,0.99999999999999933,False
2020-03-13 10:00:00+00:00,0,0.087500000000000092,1.0000000000000007,False
2020-03-13 11:00:00+00:00,0.10000000000000001,0.087500000000000092,0.99238559648700175,False
2020-03-13 12:00:00+00:00,0.10000000000000001,0.087500000000000078,0.99238559648700175,False
2020-03-13 13:00:00+00:00,0,0.083333333333333412,1.0000000000000011,False
2020-03-13 14:00:00+00:00,0,0.07500000000000008,0.99999999999999944,False
2020-03-13 15:00:00+00:00,0,0.070833333333333429,0.99999999999999944,False
2020-03-13 16:00:00+00:00,0,0.062500000000000097,0.99999999999999978,False
2020-03-13 17:00:00+00:00,0,0.054166666666666752,1.0000000806067932,False
2020-03-13 18:00:00+00:00,0.10000000000000001,0.054166666666666752,0.99999999999999956,False
2020-03-13 19:00:00+00:00,0.10000000000000001,0.058333333333333424,1.0000000000000007,False
2020-03-13 20:00:00+00:00,0.10000000000000001,0.062500000000000097,1.0000000000000016,False
2020-03-13 21:00:00+00:00,0,0.062500000000000097,0.99999999999999978,False
2020-03-13 22:00:00+00:00,0,0.058333333333333424,0.99999999999999978,False
2020-03-13 23:00:00+00:00,0,0.058333333333333424,0.99999999999999978,False
2020-03-14 00:00:00+00:00,0,0.04583333333333342,1.0000001496487827,False
2020-03-14 01:00:00+00:00,0,0.029166666666666754,11111106.723833431,True
2020-03-14 02:00:00+00:00,0,0.025000000000000081,0.99999999999999967,False
2020-03-14 03:00:00+00:00,0,0.025000000000000081,0.99999999999999967,False
2020-03-14 04:00:00+00:00,0,0.020833333333333415,1.0000000048861362,False
2020-03-14 05:00:00+00:00,0,0.020833333333333415,1.0000000048861362,False
2020-03-14 06:00:00+00:00,0,0.020833333333333415,1.0000000048861362,False
2020-03-14 07:00:00+00:00,0,0.020833333333333415,1.0000000048861362,False
2020-03-14 08:00:00+00:00,0,0.020833333333333415,1.0000000048861362,False
2020-03-14 09:00:00+00:00,0,0.020833333333333415,1.0000000048861362,False
2020-03-14 10:00:00+00:00,0,0.020833333333333415,1.0000000048861362,False
2020-03-14 11:00:00+00:00,0,0.01666666666666675,1.0000000745834561,False
2020-03-14 12:00:00+00:00,0,0.012500000000000086,1.0000000882540365,False
2020-03-14 13:00:00+00:00,0,0.012500000000000086,1.0000000882540365,False
2020-03-14 14:00:00+00:00,0,0.012500000000000086,1.0000000882540365,False
2020-03-14 15:00:00+00:00,0,0.012500000000000086,1.0000000882540365,False
2020-03-14 16:00:00+00:00,0,0.012500000000000086,1.0000000882540365,False
2020-03-14 17:00:00+00:00,0,0.012500000000000086,1.0000000882540365,False
2020-03-14 18:00:00+00:00,0,0.0083333333333334165,1.0000000361207948,False
2020-03-14 19:00:00+00:00,0,0.0041666666666667499,1.000000061146584,False
2020-03-14 20:00:00+00:00,0.10000000000000001,0.0041666666666667499,0.99689542488043092,False
2020-03-14 21:00:00+00:00,0.40000000000000002,0.020833333333333415,1.2294032541535951,False
2020-03-14 22:00:00+00:00,0.40000000000000002,0.037500000000000082,1.1261566700904631,False
2020-03-14 23:00:00+00:00,0.29999999999999999,0.050000000000000079,1.0292622504259357,False
2020-03-15 00:00:00+00:00,0.20000000000000001,0.058333333333333424,1.0037466689316246,False
2020-03-15 01:00:00+00:00,0.29999999999999999,0.070833333333333415,0.97376972806755591,False
2020-03-15 02:00:00+00:00,0.29999999999999999,0.083333333333333412,1.0060151520067964,False
2020-03-15 03:00:00+00:00,0.40000000000000002,0.10000000000000009,0.96179204069115964,False
2020-03-15 04:00:00+00:00,0.40000000000000002,0.11666666666666675,0.9441259072509226,False
2020-03-15 05:00:00+00:00,0.80000000000000004,0.15000000000000011,0.97788357151603456,False
2020-03-15 06:00:00+00:00,1.3999999999999999,0.2083333333333334,1.0824670072159503,False
2020-03-15 07:00:00+00:00,1.8999999999999999,0.28750000000000009,1.0678464470336493,False
2020-03-15 08:00:00+00:00,1.2,0.33750000000000008,1.0097772246141699,False
2020-03-15 09:00:00+00:00,1.3999999999999999,0.39583333333333343,1.0230954493703215,False
2020-03-15 10:00:00+00:00,2.2999999999999998,0.4916666666666667,1.1156270351966249,False
2020-03-15 11:00:00+00:00,2.2000000000000002,0.58333333333333337,1.0935972276591328,False
2020-03-15 12:00:00+00:00,2.3999999999999999,0.68333333333333346,1.0843464604731066,False
2020-03-15 13:00:00+00:00,2.5,0.78750000000000009,1.07449056637884,False
2020-03-15 14:00:00+00:00,2.1000000000000001,0.875,1.1276515517658232,False
2020-03-15 15:00:00+00:00,1.1000000000000001,0.92083333333333339,1.0634870528518146,False
2020-03-15 16:00:00+00:00,0.40000000000000002,0.93750000000000011,1.1529798587951154,False
2020-03-15 17:00:00+00:00,0,0.93750000000000011,1.0885528136111882,False
2020-03-15 18:00:00+00:00,0,0.93750000000000011,1.0885528136111882,False
2020-03-15 19:00:00+00:00,0,0.93750000000000011,1.0885528136111882,False
2020-03-15 20:00:00+00:00,0,0.93333333333333346,1.0941451508220357,False
2020-03-15 21:00:00+00:00,0,0.91666666666666685,1.089011010702666,False
2020-03-15 22:00:00+00:00,0,0.90000000000000024,1.086711662085736,False
2020-03-15 23:00:00+00:00,0.10000000000000001,0.89166666666666672,1.0774862634395872,False
2020-03-16 00:00:00+00:00,0,0.88333333333333341,1.1028860603548916,False
2020-03-16 01:00:00+00:00,0,0.87083333333333346,1.1101464395530356,False
2020-03-16 02:00:00+00:00,0,0.85833333333333339,1.1244751392872467,False
2020-03-16 03:00:00+00:00,0,0.84166666666666679,1.1247668235466661,False
2020-03-16 04:00:00+00:00,0.10000000000000001,0.82916666666666672,1.0472359237600726,False
2020-03-16 05:00:00+00:00,0,0.79583333333333339,1.1833989811506658,False
2020-03-16 06:00:00+00:00,0,0.73750000000000016,1.4227430051365217,False
2020-03-16 07:00:00+00:00,0.10000000000000001,0.66250000000000009,0.99616843749053119,False
2020-03-16 08:00:00+00:00,0,0.61250000000000016,0.96665619422711702,False
2020-03-16 09:00:00+00:00,0,0.55416666666666681,1.0633913066411262,False
2020-03-16 10:00:00+00:00,0,0.45833333333333348,1.0372630861600343,False
2020-03-16 11:00:00+00:00,0.10000000000000001,0.3708333333333334,0.97757849850673117,False
2020-03-16 12:00:00+00:00,0.10000000000000001,0.27500000000000008,0.99449211001655646,False
2020-03-16 13:00:00+00:00,0,0.17083333333333339,0.97690445372479817,False
2020-03-16 14:00:00+00:00,0,0.083333333333333412,1.0000000000000011,False
2020-03-16 15:00:00+00:00,0,0.037500000000000075,1,False
2020-03-16 16:00:00+00:00,0,0.020833333333333409,0.99999999900735326,False
2020-03-16 17:00:00+00:00,0,0.020833333333333409,0.99999999900735326,False
2020-03-16 18:00:00+00:00,0,0.020833333333333409,0.99999999900735326,False
2020-03-16 19:00:00+00:00,0,0.020833333333333409,0.99999999900735326,False
2020-03-16 20:00:00+00:00,0,0.020833333333333409,0.99999999900735326,False
2020-03-16 21:00:00+00:00,0,0.020833333333333409,0.99999999900735326,False
2020-03-16 22:00:00+00:00,0.10000000000000001,0.025000000000000078,1.0000000000000004,False
2020-03-16 23:00:00+00:00,0.29999999999999999,0.033333333333333409,1.0608427451304772,False
2020-03-17 00:00:00+00:00,0.69999999999999996,0.062500000000000069,1.0072421588104208,False
2020-03-17 01:00:00+00:00,0.80000000000000004,0.095833333333333395,1.027031268605574,False
2020-03-17 02:00:00+00:00,0.59999999999999998,0.1208333333333334,1.0231265319349563,False
2020-03-17 03:00:00+00:00,0.5,0.14166666666666675,0.94343064712804314,False
2020-03-17 04:00:00+00:00,0.69999999999999996,0.16666666666666674,0.99021850542039558,False
2020-03-17 05:00:00+00:00,1,0.2083333333333334,0.98284022617712952,False
2020-03-17 06:00:00+00:00,1.3999999999999999,0.26666666666666677,1.0634904535576071,False
2020-03-17 07:00:00+00:00,1.3,0.31666666666666676,1.0140186730945566,False
2020-03-17 08:00:00+00:00,0.40000000000000002,0.33333333333333343,1.0201617333904713,False
2020-03-17 09:00:00+00:00,0.90000000000000002,0.3708333333333334,1.0008062812213396,False
2020-03-17 10:00:00+00:00,0.80000000000000004,0.40416666666666679,0.99126334705841046,False
2020-03-17 11:00:00+00:00,0.69999999999999996,0.42916666666666675,0.99022443981035613,False
2020-03-17 12:00:00+00:00,0.69999999999999996,0.45416666666666666,0.99065513624256851,False
2020-03-17 13:00:00+00:00,0.80000000000000004,0.48750000000000004,0.99674669749357958,False
2020-03-17 14:00:00+00:00,0.80000000000000004,0.52083333333333337,1.0124347983361202,False
2020-03-17 15:00:00+00:00,0.59999999999999998,0.54583333333333339,1.0215601286587157,False
2020-03-17 16:00:00+00:00,0.59999999999999998,0.57083333333333341,1.025494504718157,False
2020-03-17 17:00:00+00:00,0.5,0.59166666666666667,1.0194165451514916,False
2020-03-17 18:00:00+00:00,0.80000000000000004,0.62500000000000011,1.0334292003914607,False
2020-03-17 19:00:00+00:00,0.90000000000000002,0.66249999999999998,1.0015280373678572,False
2020-03-17 20:00:00+00:00,1,0.70416666666666672,0.98618420586785704,False
2020-03-17 21:00:00+00:00,1.6000000000000001,0.77083333333333337,1.0375488481806754,False
2020-03-17 22:00:00+00:00,1.3999999999999999,0.82500000000000018,1.0213480199702001,False
2020-03-17 23:00:00+00:00,1.5,0.87500000000000011,1.0628339565706584,False
2020-03-18 00:00:00+00:00,2.6000000000000001,0.95416666666666672,1.067815665895647,False
2020-03-18 01:00:00+00:00,2.5,1.0250000000000001,1.1127976753536153,False
2020-03-18 02:00:00+00:00,2.1000000000000001,1.0875000000000001,1.2054572734989437,False
2020-03-18 03:00:00+00:00,1.3999999999999999,1.125,1.2459409692588514,False
2020-03-18 04:00:00+00:00,1.1000000000000001,1.1416666666666668,1.2107655166071158,False
2020-03-18 05:00:00+00:00,0.90000000000000002,1.1375,1.1259878427930294,False
2020-03-18 06:00:00+00:00,0.29999999999999999,1.0916666666666668,1.0292390922272343,False
2020-03-18 07:00:00+00:00,0.20000000000000001,1.0458333333333334,1.0424176526204656,False
2020-03-18 08:00:00+00:00,0.59999999999999998,1.0541666666666667,1.0709956512988965,False
2020-03-18 09:00:00+00:00,0.69999999999999996,1.0458333333333334,1.0540443603919813,False
2020-03-18 10:00:00+00:00,0.90000000000000002,1.05,1.1247511528705334,False
2020-03-18 11:00:00+00:00,0.5,1.0416666666666667,1.0909306476716545,False
2020-03-18 12:00:00+00:00,0.90000000000000002,1.05,1.1247511528705334,False
2020-03-18 13:00:00+00:00,0.80000000000000004,1.05,1.0908320125605278,False
2020-03-18 14:00:00+00:00,0.5,1.0375000000000001,1.0974059420329303,False
2020-03-18 15:00:00+00:00,0.59999999999999998,1.0375000000000001,1.1020836263047384,False
2020-03-18 16:00:00+00:00,0.80000000000000004,1.0458333333333334,1.0878300767844287,False
2020-03-18 17:00:00+00:00,0.69999999999999996,1.0541666666666667,1.0598691580075661,False
2020-03-18 18:00:00+00:00,0.59999999999999998,1.0458333333333334,1.0800495442272835,False
2020-03-18 19:00:00+00:00,0.40000000000000002,1.0250000000000001,1.1499815629296246,False
2020-03-18 20:00:00+00:00,0.29999999999999999,0.99583333333333346,1.1591820201609058,False
2020-03-18 21:00:00+00:00,0.29999999999999999,0.94166666666666676,1.1824131271819571,False
2020-03-18 22:00:00+00:00,0.5,0.90416666666666679,1.1572206824103048,False
2020-03-18 23:00:00+00:00,0.40000000000000002,0.85833333333333339,1.0503973016935797,False
2020-03-19 00:00:00+00:00,0.80000000000000004,0.78333333333333333,0.997402781540913,False
2020-03-19 01:00:00+00:00,0.59999999999999998,0.70416666666666672,0.98945571633179141,False
2020-03-19 02:00:00+00:00,0.40000000000000002,0.63333333333333341,1.0067015017815404,False
2020-03-19 03:00:00+00:00,0.29999999999999999,0.58750000000000002,1.0044581199019023,False
2020-03-19 04:00:00+00:00,0.5,0.56250000000000011,1.0270785085012448,False
2020-03-19 05:00:00+00:00,0.40000000000000002,0.54166666666666674,1.0175213102162819,False
2020-03-19 06:00:00+00:00,0.59999999999999998,0.55416666666666681,1.0255313788694567,False
2020-03-19 07:00:00+00:00,0.20000000000000001,0.5541666666666667,1.04362664064658,False
2020-03-19 08:00:00+00:00,0,0.52916666666666667,1.0424025513365942,False
2020-03-19 09:00:00+00:00,0.29999999999999999,0.51250000000000007,1.0197430509352934,False
2020-03-19 10:00:00+00:00,0.20000000000000001,0.48333333333333339,1.0371856614597113,False
2020-03-19 11:00:00+00:00,0,0.46250000000000008,1.0341905930715913,False
2020-03-19 12:00:00+00:00,0,0.42500000000000004,0.98833666513915697,False
2020-03-19 13:00:00+00:00,0.40000000000000002,0.40833333333333338,1.0035822240967363,False
2020-03-19 14:00:00+00:00,0.10000000000000001,0.39166666666666666,0.99103838471943972,False
2020-03-19 15:00:00+00:00,0,0.3666666666666667,1.0811605860125171,False
2020-03-19 16:00:00+00:00,0,0.33333333333333343,0.97906844074491162,False
2020-03-19 17:00:00+00:00,0,0.30416666666666675,1.0067108513838361,False
2020-03-19 18:00:00+00:00,0,0.27916666666666673,0.98657626641912011,False
2020-03-19 19:00:00+00:00,0,0.26250000000000007,1.094037448928872,False
2020-03-19 20:00:00+00:00,0,0.25000000000000006,0.9747130642504378,False
2020-03-19 21:00:00+00:00,0,0.23750000000000007,1.0676332631742962,False
2020-03-19 22:00:00+00:00,0,0.21666666666666676,0.99521207395562472,False
2020-03-19 23:00:00+00:00,0,0.20000000000000007,1.0308176096442385,False
2020-03-20 00:00:00+00:00,0,0.16666666666666674,0.94092095045826374,False
2020-03-20 01:00:00+00:00,0,0.14166666666666675,1.0000000000000002,False
2020-03-20 02:00:00+00:00,0,0.12500000000000008,1.0000000000000011,False
2020-03-20 03:00:00+00:00,0,0.11250000000000009,0.99999999999999944,False
2020-03-20 04:00:00+00:00,0,0.091666666666666743,0.99999999999999933,False
2020-03-20 05:00:00+00:00,0,0.07500000000000008,0.99999999999999944,False
2020-03-20 06:00:00+00:00,0,0.050000000000000072,0.9999999976292131,False
2020-03-20 07:00:00+00:00,0,0.041666666666666741,12499996.541922724,True
2020-03-20 08:00:00+00:00,0,0.041666666666666741,12499996.541922724,True
2020-03-20 09:00:00+00:00,0,0.029166666666666743,11111106.723833438,True
2020-03-20 10:00:00+00:00,0,0.020833333333333409,0.99999999900735326,False
2020-03-20 11:00:00+00:00,0,0.020833333333333409,0.99999999900735326,False
2020-03-20 12:00:00+00:00,0,0.020833333333333409,0.99999999900735326,False
2020-03-20 13:00:00+00:00,0,0.0041666666666667412,0.99999999794965333,False
2020-03-20 14:00:00+00:00,0,0,1,False
2020-03-20 15:00:00+00:00,0,0,1,False
2020-03-20 16:00:00+00:00,0,0,1,False
2020-03-20 17:00:00+00:00,0,0,1,False
2020-03-20 18:00:00+00:00,0,0,1,False
2020-03-20 19:00:00+00:00,0,0,1,False
2020-03-20 20:00:00+00:00,0,0,1,False
2020-03-20 21:00:00+00:00,0,0,1,False
2020-03-20 22:00:00+00:00,0,0,1,False
2020-03-20 23:00:00+00:00,0,0,1,False
2020-03-21 00:00:00+00:00,0,0,1,False
2020-03-21 01:00:00+00:00,0,0,1,False
2020-03-21 02:00:00+00:00,0,0,1,False
2020-03-21 03:00:00+00:00,0,0,1,False
2020-03-21 04:00:00+00:00,0,0,1,False
2020-03-21 05:00:00+00:00,0,0,1,False
2020-03-21 06:00:00+00:00,0,0,1,False
2020-03-21 07:00:00+00:00,0,0,1,False
2020-03-21 08:00:00+00:00,0,0,1,False
2020-03-21 09:00:00+00:00,0,0,1,False
2020-03-21 10:00:00+00:00,0,0,1,False
2020-03-21 11:00:00+00:00,0,0,1,False
2020-03-21 12:00:00+00:00,0,0,1,False
2020-03-21 13:00:00+00:00,0,0,1,False
2020-03-21 14:00:00+00:00,0,0,1,False
2020-03-21 15:00:00+00:00,0,0,1,False
2020-03-21 16:00:00+00:00,0,0,1,False
2020-03-21 17:00:00+00:00,0,0,1,False
2020-03-21 18:00:00+00:00,0,0,1,False
2020-03-21 19:00:00+00:00,0,0,1,False
2020-03-21 20:00:00+00:00,0,0,1,False
2020-03-21 21:00:00+00:00,0,0,1,False
2020-03-21 22:00:00+00:00,0,0,1,False
2020-03-21 23:00:00+00:00,0,0,1,False
2020-03-22 00:00:00+00:00,0,0,1,False
2020-03-22 01:00:00+00:00,0,0,1,False
2020-03-22 02:00:00+00:00,0,0,1,False
2020-03-22 03:00:00+00:00,0,0,1,False
2020-03-22 04:00:00+00:00,0,0,1,False
2020-03-22 05:00:00+00:00,0,0,1,False
2020-03-22 06:00:00+00:00,0,0,1,False
2020-03-22 07:00:00+00:00,0,0,1,False
2020-03-22 08:00:00+00:00,0,0,1,False
2020-03-22 09:00:00+00:00,0,0,1,False
2020-03-22 10:00:00+00:00,0,0,1,False
2020-03-22 11:00:00+00:00,0,0,1,False
2020-03-22 12:00:00+00:00,0,0,1,False
2020-03-22 13:00:00+00:00,0,0,1,False
2020-03-22 14:00:00+00:00,0,0,1,False
2020-03-22 15:00:00+00:00,0,0,1,False
2020-03-22 16:00:00+00:00,0,0,1,False
2020-03-22 17:00:00+00:00,0,0,1,False
2020-03-22 18:00:00+00:00,0,0,1,False
2020-03-22 19:00:00+00:00,0,0,1,False
2020-03-22 20:00:00+00:00,0,0,1,False
2020-03-22 21:00:00+00:00,0,0,1,False
2020-03-22 22:00:00+00:00,0,0,1,False
2020-03-22 23:00:00+00:00,0,0,1,False
2020-03-23 00:00:00+00:00,0,0,1,False
2020-03-23 01:00:00+00:00,0,0,1,False
2020-03-23 02:00:00+00:00,0,0,1,False
2020-03-23 03:00:00+00:00,0,0,1,False
2020-03-23 04:00:00+00:00,0,0,1,False
2020-03-23 05:00:00+00:00,0,0,1,False
2020-03-23 06:00:00+00:00,0,0,1,False
2020-03-23 07:00:00+00:00,0,0,1,False
2020-03-23 08:00:00+00:00,0,0,1,False
2020-03-23 09:00:00+00:00,0,0,1,False
2020-03-23 10:00:00+00:00,0,0,1,False
2020-03-23 11:00:00+00:00,0,0,1,False
2020-03-23 12:00:00+00:00,0,0,1,False
2020-03-23 13:00:00+00:00,0,0,1,False
2020-03-23 14:00:00+00:00,0,0,1,False
2020-03-23 15:00:00+00:00,0,0,1,False
2020-03-23 16:00:00+00:00,0,0,1,False
2020-03-23 17:00:00+00:00,0,0,1,False
2020-03-23 18:00:00+00:00,0,0,1,False
2020-03-23 19:00:00+00:00,0,0,1,False
2020-03-23 20:00:00+00:00,0,0,1,False
2020-03-23 21:00:00+00:00,0,0,1,False
2020-03-23 22:00:00+00:00,0,0,1,False
2020-03-23 23:00:00+00:00,0,0,1,False
2020-03-24 00:00:00+00:00,0,0,1,False
2020-03-24 01:00:00+00:00,0,0,1,False
2020-03-24 02:00:00+00:00,0,0,1,False
2020-03-24 03:00:00+00:00,0,0,1,False
2020-03-24 04:00:00+00:00,0,0,1,False
2020-03-24 05:00:00+00:00,0,0,1,False
2020-03-24 06:00:00+00:00,0,0,1,False
2020-03-24 07:00:00+00:00,0,0,1,False
2020-03-24 08:00:00+00:00,0,0,1,False
2020-03-24 09:00:00+00:00,0,0,1,False
2020-03-24 10:00:00+00:00,0,0,1,False
2020-03-24 11:00:00+00:00,0,0,1,False
2020-03-24 12:00:00+00:00,0,0,1,False
2020-03-24 13:00:00+00:00,0,0,1,False
2020-03-24 14:00:00+00:00,0,0,1,False
2020-03-24 15:00:00+00:00,0,0,1,False
2020-03-24 16:00:00+00:00,0,0,1,False
2020-03-24 17:00:00+00:00,0,0,1,False
2020-03-24 18:00:00+00:00,0,0,1,False
2020-03-24 19:00:00+00:00,0,0,1,False
2020-03-24 20:00:00+00:00,0,0,1,False
2020-03-24 21:00:00+00:00,0,0,1,False
2020-03-24 22:00:00+00:00,0,0,1,False
2020-03-24 23:00:00+00:00,0,0,1,False
2020-03-25 00:00:00+00:00,0,0,1,False
2020-03-25 01:00:00+00:00,0,0,1,False
2020-03-25 02:00:00+00:00,0,0,1,False
2020-03-25 03:00:00+00:00,0,0,1,False
2020-03-25 04:00:00+00:00,0.10000000000000001,0.0041666666666667412,0.99689542488043092,False
2020-03-25 05:00:00+00:00,0.20000000000000001,0.012500000000000075,1.0755502654500606,False
2020-03-25 06:00:00+00:00,0.29999999999999999,0.025000000000000074,1.110051836266313,False
2020-03-25 07:00:00+00:00,0.20000000000000001,0.033333333333333409,0.92391912930796849,False
2020-03-25 08:00:00+00:00,0.20000000000000001,0.041666666666666741,0.98106738232222879,False
2020-03-25 09:00:00+00:00,0.10000000000000001,0.045833333333333413,0.99999999999999978,False
2020-03-25 10:00:00+00:00,0,0.045833333333333413,1.0000000920367009,False
2020-03-25 11:00:00+00:00,0.10000000000000001,0.050000000000000072,0.99999999999999922,False
2020-03-25 12:00:00+00:00,0.5,0.070833333333333401,1.0517444106575577,False
2020-03-25 13:00:00+00:00,0.69999999999999996,0.10000000000000007,0.99880756595846576,False
2020-03-25 14:00:00+00:00,0.59999999999999998,0.12500000000000008,1.01354719409343,False
2020-03-25 15:00:00+00:00,0.90000000000000002,0.16250000000000006,1.0105559084913012,False
2020-03-25 16:00:00+00:00,1,0.20416666666666675,0.98818785422856203,False
2020-03-25 17:00:00+00:00,0.69999999999999996,0.23333333333333339,1.0003218598395882,False
2020-03-25 18:00:00+00:00,0.59999999999999998,0.25833333333333341,1.0237885673192684,False
2020-03-25 19:00:00+00:00,0.29999999999999999,0.27083333333333343,1.0598989009097948,False
2020-03-25 20:00:00+00:00,0.20000000000000001,0.27916666666666673,0.99641294061108998,False
2020-03-25 21:00:00+00:00,0.20000000000000001,0.28750000000000003,1.0090906099861989,False
2020-03-25 22:00:00+00:00,0.20000000000000001,0.29583333333333339,1.0229603167978065,False
2020-03-25 23:00:00+00:00,0.10000000000000001,0.3000000000000001,1.0704204156889243,False
2020-03-26 00:00:00+00:00,0.20000000000000001,0.3083333333333334,1.0434910244192015,False
2020-03-26 01:00:00+00:00,0.29999999999999999,0.32083333333333341,1.0973602501285791,False
2020-03-26 02:00:00+00:00,0.29999999999999999,0.33333333333333343,1.0849042042553081,False
2020-03-26 03:00:00+00:00,0.5,0.35416666666666674,1.0154205263475342,False
2020-03-26 04:00:00+00:00,0.40000000000000002,0.36666666666666675,1.0112039242576829,False
2020-03-26 05:00:00+00:00,0.10000000000000001,0.36250000000000004,0.98281949323242679,False
2020-03-26 06:00:00+00:00,0.10000000000000001,0.35416666666666674,0.98286046635595026,False
2020-03-26 07:00:00+00:00,0.10000000000000001,0.35000000000000003,0.9894812995347686,False
2020-03-26 08:00:00+00:00,0.10000000000000001,0.34583333333333344,0.99209667394972167,False
2020-03-26 09:00:00+00:00,0,0.34166666666666679,0.97681338560276454,False
2020-03-26 10:00:00+00:00,0,0.34166666666666679,0.97681338560276454,False
2020-03-26 11:00:00+00:00,0,0.33750000000000013,0.98521666325223245,False
2020-03-26 12:00:00+00:00,0,0.31666666666666671,1.0302773494802926,False
2020-03-26 13:00:00+00:00,0,0.28750000000000009,0.98350059381796029,False
2020-03-26 14:00:00+00:00,0,0.26250000000000007,1.094037448928872,False
2020-03-26 15:00:00+00:00,0,0.22500000000000009,0.99756460399508928,False
2020-03-26 16:00:00+00:00,0,0.18333333333333343,1.0099088707711006,False
2020-03-26 17:00:00+00:00,0,0.15416666666666676,0.93905977449765388,False
2020-03-26 18:00:00+00:00,0,0.12916666666666674,0.999999999999999,False
2020-03-26 19:00:00+00:00,0,0.11666666666666674,1.0000000000000004,False
2020-03-26 20:00:00+00:00,0,0.10833333333333341,1.0000000000000004,False
2020-03-26 21:00:00+00:00,0,0.10000000000000007,1.0000000000000002,False
2020-03-26 22:00:00+00:00,0,0.091666666666666743,0.99999999999999933,False
2020-03-26 23:00:00+00:00,0,0.087500000000000078,1.0000000000000002,False
2020-03-27 00:00:00+00:00,0,0.079166666666666732,1.0000000000000013,False
2020-03-27 01:00:00+00:00,0,0.066666666666666749,1.0000000000000004,False
2020-03-27 02:00:00+00:00,0,0.054166666666666745,1.0000000512128768,False
2020-03-27 03:00:00+00:00,0,0.033333333333333409,0.99999999533552264,False
2020-03-27 04:00:00+00:00,0,0.016666666666666743,1.0000000463652943,False
2020-03-27 05:00:00+00:00,0,0.012500000000000075,1.0000000353449836,False
2020-03-27 06:00:00+00:00,0,0.0083333333333334095,1.0000000079026283,False
2020-03-27 07:00:00+00:00,0,0.0041666666666667429,1.0000000105890394,False
2020-03-27 08:00:00+00:00,0,0,1,False
2020-03-27 09:00:00+00:00,0,0,1,False
2020-03-27 10:00:00+00:00,0,0,1,False
2020-03-27 11:00:00+00:00,0,0,1,False
2020-03-27 12:00:00+00:00,0,0,1,False
2020-03-27 13:00:00+00:00,0,0,1,False
2020-03-27 14:00:00+00:00,0,0,1,False
2020-03-27 15:00:00+00:00,0,0,1,False
2020-03-27 16:00:00+00:00,0,0,1,False
2020-03-27 17:00:00+00:00,0,0,1,False
2020-03-27 18:00:00+00:00,0,0,1,False
2020-03-27 19:00:00+00:00,0,0,1,False
2020-03-27 20:00:00+00:00,0,0,1,False
2020-03-27 21:00:00+00:00,0,0,1,False
2020-03-27 22:00:00+00:00,0,0,1,False
2020-03-27 23:00:00+00:00,0,0,1,False
2020-03-28 00:00:00+00:00,0.20000000000000001,0.0083333333333334095,1.1507520866505871,False
2020-03-28 01:00:00+00:00,0.10000000000000001,0.012500000000000075,0.92828431459265437,False
2020-03-28 02:00:00+00:00,0,0.012500000000000075,1.0000000353449836,False
2020-03-28 03:00:00+00:00,0,0.012500000000000075,1.0000000353449836,False
2020-03-28 04:00:00+00:00,0,0.012500000000000075,1.0000000353449836,False
2020-03-28 05:00:00+00:00,0.10000000000000001,0.016666666666666743,1.0501650157864253,False
2020-03-28 06:00:00+00:00,0,0.016666666666666743,1.0000000463652943,False
2020-03-28 07:00:00+00:00,0,0.016666666666666743,1.0000000463652943,False
2020-03-28 08:00:00+00:00,0,0.016666666666666743,1.0000000463652943,False
2020-03-28 09:00:00+00:00,0,0.016666666666666743,1.0000000463652943,False
2020-03-28 10:00:00+00:00,0.20000000000000001,0.025000000000000078,0.99559773657824269,False
2020-03-28 11:00:00+00:00,0.10000000000000001,0.029166666666666743,1.0000000000000004,False
2020-03-28 12:00:00+00:00,0.29999999999999999,0.041666666666666741,1.0438740930146715,False
2020-03-28 13:00:00+00:00,0.10000000000000001,0.045833333333333413,0.99999999999999978,False
2020-03-28 14:00:00+00:00,0.10000000000000001,0.050000000000000079,0.99999999999999922,False
2020-03-28 15:00:00+00:00,0,0.050000000000000079,0.99999999645345639,False
2020-03-28 16:00:00+00:00,0,0.050000000000000079,0.99999999645345639,False
2020-03-28 17:00:00+00:00,0,0.050000000000000079,0.99999999645345639,False
2020-03-28 18:00:00+00:00,0,0.050000000000000079,0.99999999645345639,False
2020-03-28 19:00:00+00:00,0,0.050000000000000079,0.99999999645345639,False
2020-03-28 20:00:00+00:00,0,0.050000000000000079,0.99999999645345639,False
2020-03-28 21:00:00+00:00,0,0.050000000000000079,0.99999999645345639,False
2020-03-28 22:00:00+00:00,0,0.050000000000000079,0.99999999645345639,False
2020-03-28 23:00:00+00:00,0,0.050000000000000079,0.99999999645345639,False
2020-03-29 00:00:00+00:00,0,0.041666666666666748,12499996.54192272,True
2020-03-29 01:00:00+00:00,0,0.037500000000000082,1,False
2020-03-29 02:00:00+00:00,0,0.037500000000000082,1,False
2020-03-29 03:00:00+00:00,0,0.037500000000000082,1,False
2020-03-29 04:00:00+00:00,0,0.037500000000000082,1,False
2020-03-29 05:00:00+00:00,0,0.033333333333333409,0.99999999533552264,False
2020-03-29 06:00:00+00:00,0,0.033333333333333409,0.99999999533552264,False
2020-03-29 07:00:00+00:00,0.10000000000000001,0.037500000000000082,1.0000000000000016,False
2020-03-29 08:00:00+00:00,0,0.037500000000000082,1,False
2020-03-29 09:00:00+00:00,0,0.037500000000000082,1,False
2020-03-29 10:00:00+00:00,0.29999999999999999,0.041666666666666741,1.0438740930146715,False
2020-03-29 11:00:00+00:00,0.5,0.058333333333333404,1.0895482859606545,False
2020-03-29 12:00:00+00:00,0.5,0.066666666666666749,1.0642155397803277,False
2020-03-29 13:00:00+00:00,0.29999999999999999,0.07500000000000008,0.97231608313405327,False
2020-03-29 14:00:00+00:00,0.5,0.091666666666666743,1.0107678435398846,False
2020-03-29 15:00:00+00:00,0.59999999999999998,0.11666666666666674,1.0231094693654721,False
2020-03-29 16:00:00+00:00,0.59999999999999998,0.14166666666666675,1.0237807055942811,False
2020-03-29 17:00:00+00:00,0.69999999999999996,0.17083333333333339,0.9896684384846044,False
2020-03-29 18:00:00+00:00,0.69999999999999996,0.20000000000000007,0.98843013367922139,False
2020-03-29 19:00:00+00:00,0.40000000000000002,0.21666666666666676,1.0530135621955508,False
2020-03-29 20:00:00+00:00,0.20000000000000001,0.22500000000000006,1.0022669252085608,False
2020-03-29 21:00:00+00:00,0.20000000000000001,0.23333333333333339,0.99972664232120723,False
2020-03-29 22:00:00+00:00,0.29999999999999999,0.24583333333333338,1.0603127093554243,False
2020-03-29 23:00:00+00:00,0.29999999999999999,0.25833333333333341,1.0547626379899877,False
2020-03-30 00:00:00+00:00,0.40000000000000002,0.27500000000000008,1.0682901111116088,False
2020-03-30 01:00:00+00:00,0.10000000000000001,0.27916666666666673,1.0162884952986111,False
2020-03-30 02:00:00+00:00,0,0.27916666666666673,0.98657626641912011,False
2020-03-30 03:00:00+00:00,0,0.27916666666666673,0.98657626641912011,False
2020-03-30 04:00:00+00:00,0,0.27916666666666673,0.98657626641912011,False
2020-03-30 05:00:00+00:00,0,0.27916666666666673,0.98657626641912011,False
2020-03-30 06:00:00+00:00,0,0.27916666666666673,0.98657626641912011,False
2020-03-30 07:00:00+00:00,0,0.27500000000000008,1.0009268621413743,False
2020-03-30 08:00:00+00:00,0,0.27500000000000008,1.0009268621413743,False
2020-03-30 09:00:00+00:00,0,0.27500000000000008,1.0009268621413743,False
2020-03-30 10:00:00+00:00,0,0.26250000000000012,1.0671281260698786,False
2020-03-30 11:00:00+00:00,0,0.24166666666666678,1.0050108322907556,False
2020-03-30 12:00:00+00:00,0,0.22083333333333344,0.97519380306815551,False
2020-03-30 13:00:00+00:00,0,0.2083333333333334,0.99999999999999933,False
2020-03-30 14:00:00+00:00,0,0.18750000000000008,0.94483487171582259,False
2020-03-30 15:00:00+00:00,0,0.16250000000000006,1.1071932792576029,False
2020-03-30 16:00:00+00:00,0,0.13750000000000007,1.0000000000000009,False
2020-03-30 17:00:00+00:00,0,0.10833333333333341,1.0000000000000004,False
2020-03-30 18:00:00+00:00,0,0.079166666666666746,1.0000000000000004,False
2020-03-30 19:00:00+00:00,0,0.062500000000000083,0.99999999999999978,False
2020-03-30 20:00:00+00:00,0,0.054166666666666752,1.0000000806067932,False
2020-03-30 21:00:00+00:00,0,0.045833333333333413,1.0000000920367009,False
2020-03-30 22:00:00+00:00,0,0.033333333333333416,1.0000000117961156,False
2020-03-30 23:00:00+00:00,0,0.020833333333333412,1.0000000019467443,False
2020-03-31 00:00:00+00:00,0,0.0041666666666667455,1.0000000295481191,False
2020-03-31 01:00:00+00:00,0,0,1,False
2020-03-31 02:00:00+00:00,0,0,1,False
2020-03-31 03:00:00+00:00,0,0,1,False
2020-03-31 04:00:00+00:00,0,0,1,False
2020-03-31 05:00:00+00:00,0,0,1,False
2020-03-31 06:00:00+00:00,0,0,1,False
2020-03-31 07:00:00+00:00,0,0,1,False
2020-03-31 08:00:00+00:00,0,0,1,False
2020-03-31 09:00:00+00:00,0,0,1,False
2020-03-31 10:00:00+00:00,0,0,1,False
2020-03-31 11:00:00+00:00,0.10000000000000001,0.0041666666666667455,0.99689542488043092,False
2020-03-31 12:00:00+00:00,0.20000000000000001,0.01250000000000008,1.0755502654500606,False
2020-03-31 13:00:00+00:00,0.29999999999999999,0.025000000000000078,1.1100518362663132,False
2020-03-31 14:00:00+00:00,0.20000000000000001,0.033333333333333409,0.92391912930796849,False
2020-03-31 15:00:00+00:00,0.20000000000000001,0.041666666666666741,0.98106738232222879,False
2020-03-31 16:00:00+00:00,0.29999999999999999,0.054166666666666745,1.0041125446193939,False
2020-03-31 17:00:00+00:00,0.20000000000000001,0.062500000000000069,1.0051394563649292,False
2020-03-31 18:00:00+00:00,0.20000000000000001,0.070833333333333415,1.0228048650948107,False
2020-03-31 19:00:00+00:00,0.10000000000000001,0.07500000000000008,1.0000000000000007,False
2020-03-31 20:00:00+00:00,0.10000000000000001,0.079166666666666746,0.99999999999999989,False
2020-03-31 21:00:00+00:00,0.20000000000000001,0.087500000000000078,1.0044642856922081,False
2020-03-31 22:00:00+00:00,0.20000000000000001,0.095833333333333423,1.0000000000000002,False
2020-03-31 23:00:00+00:00,0.10000000000000001,0.10000000000000009,1.031123645787609,False
2020-04-01 00:00:00+00:00,0.20000000000000001,0.10833333333333341,1.0000000000000002,False
2020-04-01 01:00:00+00:00,0.29999999999999999,0.12083333333333342,0.9624783676321047,False
2020-04-01 02:00:00+00:00,0.29999999999999999,0.13333333333333341,0.98470617898706192,False
2020-04-01 03:00:00+00:00,0.10000000000000001,0.13750000000000009,1.0394446772920116,False
2020-04-01 04:00:00+00:00,0.10000000000000001,0.14166666666666675,1.0136057121124304,False
2020-04-01 05:00:00+00:00,0.20000000000000001,0.15000000000000008,1.005364067744742,False
2020-04-01 06:00:00+00:00,0.20000000000000001,0.15833333333333341,1.0159995817002505,False
2020-04-01 07:00:00+00:00,0.10000000000000001,0.16250000000000009,0.9953998776539521,False
2020-04-01 08:00:00+00:00,0.20000000000000001,0.17083333333333342,1.0452161275620322,False
2020-04-01 09:00:00+00:00,0.29999999999999999,0.18333333333333343,1.0865274564324714,False
2020-04-01 10:00:00+00:00,0.80000000000000004,0.21666666666666676,1.0015399134788816,False
2020-04-01 11:00:00+00:00,1,0.25416666666666676,0.97732727049135826,False
2020-04-01 12:00:00+00:00,1.2,0.29583333333333345,1.0057908078267657,False
2020-04-01 13:00:00+00:00,0.69999999999999996,0.31250000000000006,0.99828771777699798,False
2020-04-01 14:00:00+00:00,0.5,0.32500000000000012,1.0328098501111123,False
2020-04-01 15:00:00+00:00,0.69999999999999996,0.34583333333333344,0.98857147129595835,False
2020-04-01 16:00:00+00:00,0.59999999999999998,0.35833333333333339,1.0034489640329372,False
2020-04-01 17:00:00+00:00,0.59999999999999998,0.37500000000000006,0.99524994033310421,False
2020-04-01 18:00:00+00:00,0.69999999999999996,0.39583333333333343,0.99309432926310193,False
2020-04-01 19:00:00+00:00,0.29999999999999999,0.40416666666666673,1.0937097730079679,False
2020-04-01 20:00:00+00:00,0.40000000000000002,0.41666666666666674,1.0037098518752474,False
2020-04-01 21:00:00+00:00,0.20000000000000001,0.41666666666666674,1.0026392013997361,False
2020-04-01 22:00:00+00:00,0.29999999999999999,0.42083333333333339,1.0797974540328898,False
2020-04-01 23:00:00+00:00,0.20000000000000001,0.42500000000000004,1.006509127775606,False
2020-04-02 00:00:00+00:00,0.20000000000000001,0.4250000000000001,1.0042983790645388,False
2020-04-02 01:00:00+00:00,0.40000000000000002,0.4291666666666667,1.0039129344433675,False
2020-04-02 02:00:00+00:00,0.59999999999999998,0.44166666666666682,0.99403566920276265,False
2020-04-02 03:00:00+00:00,0.69999999999999996,0.46666666666666673,0.99171110573889165,False
2020-04-02 04:00:00+00:00,1.2,0.51250000000000007,1.0488379879657013,False
2020-04-02 05:00:00+00:00,1.8,0.57916666666666672,1.0152459059956105,False
2020-04-02 06:00:00+00:00,2.2999999999999998,0.66666666666666663,1.0848991787608209,False
2020-04-02 07:00:00+00:00,2.3999999999999999,0.76250000000000007,1.098705684650868,False
2020-04-02 08:00:00+00:00,1.1000000000000001,0.80000000000000016,1.0149041016544273,False
2020-04-02 09:00:00+00:00,1.5,0.85000000000000009,1.0456996136851895,False
2020-04-02 10:00:00+00:00,1.7,0.88750000000000007,1.116699684151113,False
2020-04-02 11:00:00+00:00,1.2,0.89583333333333337,1.0542933206003395,False
2020-04-02 12:00:00+00:00,0.29999999999999999,0.85833333333333339,1.0522984622149401,False
2020-04-02 13:00:00+00:00,0.40000000000000002,0.84583333333333333,1.0289802559654766,False
2020-04-02 14:00:00+00:00,1.3,0.87916666666666676,1.0411877273268466,False
2020-04-02 15:00:00+00:00,0.5,0.87083333333333346,1.1083225868454771,False
2020-04-02 16:00:00+00:00,0.29999999999999999,0.85833333333333339,1.0522984622149401,False
2020-04-02 17:00:00+00:00,0.10000000000000001,0.83750000000000024,1.0530397582704709,False
2020-04-02 18:00:00+00:00,0.29999999999999999,0.8208333333333333,1.0003795274009604,False
2020-04-02 19:00:00+00:00,0.40000000000000002,0.82500000000000018,1.007148476590328,False
2020-04-02 20:00:00+00:00,0.20000000000000001,0.81666666666666676,0.99939166779211219,False
2020-04-02 21:00:00+00:00,0,0.80833333333333346,1.1387797074948445,False
2020-04-02 22:00:00+00:00,0.10000000000000001,0.80000000000000016,1.0250281267637082,False
2020-04-02 23:00:00+00:00,0.10000000000000001,0.79583333333333339,1.0241597412886903,False
2020-04-03 00:00:00+00:00,0.29999999999999999,0.80000000000000016,0.99946126135464153,False
2020-04-03 01:00:00+00:00,0.29999999999999999,0.79583333333333339,0.99946938465882551,False
2020-04-03 02:00:00+00:00,0.5,0.79166666666666685,1.0007766195805174,False
2020-04-03 03:00:00+00:00,0.29999999999999999,0.77500000000000024,0.99284515181765742,False
2020-04-03 04:00:00+00:00,0.29999999999999999,0.73749999999999993,0.98246899633986828,False
2020-04-03 05:00:00+00:00,0.40000000000000002,0.6791666666666667,0.99802084291395643,False
2020-04-03 06:00:00+00:00,0.10000000000000001,0.58750000000000002,1.0209620908271497,False
2020-04-03 07:00:00+00:00,0.10000000000000001,0.49166666666666675,1.2161194907376041,False
2020-04-03 08:00:00+00:00,0.20000000000000001,0.45416666666666677,1.0168861556721429,False
2020-04-03 09:00:00+00:00,0.20000000000000001,0.40000000000000013,1.0092511477251609,False
2020-04-03 10:00:00+00:00,0.10000000000000001,0.33333333333333343,1.0193391096465017,False
2020-04-03 11:00:00+00:00,0.10000000000000001,0.28750000000000009,1.0409938471187314,False
2020-04-03 12:00:00+00:00,0,0.27500000000000008,1.0009268621413743,False
2020-04-03 13:00:00+00:00,0,0.25833333333333341,0.99118703484635706,False
2020-04-03 14:00:00+00:00,0,0.20416666666666675,1.0000000000000004,False
2020-04-03 15:00:00+00:00,0,0.18333333333333343,1.0099088707711006,False
2020-04-03 16:00:00+00:00,0,0.17083333333333339,0.97690445372479817,False
2020-04-03 17:00:00+00:00,0.10000000000000001,0.17083333333333342,1.0540190150070021,False
2020-04-03 18:00:00+00:00,0.10000000000000001,0.16250000000000009,0.9953998776539521,False
2020-04-03 19:00:00+00:00,0.10000000000000001,0.15000000000000008,0.98066455170874678,False
2020-04-03 20:00:00+00:00,0.10000000000000001,0.1458333333333334,0.98101799862569217,False
2020-04-03 21:00:00+00:00,0.10000000000000001,0.15000000000000008,0.98066455170874678,False
2020-04-03 22:00:00+00:00,0.20000000000000001,0.15416666666666676,1.0076396779075167,False
2020-04-03 23:00:00+00:00,0.20000000000000001,0.15833333333333341,1.0159995817002505,False
2020-04-04 00:00:00+00:00,0.29999999999999999,0.15833333333333341,1.0050420742362856,False
2020-04-04 01:00:00+00:00,0.10000000000000001,0.15000000000000008,0.98066455170874678,False
2020-04-04 02:00:00+00:00,0.10000000000000001,0.13333333333333341,0.99355032420360512,False
2020-04-04 03:00:00+00:00,0.20000000000000001,0.12916666666666674,0.97826618587811709,False
2020-04-04 04:00:00+00:00,0.40000000000000002,0.13333333333333341,0.93955221230327035,False
2020-04-04 05:00:00+00:00,0.40000000000000002,0.13333333333333341,0.93955221230327035,False
2020-04-04 06:00:00+00:00,0.20000000000000001,0.13750000000000007,0.96413689482116494,False
2020-04-04 07:00:00+00:00,0.10000000000000001,0.13750000000000009,1.0394446772920116,False
2020-04-04 08:00:00+00:00,0,0.12916666666666674,0.999999999999999,False
2020-04-04 09:00:00+00:00,0,0.1208333333333334,1,False
2020-04-04 10:00:00+00:00,0,0.11666666666666675,1.0000000000000004,False
2020-04-04 11:00:00+00:00,0,0.11250000000000009,0.99999999999999944,False
2020-04-04 12:00:00+00:00,0,0.11250000000000009,0.99999999999999944,False
2020-04-04 13:00:00+00:00,0,0.11250000000000009,0.99999999999999944,False
2020-04-04 14:00:00+00:00,0,0.11250000000000009,0.99999999999999944,False
2020-04-04 15:00:00+00:00,0,0.11250000000000009,0.99999999999999944,False
2020-04-04 16:00:00+00:00,0,0.11250000000000009,0.99999999999999944,False
2020-04-04 17:00:00+00:00,0,0.10833333333333341,1.0000000000000004,False
2020-04-04 18:00:00+00:00,0.10000000000000001,0.10833333333333341,1.0712092514371545,False
2020-04-04 19:00:00+00:00,0.40000000000000002,0.1208333333333334,0.93701308025601882,False
2020-04-04 20:00:00+00:00,0.40000000000000002,0.13333333333333341,0.93955221230327035,False
2020-04-04 21:00:00+00:00,0.29999999999999999,0.14166666666666675,0.98894610396585991,False
2020-04-04 22:00:00+00:00,0.20000000000000001,0.14166666666666675,0.98499498980630429,False
2020-04-04 23:00:00+00:00,0.29999999999999999,0.1458333333333334,0.98781983042355326,False
2020-04-05 00:00:00+00:00,0.29999999999999999,0.1458333333333334,0.98781983042355326,False
2020-04-05 01:00:00+00:00,0.29999999999999999,0.15416666666666676,0.99076169084390497,False
2020-04-05 02:00:00+00:00,0.20000000000000001,0.15833333333333341,1.0159995817002505,False
2020-04-05 03:00:00+00:00,0,0.15000000000000008,0.99999999999999867,False
2020-04-05 04:00:00+00:00,0.10000000000000001,0.13750000000000009,1.0394446772920116,False
2020-04-05 05:00:00+00:00,0.29999999999999999,0.13333333333333341,0.98470617898706192,False
2020-04-05 06:00:00+00:00,0.5,0.1458333333333334,0.94732072245488219,False
2020-04-05 07:00:00+00:00,0.10000000000000001,0.1458333333333334,0.98101799862569217,False
2020-04-05 08:00:00+00:00,0.20000000000000001,0.15416666666666676,1.0076396779075167,False
2020-04-05 09:00:00+00:00,0,0.15416666666666676,0.93905977449765388,False
2020-04-05 10:00:00+00:00,0.10000000000000001,0.15833333333333341,0.96137856390300203,False
2020-04-05 11:00:00+00:00,0.20000000000000001,0.16666666666666674,1.0340868096899465,False
2020-04-05 12:00:00+00:00,0.20000000000000001,0.17500000000000007,1.0638234643844764,False
2020-04-05 13:00:00+00:00,0,0.17500000000000007,1.0686661459692306,False
2020-04-05 14:00:00+00:00,0,0.17500000000000007,1.0686661459692306,False
2020-04-05 15:00:00+00:00,0,0.17500000000000007,1.0686661459692306,False
2020-04-05 16:00:00+00:00,0,0.17500000000000007,1.0686661459692306,False
2020-04-05 17:00:00+00:00,0,0.17500000000000007,1.0686661459692306,False
2020-04-05 18:00:00+00:00,0,0.17083333333333339,0.97690445372479817,False
2020-04-05 19:00:00+00:00,0,0.15416666666666676,0.93905977449765388,False
2020-04-05 20:00:00+00:00,0,0.13750000000000007,1.0000000000000009,False
2020-04-05 21:00:00+00:00,0,0.12500000000000008,1.0000000000000011,False
2020-04-05 22:00:00+00:00,0,0.11666666666666674,1.0000000000000004,False
2020-04-05 23:00:00+00:00,0,0.10416666666666674,1.0000000000000013,False
2020-04-06 00:00:00+00:00,0,0.091666666666666743,0.99999999999999933,False
2020-04-06 01:00:00+00:00,0,0.079166666666666746,1.0000000000000004,False
2020-04-06 02:00:00+00:00,0,0.070833333333333415,0.99999999999999944,False
2020-04-06 03:00:00+00:00,0,0.070833333333333415,0.99999999999999944,False
2020-04-06 04:00:00+00:00,0,0.066666666666666749,1.0000000000000004,False
2020-04-06 05:00:00+00:00,0,0.054166666666666745,1.0000000512128768,False
2020-04-06 06:00:00+00:00,0,0.033333333333333409,0.99999999533552264,False
2020-04-06 07:00:00+00:00,0,0.029166666666666743,11111106.723833438,True
2020-04-06 08:00:00+00:00,0,0.020833333333333409,0.99999999900735326,False
2020-04-06 09:00:00+00:00,0,0.020833333333333409,0.99999999900735326,False
2020-04-06 10:00:00+00:00,0,0.016666666666666743,1.0000000463652943,False
2020-04-06 11:00:00+00:00,0,0.0083333333333334078,0.99999999998554401,False
2020-04-06 12:00:00+00:00,0,0,1,False
2020-04-06 13:00:00+00:00,0,0,1,False
2020-04-06 14:00:00+00:00,0,0,1,False
2020-04-06 15:00:00+00:00,0,0,1,False
2020-04-06 16:00:00+00:00,0,0,1,False
2020-04-06 17:00:00+00:00,0.10000000000000001,0.0041666666666667412,0.99689542488043092,False
2020-04-06 18:00:00+00:00,0.29999999999999999,0.016666666666666743,1.1745327143063742,False
2020-04-06 19:00:00+00:00,0.90000000000000002,0.054166666666666731,1.1219346505223342,False
2020-04-06 20:00:00+00:00,0.90000000000000002,0.091666666666666743,1.0449969732053033,False
2020-04-06 21:00:00+00:00,0.5,0.11250000000000009,0.98698722727673427,False
2020-04-06 22:00:00+00:00,0.10000000000000001,0.11666666666666674,1.0279661438016419,False
2020-04-06 23:00:00+00:00,0.20000000000000001,0.12500000000000008,0.9900301284229549,False
2020-04-07 00:00:00+00:00,0.20000000000000001,0.13333333333333341,0.95963526044546676,False
2020-04-07 01:00:00+00:00,0.10000000000000001,0.13750000000000007,1.0394446772920116,False
2020-04-07 02:00:00+00:00,0.10000000000000001,0.14166666666666675,1.0136057121124304,False
2020-04-07 03:00:00+00:00,0.29999999999999999,0.15416666666666676,0.99076169084390497,False
2020-04-07 04:00:00+00:00,0.29999999999999999,0.16666666666666674,1.0413498697942198,False
2020-04-07 05:00:00+00:00,0.40000000000000002,0.18333333333333343,1.0204125655284162,False
2020-04-07 06:00:00+00:00,0.10000000000000001,0.18750000000000008,1.1984482969764803,False
2020-04-07 07:00:00+00:00,0,0.18750000000000008,0.94483487171582259,False
2020-04-07 08:00:00+00:00,0,0.18750000000000008,0.94483487171582259,False
2020-04-07 09:00:00+00:00,0,0.18750000000000008,0.94483487171582259,False
2020-04-07 10:00:00+00:00,0,0.18750000000000008,0.94483487171582259,False
2020-04-07 11:00:00+00:00,0,0.18750000000000008,0.94483487171582259,False
2020-04-07 12:00:00+00:00,0,0.18750000000000008,0.94483487171582259,False
2020-04-07 13:00:00+00:00,0,0.18750000000000008,0.94483487171582259,False
2020-04-07 14:00:00+00:00,0,0.18750000000000008,0.94483487171582259,False
2020-04-07 15:00:00+00:00,0,0.18750000000000008,0.94483487171582259,False
2020-04-07 16:00:00+00:00,0,0.18750000000000008,0.94483487171582259,False
2020-04-07 17:00:00+00:00,0,0.18333333333333343,1.0099088707711006,False
2020-04-07 18:00:00+00:00,0,0.17083333333333339,0.97690445372479817,False
2020-04-07 19:00:00+00:00,0,0.13333333333333341,0.99999999999999978,False
2020-04-07 20:00:00+00:00,0,0.095833333333333395,0.99999999999999944,False
2020-04-07 21:00:00+00:00,0,0.075000000000000067,0.99999999999999956,False
2020-04-07 22:00:00+00:00,0,0.070833333333333401,0.99999999999999944,False
2020-04-07 23:00:00+00:00,0.20000000000000001,0.070833333333333401,1.0253176855939601,False
2020-04-08 00:00:00+00:00,0.20000000000000001,0.070833333333333401,1.0253176855939601,False
2020-04-08 01:00:00+00:00,0.29999999999999999,0.079166666666666732,0.98757718728202837,False
2020-04-08 02:00:00+00:00,0.29999999999999999,0.087500000000000064,1.020171164208665,False
2020-04-08 03:00:00+00:00,0.10000000000000001,0.079166666666666732,0.99999999999999989,False
2020-04-08 04:00:00+00:00,0.40000000000000002,0.083333333333333412,1.0091325333938679,False
2020-04-08 05:00:00+00:00,0.5,0.087500000000000064,1.0161126131639289,False
2020-04-08 06:00:00+00:00,0.40000000000000002,0.10000000000000007,0.96179204069115964,False
2020-04-08 07:00:00+00:00,0.29999999999999999,0.11250000000000006,0.96715499937669391,False
2020-04-08 08:00:00+00:00,0,0.11250000000000006,0.99999999999999956,False
2020-04-08 09:00:00+00:00,0,0.11250000000000006,0.99999999999999956,False
2020-04-08 10:00:00+00:00,0.20000000000000001,0.1208333333333334,0.99523740282174245,False
2020-04-08 11:00:00+00:00,0.29999999999999999,0.13333333333333339,0.98470617898706203,False
2020-04-08 12:00:00+00:00,0.5,0.15416666666666673,0.95595476538650637,False
2020-04-08 13:00:00+00:00,0.69999999999999996,0.18333333333333338,0.98757599899995019,False
2020-04-08 14:00:00+00:00,0.90000000000000002,0.22083333333333341,0.97776798274759236,False
2020-04-08 15:00:00+00:00,1.1000000000000001,0.26666666666666677,1.0047241199827135,False
2020-04-08 16:00:00+00:00,1,0.3083333333333334,0.98378963565972399,False
2020-04-08 17:00:00+00:00,0.80000000000000004,0.34166666666666673,1.0093802735818203,False
2020-04-08 18:00:00+00:00,0.20000000000000001,0.35000000000000009,1.0491989409089548,False
2020-04-08 19:00:00+00:00,0,0.35000000000000009,0.97745686742743865,False
2020-04-08 20:00:00+00:00,0.20000000000000001,0.35833333333333339,1.0439082029760363,False
2020-04-08 21:00:00+00:00,0.40000000000000002,0.37500000000000006,1.0125743844850734,False
2020-04-08 22:00:00+00:00,0.40000000000000002,0.39166666666666677,1.0081467606719738,False
2020-04-08 23:00:00+00:00,0.5,0.40416666666666679,1.0044283216821064,False
2020-04-09 00:00:00+00:00,0.20000000000000001,0.40416666666666673,1.0088067718088738,False
2020-04-09 01:00:00+00:00,0.10000000000000001,0.39583333333333343,1.0120726122754626,False
2020-04-09 02:00:00+00:00,0,0.38333333333333336,1.1101168543583617,False
2020-04-09 03:00:00+00:00,0,0.37916666666666671,1.1054330973302036,False
2020-04-09 04:00:00+00:00,0.10000000000000001,0.36666666666666675,0.97845572967765071,False
2020-04-09 05:00:00+00:00,0.10000000000000001,0.35000000000000009,0.9894812995347686,False
2020-04-09 06:00:00+00:00,0.10000000000000001,0.33750000000000008,1.0125892998076993,False
2020-04-09 07:00:00+00:00,0.10000000000000001,0.32916666666666672,1.0277919246963569,False
2020-04-09 08:00:00+00:00,0.10000000000000001,0.33333333333333343,1.0193391096465017,False
2020-04-09 09:00:00+00:00,0,0.33333333333333343,0.97906844074491162,False
2020-04-09 10:00:00+00:00,0,0.32500000000000012,1.0212571255236738,False
2020-04-09 11:00:00+00:00,0,0.31250000000000006,1.0326121144963805,False
2020-04-09 12:00:00+00:00,0,0.29166666666666674,1.014194717976695,False
2020-04-09 13:00:00+00:00,0.10000000000000001,0.26666666666666677,0.98389310510999906,False
2020-04-09 14:00:00+00:00,0.10000000000000001,0.23333333333333342,1.01843838976643,False
2020-04-09 15:00:00+00:00,0.20000000000000001,0.19583333333333339,1.1647015923553146,False
2020-04-09 16:00:00+00:00,0,0.15416666666666676,0.93905977449765388,False
2020-04-09 17:00:00+00:00,0,0.12083333333333342,0.99999999999999978,False
2020-04-09 18:00:00+00:00,0,0.11250000000000009,0.99999999999999944,False
2020-04-09 19:00:00+00:00,0,0.11250000000000009,0.99999999999999944,False
2020-04-09 20:00:00+00:00,0,0.10416666666666674,1.0000000000000013,False
2020-04-09 21:00:00+00:00,0,0.087500000000000078,1.0000000000000002,False
2020-04-09 22:00:00+00:00,0,0.070833333333333415,0.99999999999999944,False
2020-04-09 23:00:00+00:00,0,0.050000000000000079,0.99999999645345639,False
2020-04-10 00:00:00+00:00,0,0.041666666666666741,12499996.541922724,True
2020-04-10 01:00:00+00:00,0,0.037500000000000075,1,False
2020-04-10 02:00:00+00:00,0,0.037500000000000075,1,False
2020-04-10 03:00:00+00:00,0,0.037500000000000075,1,False
2020-04-10 04:00:00+00:00,0,0.033333333333333409,0.99999999533552264,False
2020-04-10 05:00:00+00:00,0,0.029166666666666743,11111106.723833438,True
2020-04-10 06:00:00+00:00,0,0.025000000000000078,0.99999999999999967,False
2020-04-10 07:00:00+00:00,0,0.020833333333333409,0.99999999900735326,False
2020-04-10 08:00:00+00:00,0,0.016666666666666743,1.0000000463652943,False
2020-04-10 09:00:00+00:00,0,0.016666666666666743,1.0000000463652943,False
2020-04-10 10:00:00+00:00,0,0.016666666666666743,1.0000000463652943,False
2020-04-10 11:00:00+00:00,0,0.016666666666666743,1.0000000463652943,False
2020-04-10 12:00:00+00:00,0,0.016666666666666743,1.0000000463652943,False
2020-04-10 13:00:00+00:00,0,0.012500000000000075,1.0000000353449836,False
2020-04-10 14:00:00+00:00,0,0.0083333333333334078,0.99999999998554401,False
2020-04-10 15:00:00+00:00,0,0,1,False
2020-04-10 16:00:00+00:00,0,0,1,False
2020-04-10 17:00:00+00:00,0,0,1,False
2020-04-10 18:00:00+00:00,0,0,1,False
2020-04-10 19:00:00+00:00,0,0,1,False
2020-04-10 20:00:00+00:00,0,0,1,False
2020-04-10 21:00:00+00:00,0,0,1,False
2020-04-10 22:00:00+00:00,0,0,1,False
2020-04-10 23:00:00+00:00,0,0,1,False
2020-04-11 00:00:00+00:00,0,0,1,False
2020-04-11 01:00:00+00:00,0,0,1,False
2020-04-11 02:00:00+00:00,0,0,1,False
2020-04-11 03:00:00+00:00,0,0,1,False
2020-04-11 04:00:00+00:00,0.10000000000000001,0.0041666666666667412,0.99689542488043092,False
2020-04-11 05:00:00+00:00,0.10000000000000001,0.0083333333333334078,1.0069306929704918,False
2020-04-11 06:00:00+00:00,0.20000000000000001,0.016666666666666743,1.0540640308213391,False
2020-04-11 07:00:00+00:00,0.20000000000000001,0.025000000000000078,0.99559773657824269,False
2020-04-11 08:00:00+00:00,0.29999999999999999,0.037500000000000075,1.0506615538609934,False
2020-04-11 09:00:00+00:00,0.10000000000000001,0.041666666666666741,1.0000000000000004,False
2020-04-11 10:00:00+00:00,0.20000000000000001,0.050000000000000072,1.0124279186448648,False
2020-04-11 11:00:00+00:00,0.10000000000000001,0.054166666666666745,0.99999999999999956,False
2020-04-11 12:00:00+00:00,0.5,0.07500000000000008,1.0401640764721283,False
2020-04-11 13:00:00+00:00,1.1000000000000001,0.12083333333333342,1.1563082892213385,False
2020-04-11 14:00:00+00:00,0.5,0.14166666666666675,0.94343064712804314,False
2020-04-11 15:00:00+00:00,0.29999999999999999,0.15416666666666676,0.99076169084390497,False
2020-04-11 16:00:00+00:00,0.40000000000000002,0.17083333333333342,1.0150127516480165,False
2020-04-11 17:00:00+00:00,0.5,0.19166666666666676,1.0009443319560052,False
2020-04-11 18:00:00+00:00,0.20000000000000001,0.20000000000000007,1.1576154896820843,False
2020-04-11 19:00:00+00:00,0.20000000000000001,0.2083333333333334,1.1256679848813234,False
2020-04-11 20:00:00+00:00,0.10000000000000001,0.21250000000000011,1.0642364574782524,False
2020-04-11 21:00:00+00:00,0.10000000000000001,0.21666666666666676,1.0362977899062413,False
2020-04-11 22:00:00+00:00,0,0.21666666666666676,0.99521207395562472,False
2020-04-11 23:00:00+00:00,0,0.21666666666666676,0.99521207395562472,False
2020-04-12 00:00:00+00:00,0,0.21666666666666676,0.99521207395562472,False
2020-04-12 01:00:00+00:00,0.20000000000000001,0.22500000000000009,1.0022669252085605,False
2020-04-12 02:00:00+00:00,0.29999999999999999,0.23750000000000007,1.0495010382381498,False
2020-04-12 03:00:00+00:00,0.59999999999999998,0.26250000000000007,1.0211286030299955,False
2020-04-12 04:00:00+00:00,0.80000000000000004,0.2916666666666668,1.0034774942033553,False
2020-04-12 05:00:00+00:00,0.5,0.3083333333333334,1.0555417805837342,False
2020-04-12 06:00:00+00:00,0.59999999999999998,0.32500000000000007,1.0088218877036765,False
2020-04-12 07:00:00+00:00,0.40000000000000002,0.33333333333333343,1.0201617333904713,False
2020-04-12 08:00:00+00:00,0.5,0.34166666666666673,1.020652974303194,False
2020-04-12 09:00:00+00:00,0.5,0.35833333333333339,1.0148434942404079,False
2020-04-12 10:00:00+00:00,0.80000000000000004,0.38333333333333347,0.99841339626739534,False
2020-04-12 11:00:00+00:00,1,0.42083333333333339,1.0116844975690773,False
2020-04-12 12:00:00+00:00,0.59999999999999998,0.42500000000000004,0.99120709241414118,False
2020-04-12 13:00:00+00:00,0.29999999999999999,0.39166666666666677,1.0828798363009524,False
2020-04-12 14:00:00+00:00,0.10000000000000001,0.37500000000000006,0.98200126051863335,False
2020-04-12 15:00:00+00:00,0,0.3625000000000001,1.0661109995936997,False
2020-04-12 16:00:00+00:00,0.20000000000000001,0.35416666666666674,1.0398072154256626,False
2020-04-12 17:00:00+00:00,0.5,0.35416666666666674,1.0154205263475342,False
2020-04-12 18:00:00+00:00,0.80000000000000004,0.37916666666666671,0.99813153349949812,False
2020-04-12 19:00:00+00:00,0.5,0.39166666666666677,1.0064293948139786,False
2020-04-12 20:00:00+00:00,0.10000000000000001,0.39166666666666677,0.99215085082018817,False
2020-04-12 21:00:00+00:00,0.10000000000000001,0.39166666666666677,0.99215085082018817,False
2020-04-12 22:00:00+00:00,0.10000000000000001,0.39583333333333348,1.0120726122754629,False
2020-04-12 23:00:00+00:00,0.20000000000000001,0.40416666666666679,1.0088067718088733,False
2020-04-13 00:00:00+00:00,0.20000000000000001,0.41250000000000009,1.0003552900446384,False
2020-04-13 01:00:00+00:00,0.20000000000000001,0.41250000000000009,1.0003552900446384,False
2020-04-13 02:00:00+00:00,0.29999999999999999,0.41250000000000009,1.1020055060539236,False
2020-04-13 03:00:00+00:00,0.40000000000000002,0.40416666666666673,1.0047106857253949,False
2020-04-13 04:00:00+00:00,0.10000000000000001,0.37500000000000006,0.98200126051863335,False
2020-04-13 05:00:00+00:00,0.20000000000000001,0.3625000000000001,1.0324147239613837,False
2020-04-13 06:00:00+00:00,0.20000000000000001,0.34583333333333344,1.061662031697614,False
2020-04-13 07:00:00+00:00,0.29999999999999999,0.34166666666666679,1.0703736648733653,False
2020-04-13 08:00:00+00:00,0.29999999999999999,0.33333333333333343,1.0849042042553081,False
2020-04-13 09:00:00+00:00,0.40000000000000002,0.32916666666666677,1.0252465098737664,False
2020-04-13 10:00:00+00:00,0.29999999999999999,0.3083333333333334,1.0875625479125364,False
2020-04-13 11:00:00+00:00,0.59999999999999998,0.29166666666666674,1.0103263960438371,False
2020-04-13 12:00:00+00:00,0.40000000000000002,0.28333333333333344,1.0677590717667973,False
2020-04-13 13:00:00+00:00,0.20000000000000001,0.27916666666666673,0.99641294061108998,False
2020-04-13 14:00:00+00:00,0.20000000000000001,0.28333333333333338,1.0030258756776587,False
2020-04-13 15:00:00+00:00,0.29999999999999999,0.29583333333333339,1.0757000021960563,False
2020-04-13 16:00:00+00:00,0.10000000000000001,0.29166666666666674,1.0426436853402572,False
2020-04-13 17:00:00+00:00,0,0.27083333333333343,1.010440109937633,False
2020-04-13 18:00:00+00:00,0,0.23750000000000007,1.0676332631742962,False
2020-04-13 19:00:00+00:00,0,0.21666666666666676,0.99521207395562472,False
2020-04-13 20:00:00+00:00,0,0.21250000000000011,1,False
2020-04-13 21:00:00+00:00,0,0.2083333333333334,0.99999999999999933,False
2020-04-13 22:00:00+00:00,0,0.20416666666666675,1.0000000000000004,False
2020-04-13 23:00:00+00:00,0,0.19583333333333341,1.1488685831558092,False
2020-04-14 00:00:00+00:00,0,0.18750000000000008,0.94483487171582259,False
2020-04-14 01:00:00+00:00,0,0.17916666666666678,1.3838689368582042,False
2020-04-14 02:00:00+00:00,0,0.16666666666666674,0.94092095045826374,False
2020-04-14 03:00:00+00:00,0,0.15000000000000011,0.999999999999999,False
2020-04-14 04:00:00+00:00,0,0.14583333333333343,1.0000000000000002,False
2020-04-14 05:00:00+00:00,0,0.13750000000000009,1.0000000000000011,False
2020-04-14 06:00:00+00:00,0,0.12916666666666674,0.999999999999999,False
2020-04-14 07:00:00+00:00,0,0.11666666666666675,1.0000000000000004,False
2020-04-14 08:00:00+00:00,0,0.10416666666666675,1.0000000000000027,False
2020-04-14 09:00:00+00:00,0,0.087500000000000078,1.0000000000000002,False
2020-04-14 10:00:00+00:00,0,0.07500000000000008,0.99999999999999944,False
2020-04-14 11:00:00+00:00,0.10000000000000001,0.054166666666666752,0.99999999999999956,False
2020-04-14 12:00:00+00:00,0.5,0.058333333333333411,1.0895482859606545,False
2020-04-14 13:00:00+00:00,0.40000000000000002,0.066666666666666749,1.0454328244697315,False
2020-04-14 14:00:00+00:00,0.10000000000000001,0.062500000000000069,1.0000000000000011,False
2020-04-14 15:00:00+00:00,0.10000000000000001,0.054166666666666752,0.99999999999999956,False
2020-04-14 16:00:00+00:00,0.10000000000000001,0.054166666666666745,0.99999999999999956,False
2020-04-14 17:00:00+00:00,0.10000000000000001,0.058333333333333411,1.0000000000000009,False
2020-04-14 18:00:00+00:00,0.10000000000000001,0.062500000000000083,1.0000000000000013,False
2020-04-14 19:00:00+00:00,0.10000000000000001,0.066666666666666749,1.0000000000000013,False
2020-04-14 20:00:00+00:00,0.10000000000000001,0.070833333333333415,1.0000000000000013,False
2020-04-14 21:00:00+00:00,0.10000000000000001,0.07500000000000008,1.0000000000000007,False
2020-04-14 22:00:00+00:00,0.59999999999999998,0.10000000000000009,1.0447716232402484,False
2020-04-14 23:00:00+00:00,0.69999999999999996,0.12916666666666674,1.0031322819855379,False
2020-04-15 00:00:00+00:00,0.69999999999999996,0.15833333333333341,0.99220644258277391,False
2020-04-15 01:00:00+00:00,0.29999999999999999,0.17083333333333339,1.0592455754342465,False
2020-04-15 02:00:00+00:00,0.29999999999999999,0.18333333333333343,1.0865274564324714,False
2020-04-15 03:00:00+00:00,0.40000000000000002,0.20000000000000007,1.0394614589641622,False
2020-04-15 04:00:00+00:00,0.59999999999999998,0.22500000000000009,1.0462502305004897,False
2020-04-15 05:00:00+00:00,0.59999999999999998,0.25000000000000006,1.0326283271128871,False
2020-04-15 06:00:00+00:00,0.59999999999999998,0.27500000000000008,1.0167323799781296,False
2020-04-15 07:00:00+00:00,0.20000000000000001,0.28333333333333338,1.0030258756776587,False
2020-04-15 08:00:00+00:00,0.10000000000000001,0.28750000000000009,1.0409938471187314,False
2020-04-15 09:00:00+00:00,0.10000000000000001,0.29166666666666674,1.0426436853402572,False
2020-04-15 10:00:00+00:00,0.20000000000000001,0.3000000000000001,1.0240654325681089,False
2020-04-15 11:00:00+00:00,0.20000000000000001,0.30416666666666675,1.0322448886837341,False
2020-04-15 12:00:00+00:00,0.20000000000000001,0.29166666666666674,1.0146573486040082,False
2020-04-15 13:00:00+00:00,0.40000000000000002,0.29166666666666674,1.0684575640455305,False
2020-04-15 14:00:00+00:00,0.69999999999999996,0.31666666666666676,0.99746760838848259,False
2020-04-15 15:00:00+00:00,0.59999999999999998,0.33750000000000008,1.0082629925390729,False
2020-04-15 16:00:00+00:00,1.3999999999999999,0.39166666666666677,1.0232959198810367,False
2020-04-15 17:00:00+00:00,1.6000000000000001,0.45416666666666677,0.99762901883611532,False
2020-04-15 18:00:00+00:00,1.8999999999999999,0.52916666666666667,1.0333348161065812,False
2020-04-15 19:00:00+00:00,1.8999999999999999,0.60416666666666663,1.022015474999036,False
2020-04-15 20:00:00+00:00,1.3999999999999999,0.65833333333333333,0.99691327573056077,False
2020-04-15 21:00:00+00:00,1.2,0.70416666666666672,1.0194384587285596,False
2020-04-15 22:00:00+00:00,0.40000000000000002,0.6958333333333333,0.99291176356840227,False
2020-04-15 23:00:00+00:00,0.29999999999999999,0.6791666666666667,0.99560397842002102,False
2020-04-16 00:00:00+00:00,0.20000000000000001,0.65833333333333333,1.0039447602680471,False
2020-04-16 01:00:00+00:00,0.20000000000000001,0.65416666666666667,1.003211725137241,False
2020-04-16 02:00:00+00:00,0.20000000000000001,0.65000000000000002,1.0034121089651389,False
2020-04-16 03:00:00+00:00,0.29999999999999999,0.64583333333333337,0.99847318531360507,False
2020-04-16 04:00:00+00:00,0.20000000000000001,0.62916666666666676,1.0075212566406822,False
2020-04-16 05:00:00+00:00,0.10000000000000001,0.60833333333333339,1.0114367030455953,False
2020-04-16 06:00:00+00:00,0,0.58333333333333337,1.0176675017435823,False
2020-04-16 07:00:00+00:00,0,0.57500000000000007,1.0221602508431935,False
2020-04-16 08:00:00+00:00,0,0.57083333333333341,1.0461784297923282,False
2020-04-16 09:00:00+00:00,0,0.56666666666666676,1.0626541284750897,False
2020-04-16 10:00:00+00:00,0,0.55833333333333335,1.0762296818645436,False
2020-04-16 11:00:00+00:00,0.20000000000000001,0.55833333333333346,1.0348085376528369,False
2020-04-16 12:00:00+00:00,0.10000000000000001,0.5541666666666667,1.1412577915304649,False
2020-04-16 13:00:00+00:00,0.10000000000000001,0.54166666666666674,1.1310495435138879,False
2020-04-16 14:00:00+00:00,0,0.51250000000000007,0.99962048323784713,False
2020-04-16 15:00:00+00:00,0,0.48750000000000004,0.99133916376204567,False
2020-04-16 16:00:00+00:00,0,0.4291666666666667,1.0104204178413063,False
2020-04-16 17:00:00+00:00,0,0.36250000000000004,1.0661109995936995,False
2020-04-16 18:00:00+00:00,0,0.28333333333333338,0.97719499445363467,False
2020-04-16 19:00:00+00:00,0,0.20416666666666675,1.0000000000000004,False
2020-04-16 20:00:00+00:00,0,0.1458333333333334,1.0000000000000011,False
2020-04-16 21:00:00+00:00,0,0.095833333333333395,0.99999999999999944,False
2020-04-16 22:00:00+00:00,0,0.079166666666666732,1.0000000000000013,False
2020-04-16 23:00:00+00:00,0,0.066666666666666749,1.0000000000000004,False
2020-04-17 00:00:00+00:00,0,0.058333333333333404,1.0000000000000013,False
2020-04-17 01:00:00+00:00,0,0.050000000000000072,0.9999999976292131,False
2020-04-17 02:00:00+00:00,0,0.041666666666666741,12499996.541922724,True
2020-04-17 03:00:00+00:00,0,0.02916666666666674,11111106.72383344,True
2020-04-17 04:00:00+00:00,0,0.020833333333333409,0.99999999900735326,False
2020-04-17 05:00:00+00:00,0,0.016666666666666743,1.0000000463652943,False
2020-04-17 06:00:00+00:00,0,0.016666666666666743,1.0000000463652943,False
2020-04-17 07:00:00+00:00,0,0.016666666666666743,1.0000000463652943,False
2020-04-17 08:00:00+00:00,0,0.016666666666666743,1.0000000463652943,False
2020-04-17 09:00:00+00:00,0,0.016666666666666743,1.0000000463652943,False
2020-04-17 10:00:00+00:00,0,0.016666666666666743,1.0000000463652943,False
2020-04-17 11:00:00+00:00,0,0.0083333333333334078,0.99999999998554401,False
2020-04-17 12:00:00+00:00,0,0.0041666666666667412,0.99999999794965333,False
2020-04-17 13:00:00+00:00,0,0,1,False
2020-04-17 14:00:00+00:00,0,0,1,False
2020-04-17 15:00:00+00:00,0,0,1,False
2020-04-17 16:00:00+00:00,0,0,1,False
2020-04-17 17:00:00+00:00,0,0,1,False
2020-04-17 18:00:00+00:00,0,0,1,False
2020-04-17 19:00:00+00:00,0,0,1,False
2020-04-17 20:00:00+00:00,0,0,1,False
2020-04-17 21:00:00+00:00,0,0,1,False
2020-04-17 22:00:00+00:00,0,0,1,False
2020-04-17 23:00:00+00:00,0,0,1,False
2020-04-18 00:00:00+00:00,0,0,1,False
2020-04-18 01:00:00+00:00,0,0,1,False
2020-04-18 02:00:00+00:00,0,0,1,False
2020-04-18 03:00:00+00:00,0,0,1,False
2020-04-18 04:00:00+00:00,0,0,1,False
2020-04-18 05:00:00+00:00,0,0,1,False
2020-04-18 06:00:00+00:00,0,0,1,False
2020-04-18 07:00:00+00:00,0,0,1,False
2020-04-18 08:00:00+00:00,0,0,1,False
2020-04-18 09:00:00+00:00,0,0,1,False
2020-04-18 10:00:00+00:00,0,0,1,False
2020-04-18 11:00:00+00:00,0,0,1,False
2020-04-18 12:00:00+00:00,0,0,1,False
2020-04-18 13:00:00+00:00,0,0,1,False
2020-04-18 14:00:00+00:00,0,0,1,False
2020-04-18 15:00:00+00:00,0,0,1,False
2020-04-18 16:00:00+00:00,0,0,1,False
2020-04-18 17:00:00+00:00,0,0,1,False
2020-04-18 18:00:00+00:00,0,0,1,False
2020-04-18 19:00:00+00:00,0,0,1,False
2020-04-18 20:00:00+00:00,0,0,1,False
2020-04-18 21:00:00+00:00,0,0,1,False
2020-04-18 22:00:00+00:00,0,0,1,False
2020-04-18 23:00:00+00:00,0,0,1,False
2020-04-19 00:00:00+00:00,0,0,1,False
2020-04-19 01:00:00+00:00,0,0,1,False
2020-04-19 02:00:00+00:00,0,0,1,False
2020-04-19 03:00:00+00:00,0,0,1,False
2020-04-19 04:00:00+00:00,0,0,1,False
2020-04-19 05:00:00+00:00,0,0,1,False
2020-04-19 06:00:00+00:00,0,0,1,False
2020-04-19 07:00:00+00:00,0,0,1,False
2020-04-19 08:00:00+00:00,0,0,1,False
2020-04-19 09:00:00+00:00,0,0,1,False
2020-04-19 10:00:00+00:00,0,0,1,False
2020-04-19 11:00:00+00:00,0,0,1,False
2020-04-19 12:00:00+00:00,0,0,1,False
2020-04-19 13:00:00+00:00,0,0,1,False
2020-04-19 14:00:00+00:00,0,0,1,False
2020-04-19 15:00:00+00:00,0,0,1,False
2020-04-19 16:00:00+00:00,0,0,1,False
2020-04-19 17:00:00+00:00,0,0,1,False
2020-04-19 18:00:00+00:00,0,0,1,False
2020-04-19 19:00:00+00:00,0,0,1,False
2020-04-19 20:00:00+00:00,0,0,1,False
2020-04-19 21:00:00+00:00,0,0,1,False
2020-04-19 22:00:00+00:00,0,0,1,False
2020-04-19 23:00:00+00:00,0,0,1,False
2020-04-20 00:00:00+00:00,0,0,1,False
2020-04-20 01:00:00+00:00,0,0,1,False
2020-04-20 02:00:00+00:00,0,0,1,False
2020-04-20 03:00:00+00:00,0,0,1,False
2020-04-20 04:00:00+00:00,0,0,1,False
2020-04-20 05:00:00+00:00,0,0,1,False
2020-04-20 06:00:00+00:00,0,0,1,False
2020-04-20 07:00:00+00:00,0,0,1,False
2020-04-20 08:00:00+00:00,0,0,1,False
2020-04-20 09:00:00+00:00,0,0,1,False
2020-04-20 10:00:00+00:00,0,0,1,False
2020-04-20 11:00:00+00:00,0,0,1,False
2020-04-20 12:00:00+00:00,0,0,1,False
2020-04-20 13:00:00+00:00,0,0,1,False
2020-04-20 14:00:00+00:00,0,0,1,False
2020-04-20 15:00:00+00:00,0,0,1,False
2020-04-20 16:00:00+00:00,0,0,1,False
2020-04-20 17:00:00+00:00,0,0,1,False
2020-04-20 18:00:00+00:00,0,0,1,False
2020-04-20 19:00:00+00:00,0,0,1,False
2020-04-20 20:00:00+00:00,0,0,1,False
2020-04-20 21:00:00+00:00,0,0,1,False
2020-04-20 22:00:00+00:00,0,0,1,False
2020-04-20 23:00:00+00:00,0,0,1,False
2020-04-21 00:00:00+00:00,0,0,1,False
2020-04-21 01:00:00+00:00,0,0,1,False
2020-04-21 02:00:00+00:00,0,0,1,False
2020-04-21 03:00:00+00:00,0,0,1,False
2020-04-21 04:00:00+00:00,0,0,1,False
2020-04-21 05:00:00+00:00,0,0,1,False
2020-04-21 06:00:00+00:00,0,0,1,False
2020-04-21 07:00:00+00:00,0,0,1,False
2020-04-21 08:00:00+00:00,0,0,1,False
2020-04-21 09:00:00+00:00,0,0,1,False
2020-04-21 10:00:00+00:00,0,0,1,False
2020-04-21 11:00:00+00:00,0,0,1,False
2020-04-21 12:00:00+00:00,0,0,1,False
2020-04-21 13:00:00+00:00,0,0,1,False
2020-04-21 14:00:00+00:00,0,0,1,False
2020-04-21 15:00:00+00:00,0,0,1,False
2020-04-21 16:00:00+00:00,0,0,1,False
2020-04-21 17:00:00+00:00,0,0,1,False
2020-04-21 18:00:00+00:00,0,0,1,False
2020-04-21 19:00:00+00:00,0,0,1,False
2020-04-21 20:00:00+00:00,0,0,1,False
2020-04-21 21:00:00+00:00,0,0,1,False
2020-04-21 22:00:00+00:00,0,0,1,False
2020-04-21 23:00:00+00:00,0,0,1,False
2020-04-22 00:00:00+00:00,0,0,1,False
2020-04-22 01:00:00+00:00,0,0,1,False
2020-04-22 02:00:00+00:00,0,0,1,False
2020-04-22 03:00:00+00:00,0,0,1,False
2020-04-22 04:00:00+00:00,0,0,1,False
2020-04-22 05:00:00+00:00,0,0,1,False
2020-04-22 06:00:00+00:00,0,0,1,False
2020-04-22 07:00:00+00:00,0,0,1,False
2020-04-22 08:00:00+00:00,0,0,1,False
2020-04-22 09:00:00+00:00,0,0,1,False
2020-04-22 10:00:00+00:00,0,0,1,False
2020-04-22 11:00:00+00:00,0,0,1,False
2020-04-22 12:00:00+00:00,0,0,1,False
2020-04-22 13:00:00+00:00,0,0,1,False
2020-04-22 14:00:00+00:00,0,0,1,False
2020-04-22 15:00:00+00:00,0,0,1,False
2020-04-22 16:00:00+00:00,0,0,1,False
2020-04-22 17:00:00+00:00,0,0,1,False
2020-04-22 18:00:00+00:00,0,0,1,False
2020-04-22 19:00:00+00:00,0,0,1,False
2020-04-22 20:00:00+00:00,0,0,1,False
2020-04-22 21:00:00+00:00,0,0,1,False
2020-04-22 22:00:00+00:00,0,0,1,False
2020-04-22 23:00:00+00:00,0,0,1,False
2020-04-23 00:00:00+00:00,0,0,1,False
2020-04-23 01:00:00+00:00,0,0,1,False
2020-04-23 02:00:00+00:00,0,0,1,False
2020-04-23 03:00:00+00:00,0,0,1,False
2020-04-23 04:00:00+00:00,0,0,1,False
2020-04-23 05:00:00+00:00,0,0,1,False
2020-04-23 06:00:00+00:00,0,0,1,False
2020-04-23 07:00:00+00:00,0,0,1,False
2020-04-23 08:00:00+00:00,0,0,1,False
2020-04-23 09:00:00+00:00,0,0,1,False
2020-04-23 10:00:00+00:00,0,0,1,False
2020-04-23 11:00:00+00:00,0,0,1,False
2020-04-23 12:00:00+00:00,0,0,1,False
2020-04-23 13:00:00+00:00,0,0,1,False
2020-04-23 14:00:00+00:00,0,0,1,False
2020-04-23 15:00:00+00:00,0,0,1,False
2020-04-23 16:00:00+00:00,0,0,1,False
2020-04-23 17:00:00+00:00,0,0,1,False
2020-04-23 18:00:00+00:00,0,0,1,False
2020-04-23 19:00:00+00:00,0,0,1,False
2020-04-23 20:00:00+00:00,0,0,1,False
2020-04-23 21:00:00+00:00,0,0,1,False
2020-04-23 22:00:00+00:00,0,0,1,False
2020-04-23 23:00:00+00:00,0,0,1,False
2020-04-24 00:00:00+00:00,0,0,1,False
2020-04-24 01:00:00+00:00,0,0,1,False
2020-04-24 02:00:00+00:00,0,0,1,False
2020-04-24 03:00:00+00:00,0,0,1,False
2020-04-24 04:00:00+00:00,0,0,1,False
2020-04-24 05:00:00+00:00,0,0,1,False
2020-04-24 06:00:00+00:00,0,0,1,False
2020-04-24 07:00:00+00:00,0,0,1,False
2020-04-24 08:00:00+00:00,0,0,1,False
2020-04-24 09:00:00+00:00,0,0,1,False
2020-04-24 10:00:00+00:00,0.10000000000000001,0.0041666666666667412,0.99689542488043092,False
2020-04-24 11:00:00+00:00,0.10000000000000001,0.0083333333333334078,1.0069306929704918,False
2020-04-24 12:00:00+00:00,0,0.0083333333333334078,0.99999999998554401,False
2020-04-24 13:00:00+00:00,0,0.0083333333333334078,0.99999999998554401,False
2020-04-24 14:00:00+00:00,0,0.0083333333333334078,0.99999999998554401,False
2020-04-24 15:00:00+00:00,0,0.0083333333333334078,0.99999999998554401,False
2020-04-24 16:00:00+00:00,0,0.0083333333333334078,0.99999999998554401,False
2020-04-24 17:00:00+00:00,0,0.0083333333333334078,0.99999999998554401,False
2020-04-24 18:00:00+00:00,0,0.0083333333333334078,0.99999999998554401,False
2020-04-24 19:00:00+00:00,0,0.0083333333333334078,0.99999999998554401,False
2020-04-24 20:00:00+00:00,0,0.0083333333333334078,0.99999999998554401,False
2020-04-24 21:00:00+00:00,0,0.0083333333333334078,0.99999999998554401,False
2020-04-24 22:00:00+00:00,0,0.0083333333333334078,0.99999999998554401,False
2020-04-24 23:00:00+00:00,0,0.0083333333333334078,0.99999999998554401,False
2020-04-25 00:00:00+00:00,0,0.0083333333333334078,0.99999999998554401,False
2020-04-25 01:00:00+00:00,0,0.0083333333333334078,0.99999999998554401,False
2020-04-25 02:00:00+00:00,0,0.0083333333333334078,0.99999999998554401,False
2020-04-25 03:00:00+00:00,0,0.0083333333333334078,0.99999999998554401,False
2020-04-25 04:00:00+00:00,0,0.0083333333333334078,0.99999999998554401,False
2020-04-25 05:00:00+00:00,0,0.0083333333333334078,0.99999999998554401,False
2020-04-25 06:00:00+00:00,0,0.0083333333333334078,0.99999999998554401,False
2020-04-25 07:00:00+00:00,0,0.0083333333333334078,0.99999999998554401,False
2020-04-25 08:00:00+00:00,0,0.0083333333333334078,0.99999999998554401,False
2020-04-25 09:00:00+00:00,0,0.0083333333333334078,0.99999999998554401,False
2020-04-25 10:00:00+00:00,0,0.0041666666666667412,0.99999999794965333,False
2020-04-25 11:00:00+00:00,0,0,1,False
2020-04-25 12:00:00+00:00,0,0,1,False
2020-04-25 13:00:00+00:00,0,0,1,False
2020-04-25 14:00:00+00:00,0,0,1,False
2020-04-25 15:00:00+00:00,0,0,1,False
2020-04-25 16:00:00+00:00,0,0,1,False
2020-04-25 17:00:00+00:00,0,0,1,False
2020-04-25 18:00:00+00:00,0,0,1,False
2020-04-25 19:00:00+00:00,0,0,1,False
2020-04-25 20:00:00+00:00,0,0,1,False
2020-04-25 21:00:00+00:00,0,0,1,False
2020-04-25 22:00:00+00:00,0,0,1,False
2020-04-25 23:00:00+00:00,0,0,1,False
2020-04-26 00:00:00+00:00,0,0,1,False
2020-04-26 01:00:00+00:00,0,0,1,False
2020-04-26 02:00:00+00:00,0,0,1,False
2020-04-26 03:00:00+00:00,0,0,1,False
2020-04-26 04:00:00+00:00,0,0,1,False
2020-04-26 05:00:00+00:00,0,0,1,False
2020-04-26 06:00:00+00:00,0,0,1,False
2020-04-26 07:00:00+00:00,0,0,1,False
2020-04-26 08:00:00+00:00,0,0,1,False
2020-04-26 09:00:00+00:00,0,0,1,False
2020-04-26 10:00:00+00:00,0,0,1,False
2020-04-26 11:00:00+00:00,0,0,1,False
2020-04-26 12:00:00+00:00,0,0,1,False
2020-04-26 13:00:00+00:00,0,0,1,False
2020-04-26 14:00:00+00:00,0,0,1,False
2020-04-26 15:00:00+00:00,0,0,1,False
2020-04-26 16:00:00+00:00,0,0,1,False
2020-04-26 17:00:00+00:00,0,0,1,False
2020-04-26 18:00:00+00:00,0,0,1,False
2020-04-26 19:00:00+00:00,0,0,1,False
2020-04-26 20:00:00+00:00,0,0,1,False
2020-04-26 21:00:00+00:00,0.10000000000000001,0.0041666666666667412,0.99689542488043092,False
2020-04-26 22:00:00+00:00,0.40000000000000002,0.020833333333333409,1.2294032541535951,False
2020-04-26 23:00:00+00:00,0.29999999999999999,0.033333333333333409,1.0608427451304772,False
2020-04-27 00:00:00+00:00,0.29999999999999999,0.045833333333333413,1.0455709582262522,False
2020-04-27 01:00:00+00:00,2.3999999999999999,0.1458333333333334,1.3005014048466916,False
2020-04-27 02:00:00+00:00,2.8999999999999999,0.26666666666666677,1.1864102226010553,False
2020-04-27 03:00:00+00:00,2,0.35000000000000009,1.0734510379424163,False
2020-04-27 04:00:00+00:00,1.5,0.41250000000000009,1.0118486489829539,False
2020-04-27 05:00:00+00:00,1.3999999999999999,0.47083333333333338,1.0108575568531188,False
2020-04-27 06:00:00+00:00,1.6000000000000001,0.53750000000000009,1.0055374694352877,False
2020-04-27 07:00:00+00:00,1.5,0.60000000000000009,1.0124286087986856,False
2020-04-27 08:00:00+00:00,0.90000000000000002,0.63750000000000007,1.0126228239234452,False
2020-04-27 09:00:00+00:00,0.40000000000000002,0.65416666666666667,1.0033391692935438,False
2020-04-27 10:00:00+00:00,0.29999999999999999,0.66666666666666663,0.99873978841815925,False
2020-04-27 11:00:00+00:00,0.10000000000000001,0.67083333333333339,0.99382417058126582,False
2020-04-27 12:00:00+00:00,0,0.67083333333333339,1.1820448985438883,False
2020-04-27 13:00:00+00:00,0.10000000000000001,0.67500000000000016,0.99252440643592699,False
2020-04-27 14:00:00+00:00,0,0.67500000000000016,1.2078299828598313,False
2020-04-27 15:00:00+00:00,0,0.67500000000000016,1.2078299828598313,False
2020-04-27 16:00:00+00:00,0.10000000000000001,0.6791666666666667,0.99197521314800308,False
2020-04-27 17:00:00+00:00,0.20000000000000001,0.6875,1.0069339421028498,False
2020-04-27 18:00:00+00:00,0.20000000000000001,0.69583333333333341,1.0065424198170752,False
2020-04-27 19:00:00+00:00,0.10000000000000001,0.70000000000000007,0.99457970482754599,False
2020-04-27 20:00:00+00:00,0.20000000000000001,0.70833333333333337,1.0024535941226849,False
2020-04-27 21:00:00+00:00,0.10000000000000001,0.70833333333333337,1.0014280996636158,False
2020-04-27 22:00:00+00:00,0.10000000000000001,0.69583333333333341,0.99574240027781769,False
2020-04-27 23:00:00+00:00,0.10000000000000001,0.6875,0.99094685029052232,False
2020-04-28 00:00:00+00:00,0,0.67499999999999993,1.2086500873669193,False
2020-04-28 01:00:00+00:00,0,0.57500000000000007,1.0221602508431935,False
2020-04-28 02:00:00+00:00,0,0.45416666666666677,1.0579961987890913,False
2020-04-28 03:00:00+00:00,0,0.3708333333333334,1.1313772155688733,False
2020-04-28 04:00:00+00:00,0,0.3083333333333334,1.023418297812817,False
2020-04-28 05:00:00+00:00,0,0.25000000000000006,0.9747130642504378,False
2020-04-28 06:00:00+00:00,0,0.18333333333333343,1.0099088707711006,False
2020-04-28 07:00:00+00:00,0,0.1208333333333334,1,False
2020-04-28 08:00:00+00:00,0,0.083333333333333412,1.0000000000000011,False
2020-04-28 09:00:00+00:00,0,0.066666666666666749,1.0000000000000004,False
2020-04-28 10:00:00+00:00,0,0.054166666666666745,1.0000000512128768,False
2020-04-28 11:00:00+00:00,0,0.050000000000000079,0.99999999645345639,False
2020-04-28 12:00:00+00:00,0,0.050000000000000079,0.99999999645345639,False
2020-04-28 13:00:00+00:00,0,0.045833333333333413,1.0000000920367009,False
2020-04-28 14:00:00+00:00,0,0.045833333333333413,1.0000000920367009,False
2020-04-28 15:00:00+00:00,0,0.045833333333333413,1.0000000920367009,False
2020-04-28 16:00:00+00:00,0,0.041666666666666741,12499996.541922724,True
2020-04-28 17:00:00+00:00,0,0.033333333333333409,0.99999999533552264,False
2020-04-28 18:00:00+00:00,0,0.025000000000000078,0.99999999999999967,False
2020-04-28 19:00:00+00:00,0,0.020833333333333409,0.99999999900735326,False
2020-04-28 20:00:00+00:00,0,0.012500000000000075,1.0000000353449836,False
2020-04-28 21:00:00+00:00,0,0.0083333333333334078,0.99999999998554401,False
2020-04-28 22:00:00+00:00,0,0.0041666666666667412,0.99999999794965333,False
2020-04-28 23:00:00+00:00,0,0,1,False
2020-04-29 00:00:00+00:00,0,0,1,False
2020-04-29 01:00:00+00:00,0,0,1,False
2020-04-29 02:00:00+00:00,0,0,1,False
2020-04-29 03:00:00+00:00,0,0,1,False
2020-04-29 04:00:00+00:00,0,0,1,False
2020-04-29 05:00:00+00:00,0,0,1,False
2020-04-29 06:00:00+00:00,0,0,1,False
2020-04-29 07:00:00+00:00,0,0,1,False
2020-04-29 08:00:00+00:00,0,0,1,False
2020-04-29 09:00:00+00:00,0,0,1,False
2020-04-29 10:00:00+00:00,0,0,1,False
2020-04-29 11:00:00+00:00,0,0,1,False
2020-04-29 12:00:00+00:00,0,0,1,False
2020-04-29 13:00:00+00:00,0,0,1,False
2020-04-29 14:00:00+00:00,0,0,1,False
2020-04-29 15:00:00+00:00,0,0,1,False
2020-04-29 16:00:00+00:00,0,0,1,False
2020-04-29 17:00:00+00:00,0,0,1,False
2020-04-29 18:00:00+00:00,0,0,1,False
2020-04-29 19:00:00+00:00,0.10000000000000001,0.0041666666666667412,0.99689542488043092,False
2020-04-29 20:00:00+00:00,0.20000000000000001,0.012500000000000075,1.0755502654500606,False
2020-04-29 21:00:00+00:00,0,0.012500000000000075,1.0000000353449836,False
2020-04-29 22:00:00+00:00,0,0.012500000000000075,1.0000000353449836,False
2020-04-29 23:00:00+00:00,0,0.012500000000000075,1.0000000353449836,False
2020-04-30 00:00:00+00:00,0,0.012500000000000075,1.0000000353449836,False
2020-04-30 01:00:00+00:00,0.20000000000000001,0.020833333333333409,1.0504829917165521,False
2020-04-30 02:00:00+00:00,0.20000000000000001,0.029166666666666743,0.94096195723193654,False
2020-04-30 03:00:00+00:00,0.10000000000000001,0.033333333333333409,1.0000000000000009,False
2020-04-30 04:00:00+00:00,0.20000000000000001,0.041666666666666741,0.98106738232222879,False
2020-04-30 05:00:00+00:00,0.20000000000000001,0.050000000000000079,1.0124279186448648,False
2020-04-30 06:00:00+00:00,0.10000000000000001,0.054166666666666745,0.99999999999999956,False
2020-04-30 07:00:00+00:00,0.20000000000000001,0.062500000000000069,1.0051394563649292,False
2020-04-30 08:00:00+00:00,0.10000000000000001,0.066666666666666749,1.0000000000000013,False
2020-04-30 09:00:00+00:00,0.20000000000000001,0.07500000000000008,1.0299336846456515,False
2020-04-30 10:00:00+00:00,0.20000000000000001,0.083333333333333412,1.012930597705934,False
2020-04-30 11:00:00+00:00,0.10000000000000001,0.087500000000000078,0.99238559648700175,False
2020-04-30 12:00:00+00:00,0.10000000000000001,0.091666666666666743,0.95760298815429923,False
2020-04-30 13:00:00+00:00,0.20000000000000001,0.10000000000000009,1.0000000000000002,False
2020-04-30 14:00:00+00:00,0.20000000000000001,0.10833333333333341,1.0000000000000002,False
2020-04-30 15:00:00+00:00,0.40000000000000002,0.12500000000000008,0.9328409681255585,False
2020-04-30 16:00:00+00:00,0.5,0.1458333333333334,0.94732072245488219,False
2020-04-30 17:00:00+00:00,0.5,0.16666666666666674,0.96312474430460093,False
2020-04-30 18:00:00+00:00,0.5,0.18750000000000008,0.99168888205200534,False
2020-04-30 19:00:00+00:00,0.69999999999999996,0.21250000000000011,0.99117440072812524,False
2020-04-30 20:00:00+00:00,0.20000000000000001,0.21250000000000011,1.0767865197574429,False
2020-04-30 21:00:00+00:00,0.20000000000000001,0.22083333333333344,1.0226656102665701,False
2020-04-30 22:00:00+00:00,0.29999999999999999,0.23333333333333342,1.05293902828462,False
2020-04-30 23:00:00+00:00,0.20000000000000001,0.24166666666666678,1.0025565133200911,False
2020-05-01 00:00:00+00:00,0.29999999999999999,0.25416666666666676,1.059136081722122,False
2020-05-01 01:00:00+00:00,0.5,0.26666666666666677,1.0711424681591042,False
2020-05-01 02:00:00+00:00,0.29999999999999999,0.27083333333333343,1.0598989009097948,False
2020-05-01 03:00:00+00:00,0.20000000000000001,0.27500000000000008,0.99148049655057435,False
2020-05-01 04:00:00+00:00,0.29999999999999999,0.27916666666666673,1.0585923940507356,False
2020-05-01 05:00:00+00:00,0.29999999999999999,0.28333333333333338,1.0613357911090704,False
2020-05-01 06:00:00+00:00,0.20000000000000001,0.28750000000000009,1.0090906099861991,False
2020-05-01 07:00:00+00:00,0.20000000000000001,0.28750000000000009,1.0090906099861991,False
2020-05-01 08:00:00+00:00,0.20000000000000001,0.2916666666666668,1.0146573486040082,False
2020-05-01 09:00:00+00:00,0.10000000000000001,0.28750000000000009,1.0409938471187314,False
2020-05-01 10:00:00+00:00,0.69999999999999996,0.3083333333333334,0.99990170336481665,False
2020-05-01 11:00:00+00:00,0.69999999999999996,0.33333333333333343,0.99084471719802814,False
2020-05-01 12:00:00+00:00,0.40000000000000002,0.34583333333333344,1.0167678849740374,False
2020-05-01 13:00:00+00:00,0.20000000000000001,0.34583333333333344,1.061662031697614,False
2020-05-01 14:00:00+00:00,0.20000000000000001,0.34583333333333338,1.061662031697614,False
2020-05-01 15:00:00+00:00,0.20000000000000001,0.33750000000000008,1.0748581981347034,False
2020-05-01 16:00:00+00:00,0.10000000000000001,0.32083333333333341,1.0737419657105187,False
2020-05-01 17:00:00+00:00,0.10000000000000001,0.30416666666666675,1.0794744299496759,False
2020-05-01 18:00:00+00:00,0.10000000000000001,0.28750000000000009,1.0409938471187314,False
2020-05-01 19:00:00+00:00,0,0.25833333333333341,0.99118703484635706,False
2020-05-01 20:00:00+00:00,0,0.25000000000000006,0.9747130642504378,False
2020-05-01 21:00:00+00:00,0,0.24166666666666672,1.0050108322907556,False
2020-05-01 22:00:00+00:00,0,0.22916666666666674,1.0394644567890203,False
2020-05-01 23:00:00+00:00,0,0.22083333333333341,0.97747198050258721,False
2020-05-02 00:00:00+00:00,0,0.2083333333333334,0.99999999999999933,False
2020-05-02 01:00:00+00:00,0,0.18750000000000008,0.94483487171582259,False
2020-05-02 02:00:00+00:00,0,0.17500000000000007,1.0686661459692306,False
2020-05-02 03:00:00+00:00,0,0.16666666666666674,0.94092095045826374,False
2020-05-02 04:00:00+00:00,0,0.15416666666666676,0.93905977449765388,False
2020-05-02 05:00:00+00:00,0,0.14166666666666675,1.0000000000000002,False
2020-05-02 06:00:00+00:00,0,0.13333333333333341,0.99999999999999978,False
2020-05-02 07:00:00+00:00,0.10000000000000001,0.12916666666666674,1.0267505228416298,False
2020-05-02 08:00:00+00:00,0.10000000000000001,0.12500000000000008,0.94135883224082095,False
2020-05-02 09:00:00+00:00,0,0.1208333333333334,1,False
2020-05-02 10:00:00+00:00,0,0.091666666666666743,0.99999999999999933,False
2020-05-02 11:00:00+00:00,0,0.062500000000000069,0.99999999999999978,False
2020-05-02 12:00:00+00:00,0,0.045833333333333413,1.0000000920367009,False
2020-05-02 13:00:00+00:00,0.10000000000000001,0.041666666666666741,1.0000000000000004,False
2020-05-02 14:00:00+00:00,0.5,0.054166666666666745,1.0947094475039807,False
2020-05-02 15:00:00+00:00,0.59999999999999998,0.070833333333333415,1.0384031378653422,False
2020-05-02 16:00:00+00:00,0.10000000000000001,0.070833333333333401,1.0000000000000013,False
2020-05-02 17:00:00+00:00,0,0.066666666666666749,1.0000000000000004,False
2020-05-02 18:00:00+00:00,0,0.062500000000000069,0.99999999999999978,False
2020-05-02 19:00:00+00:00,0,0.062500000000000069,0.99999999999999978,False
2020-05-02 20:00:00+00:00,0,0.062500000000000069,0.99999999999999978,False
2020-05-02 21:00:00+00:00,0,0.062500000000000069,0.99999999999999978,False
2020-05-02 22:00:00+00:00,0,0.062500000000000069,0.99999999999999978,False
2020-05-02 23:00:00+00:00,0,0.062500000000000069,0.99999999999999978,False
2020-05-03 00:00:00+00:00,0,0.062500000000000069,0.99999999999999978,False
2020-05-03 01:00:00+00:00,0,0.062500000000000069,0.99999999999999978,False
2020-05-03 02:00:00+00:00,0,0.062500000000000069,0.99999999999999978,False
2020-05-03 03:00:00+00:00,0,0.062500000000000069,0.99999999999999978,False
2020-05-03 04:00:00+00:00,0,0.062500000000000069,0.99999999999999978,False
2020-05-03 05:00:00+00:00,0,0.062500000000000069,0.99999999999999978,False
2020-05-03 06:00:00+00:00,0,0.062500000000000069,0.99999999999999978,False
2020-05-03 07:00:00+00:00,0,0.058333333333333404,1.0000000000000013,False
2020-05-03 08:00:00+00:00,0,0.054166666666666745,1.0000000512128768,False
2020-05-03 09:00:00+00:00,0,0.054166666666666745,1.0000000512128768,False
2020-05-03 10:00:00+00:00,0,0.054166666666666745,1.0000000512128768,False
2020-05-03 11:00:00+00:00,0.20000000000000001,0.062500000000000069,1.0051394563649292,False
2020-05-03 12:00:00+00:00,0.59999999999999998,0.087500000000000078,1.0303013079604191,False
2020-05-03 13:00:00+00:00,0.80000000000000004,0.11666666666666674,0.99772144613373648,False
2020-05-03 14:00:00+00:00,0.10000000000000001,0.10000000000000007,1.031123645787609,False
2020-05-03 15:00:00+00:00,0,0.07500000000000008,0.99999999999999944,False
2020-05-03 16:00:00+00:00,0,0.070833333333333415,0.99999999999999944,False
2020-05-03 17:00:00+00:00,0,0.070833333333333415,0.99999999999999944,False
2020-05-03 18:00:00+00:00,0,0.070833333333333415,0.99999999999999944,False
2020-05-03 19:00:00+00:00,0,0.070833333333333415,0.99999999999999944,False
2020-05-03 20:00:00+00:00,0,0.070833333333333415,0.99999999999999944,False
2020-05-03 21:00:00+00:00,0,0.070833333333333415,0.99999999999999944,False
2020-05-03 22:00:00+00:00,0,0.070833333333333415,0.99999999999999944,False
2020-05-03 23:00:00+00:00,0,0.070833333333333415,0.99999999999999944,False
2020-05-04 00:00:00+00:00,0,0.070833333333333415,0.99999999999999944,False
2020-05-04 01:00:00+00:00,0,0.070833333333333415,0.99999999999999944,False
2020-05-04 02:00:00+00:00,0,0.070833333333333415,0.99999999999999944,False
2020-05-04 03:00:00+00:00,0,0.070833333333333415,0.99999999999999944,False
2020-05-04 04:00:00+00:00,0,0.070833333333333415,0.99999999999999944,False
2020-05-04 05:00:00+00:00,0,0.070833333333333415,0.99999999999999944,False
2020-05-04 06:00:00+00:00,0,0.070833333333333415,0.99999999999999944,False
2020-05-04 07:00:00+00:00,0,0.070833333333333415,0.99999999999999944,False
2020-05-04 08:00:00+00:00,0,0.070833333333333415,0.99999999999999944,False
2020-05-04 09:00:00+00:00,0,0.070833333333333415,0.99999999999999944,False
2020-05-04 10:00:00+00:00,0,0.070833333333333415,0.99999999999999944,False
2020-05-04 11:00:00+00:00,0,0.062500000000000083,0.99999999999999978,False
2020-05-04 12:00:00+00:00,0,0.037500000000000075,1,False
2020-05-04 13:00:00+00:00,0,0.0041666666666667412,0.99999999794965333,False
2020-05-04 14:00:00+00:00,0,0,1,False
2020-05-04 15:00:00+00:00,0,0,1,False
2020-05-04 16:00:00+00:00,0,0,1,False
2020-05-04 17:00:00+00:00,0,0,1,False
2020-05-04 18:00:00+00:00,0,0,1,False
2020-05-04 19:00:00+00:00,0,0,1,False
2020-05-04 20:00:00+00:00,0,0,1,False
2020-05-04 21:00:00+00:00,0,0,1,False
2020-05-04 22:00:00+00:00,0,0,1,False
2020-05-04 23:00:00+00:00,0,0,1,False
2020-05-05 00:00:00+00:00,0,0,1,False
2020-05-05 01:00:00+00:00,0,0,1,False
2020-05-05 02:00:00+00:00,0,0,1,False
2020-05-05 03:00:00+00:00,0,0,1,False
2020-05-05 04:00:00+00:00,0,0,1,False
2020-05-05 05:00:00+00:00,0,0,1,False
2020-05-05 06:00:00+00:00,0,0,1,False
2020-05-05 07:00:00+00:00,0,0,1,False
2020-05-05 08:00:00+00:00,0,0,1,False
2020-05-05 09:00:00+00:00,0,0,1,False
2020-05-05 10:00:00+00:00,0,0,1,False
2020-05-05 11:00:00+00:00,0,0,1,False
2020-05-05 12:00:00+00:00,0,0,1,False
2020-05-05 13:00:00+00:00,0,0,1,False
2020-05-05 14:00:00+00:00,0,0,1,False
2020-05-05 15:00:00+00:00,0,0,1,False
2020-05-05 16:00:00+00:00,0,0,1,False
2020-05-05 17:00:00+00:00,0,0,1,False
2020-05-05 18:00:00+00:00,0,0,1,False
2020-05-05 19:00:00+00:00,0,0,1,False
2020-05-05 20:00:00+00:00,0,0,1,False
2020-05-05 21:00:00+00:00,0,0,1,False
2020-05-05 22:00:00+00:00,0,0,1,False
2020-05-05 23:00:00+00:00,0,0,1,False
2020-05-06 00:00:00+00:00,0,0,1,False
2020-05-06 01:00:00+00:00,0,0,1,False
2020-05-06 02:00:00+00:00,0,0,1,False
2020-05-06 03:00:00+00:00,0,0,1,False
2020-05-06 04:00:00+00:00,0,0,1,False
2020-05-06 05:00:00+00:00,0,0,1,False
2020-05-06 06:00:00+00:00,0,0,1,False
2020-05-06 07:00:00+00:00,0,0,1,False
2020-05-06 08:00:00+00:00,0,0,1,False
2020-05-06 09:00:00+00:00,0,0,1,False
2020-05-06 10:00:00+00:00,0,0,1,False
2020-05-06 11:00:00+00:00,0,0,1,False
2020-05-06 12:00:00+00:00,0,0,1,False
2020-05-06 13:00:00+00:00,0,0,1,False
2020-05-06 14:00:00+00:00,0,0,1,False
2020-05-06 15:00:00+00:00,0,0,1,False
2020-05-06 16:00:00+00:00,0,0,1,False
2020-05-06 17:00:00+00:00,0,0,1,False
2020-05-06 18:00:00+00:00,0,0,1,False
2020-05-06 19:00:00+00:00,0,0,1,False
2020-05-06 20:00:00+00:00,0,0,1,False
2020-05-06 21:00:00+00:00,0,0,1,False
2020-05-06 22:00:00+00:00,0,0,1,False
2020-05-06 23:00:00+00:00,0,0,1,False
2020-05-07 00:00:00+00:00,0,0,1,False
2020-05-07 01:00:00+00:00,0,0,1,False
2020-05-07 02:00:00+00:00,0,0,1,False
2020-05-07 03:00:00+00:00,0,0,1,False
2020-05-07 04:00:00+00:00,0,0,1,False
2020-05-07 05:00:00+00:00,0,0,1,False
2020-05-07 06:00:00+00:00,0,0,1,False
2020-05-07 07:00:00+00:00,0,0,1,False
2020-05-07 08:00:00+00:00,0,0,1,False
2020-05-07 09:00:00+00:00,0,0,1,False
2020-05-07 10:00:00+00:00,0,0,1,False
2020-05-07 11:00:00+00:00,0,0,1,False
2020-05-07 12:00:00+00:00,0,0,1,False
2020-05-07 13:00:00+00:00,0,0,1,False
2020-05-07 14:00:00+00:00,0,0,1,False
2020-05-07 15:00:00+00:00,0,0,1,False
2020-05-07 16:00:00+00:00,0,0,1,False
2020-05-07 17:00:00+00:00,0,0,1,False
2020-05-07 18:00:00+00:00,0,0,1,False
2020-05-07 19:00:00+00:00,0,0,1,False
2020-05-07 20:00:00+00:00,0,0,1,False
2020-05-07 21:00:00+00:00,0,0,1,False
2020-05-07 22:00:00+00:00,0,0,1,False
2020-05-07 23:00:00+00:00,0,0,1,False
2020-05-08 00:00:00+00:00,0,0,1,False
2020-05-08 01:00:00+00:00,0,0,1,False
2020-05-08 02:00:00+00:00,0,0,1,False
2020-05-08 03:00:00+00:00,0,0,1,False
2020-05-08 04:00:00+00:00,0.10000000000000001,0.0041666666666667412,0.99689542488043092,False
2020-05-08 05:00:00+00:00,0.10000000000000001,0.0083333333333334078,1.0069306929704918,False
2020-05-08 06:00:00+00:00,0.10000000000000001,0.012500000000000075,0.92828431459265437,False
2020-05-08 07:00:00+00:00,0.20000000000000001,0.020833333333333409,1.0504829917165521,False
2020-05-08 08:00:00+00:00,0.10000000000000001,0.025000000000000078,1.0000000000000004,False
2020-05-08 09:00:00+00:00,0.10000000000000001,0.029166666666666743,1.0000000000000004,False
2020-05-08 10:00:00+00:00,0.20000000000000001,0.037500000000000075,0.9252445843400422,False
2020-05-08 11:00:00+00:00,0.20000000000000001,0.045833333333333413,1.0038370172723121,False
2020-05-08 12:00:00+00:00,0.20000000000000001,0.054166666666666745,1.0131261120971651,False
2020-05-08 13:00:00+00:00,0.20000000000000001,0.062500000000000069,1.0051394563649292,False
2020-05-08 14:00:00+00:00,0.10000000000000001,0.066666666666666749,1.0000000000000013,False
2020-05-08 15:00:00+00:00,0.29999999999999999,0.079166666666666746,0.98757718728202848,False
2020-05-08 16:00:00+00:00,0,0.079166666666666746,1.0000000000000004,False
2020-05-08 17:00:00+00:00,0,0.079166666666666746,1.0000000000000004,False
2020-05-08 18:00:00+00:00,0.10000000000000001,0.083333333333333412,1.0000000000000002,False
2020-05-08 19:00:00+00:00,0,0.083333333333333412,1.0000000000000011,False
2020-05-08 20:00:00+00:00,0,0.083333333333333412,1.0000000000000011,False
2020-05-08 21:00:00+00:00,0,0.083333333333333412,1.0000000000000011,False
2020-05-08 22:00:00+00:00,0,0.083333333333333412,1.0000000000000011,False
2020-05-08 23:00:00+00:00,0,0.083333333333333412,1.0000000000000011,False
2020-05-09 00:00:00+00:00,0,0.083333333333333412,1.0000000000000011,False
2020-05-09 01:00:00+00:00,0,0.083333333333333412,1.0000000000000011,False
2020-05-09 02:00:00+00:00,0,0.083333333333333412,1.0000000000000011,False
2020-05-09 03:00:00+00:00,0,0.083333333333333412,1.0000000000000011,False
2020-05-09 04:00:00+00:00,0,0.079166666666666732,1.0000000000000013,False
2020-05-09 05:00:00+00:00,0,0.07500000000000008,0.99999999999999944,False
2020-05-09 06:00:00+00:00,0.10000000000000001,0.07500000000000008,1.0000000000000007,False
2020-05-09 07:00:00+00:00,0.10000000000000001,0.070833333333333415,1.0000000000000013,False
2020-05-09 08:00:00+00:00,0.20000000000000001,0.07500000000000008,1.0299336846456515,False
2020-05-09 09:00:00+00:00,0,0.070833333333333415,0.99999999999999944,False
2020-05-09 10:00:00+00:00,0,0.062500000000000069,0.99999999999999978,False
2020-05-09 11:00:00+00:00,0,0.054166666666666745,1.0000000512128768,False
2020-05-09 12:00:00+00:00,0,0.045833333333333413,1.0000000920367009,False
2020-05-09 13:00:00+00:00,0.10000000000000001,0.041666666666666741,1.0000000000000004,False
2020-05-09 14:00:00+00:00,0.10000000000000001,0.041666666666666741,1.0000000000000004,False
2020-05-09 15:00:00+00:00,0.10000000000000001,0.033333333333333409,1.0000000000000009,False
2020-05-09 16:00:00+00:00,0.20000000000000001,0.041666666666666741,0.98106738232222879,False
2020-05-09 17:00:00+00:00,0.20000000000000001,0.050000000000000072,1.0124279186448648,False
2020-05-09 18:00:00+00:00,0.10000000000000001,0.050000000000000079,0.99999999999999922,False
2020-05-09 19:00:00+00:00,0.20000000000000001,0.058333333333333411,1.0037466689316246,False
2020-05-09 20:00:00+00:00,0.29999999999999999,0.070833333333333415,0.97376972806755591,False
2020-05-09 21:00:00+00:00,0.20000000000000001,0.079166666666666746,1.0223046340433248,False
2020-05-09 22:00:00+00:00,0.40000000000000002,0.095833333333333423,0.97093506423075615,False
2020-05-09 23:00:00+00:00,0.5,0.11666666666666675,0.98141657971524421,False
2020-05-10 00:00:00+00:00,0.40000000000000002,0.13333333333333341,0.93955221230327035,False
2020-05-10 01:00:00+00:00,0.29999999999999999,0.1458333333333334,0.98781983042355326,False
2020-05-10 02:00:00+00:00,0.20000000000000001,0.15416666666666676,1.0076396779075167,False
2020-05-10 03:00:00+00:00,0.10000000000000001,0.15833333333333341,0.96137856390300203,False
2020-05-10 04:00:00+00:00,0,0.15833333333333341,1.1326344310224232,False
2020-05-10 05:00:00+00:00,0,0.15833333333333341,1.1326344310224232,False
2020-05-10 06:00:00+00:00,0,0.15416666666666676,0.93905977449765388,False
2020-05-10 07:00:00+00:00,0,0.15000000000000008,0.99999999999999867,False
2020-05-10 08:00:00+00:00,0,0.14166666666666675,1.0000000000000002,False
2020-05-10 09:00:00+00:00,0,0.14166666666666675,1.0000000000000002,False
2020-05-10 10:00:00+00:00,0.10000000000000001,0.14583333333333343,0.98101799862569217,False
2020-05-10 11:00:00+00:00,0.10000000000000001,0.15000000000000011,0.98066455170874678,False
2020-05-10 12:00:00+00:00,0.20000000000000001,0.15833333333333341,1.0159995817002505,False
2020-05-10 13:00:00+00:00,0,0.15416666666666676,0.93905977449765388,False
2020-05-10 14:00:00+00:00,0,0.15000000000000008,0.99999999999999867,False
2020-05-10 15:00:00+00:00,0,0.1458333333333334,1.0000000000000011,False
2020-05-10 16:00:00+00:00,0,0.13750000000000007,1.0000000000000009,False
2020-05-10 17:00:00+00:00,0.10000000000000001,0.13333333333333341,0.99355032420360512,False
2020-05-10 18:00:00+00:00,0,0.12916666666666674,0.999999999999999,False
2020-05-10 19:00:00+00:00,0,0.1208333333333334,1,False
2020-05-10 20:00:00+00:00,0,0.10833333333333341,1.0000000000000004,False
2020-05-10 21:00:00+00:00,0,0.10000000000000007,1.0000000000000002,False
2020-05-10 22:00:00+00:00,0,0.083333333333333412,1.0000000000000011,False
2020-05-10 23:00:00+00:00,0,0.062500000000000069,0.99999999999999978,False
2020-05-11 00:00:00+00:00,0,0.045833333333333413,1.0000000920367009,False
2020-05-11 01:00:00+00:00,0,0.033333333333333409,0.99999999533552264,False
2020-05-11 02:00:00+00:00,0,0.025000000000000078,0.99999999999999967,False
2020-05-11 03:00:00+00:00,0,0.020833333333333409,0.99999999900735326,False
2020-05-11 04:00:00+00:00,0,0.020833333333333409,0.99999999900735326,False
2020-05-11 05:00:00+00:00,0,0.020833333333333409,0.99999999900735326,False
2020-05-11 06:00:00+00:00,0,0.020833333333333409,0.99999999900735326,False
2020-05-11 07:00:00+00:00,0,0.020833333333333409,0.99999999900735326,False
2020-05-11 08:00:00+00:00,0,0.020833333333333409,0.99999999900735326,False
2020-05-11 09:00:00+00:00,0,0.020833333333333409,0.99999999900735326,False
2020-05-11 10:00:00+00:00,0,0.016666666666666743,1.0000000463652943,False
2020-05-11 11:00:00+00:00,0,0.012500000000000075,1.0000000353449836,False
2020-05-11 12:00:00+00:00,0,0.0041666666666667412,0.99999999794965333,False
2020-05-11 13:00:00+00:00,0,0.0041666666666667412,0.99999999794965333,False
2020-05-11 14:00:00+00:00,0.10000000000000001,0.0083333333333334078,1.0069306929704918,False
2020-05-11 15:00:00+00:00,0.10000000000000001,0.012500000000000075,0.92828431459265437,False
2020-05-11 16:00:00+00:00,0,0.012500000000000075,1.0000000353449836,False
2020-05-11 17:00:00+00:00,0,0.0083333333333334078,0.99999999998554401,False
2020-05-11 18:00:00+00:00,0,0.0083333333333334078,0.99999999998554401,False
2020-05-11 19:00:00+00:00,0,0.0083333333333334078,0.99999999998554401,False
2020-05-11 20:00:00+00:00,0,0.0083333333333334078,0.99999999998554401,False
2020-05-11 21:00:00+00:00,0.10000000000000001,0.012500000000000075,0.92828431459265437,False
2020-05-11 22:00:00+00:00,0.29999999999999999,0.025000000000000074,1.110051836266313,False
2020-05-11 23:00:00+00:00,0.59999999999999998,0.050000000000000072,1.0340091019837681,False
2020-05-12 00:00:00+00:00,1.1000000000000001,0.095833333333333395,1.2302308137582261,False
2020-05-12 01:00:00+00:00,0.80000000000000004,0.12916666666666674,0.98565482131138116,False
2020-05-12 02:00:00+00:00,0.40000000000000002,0.1458333333333334,0.97204042100003107,False
2020-05-12 03:00:00+00:00,0.10000000000000001,0.15000000000000008,0.98066455170874678,False
2020-05-12 04:00:00+00:00,0.20000000000000001,0.15833333333333341,1.0159995817002505,False
2020-05-12 05:00:00+00:00,0.20000000000000001,0.16666666666666674,1.0340868096899465,False
2020-05-12 06:00:00+00:00,0.10000000000000001,0.17083333333333342,1.0540190150070021,False
2020-05-12 07:00:00+00:00,0,0.17083333333333342,0.97690445372479806,False
2020-05-12 08:00:00+00:00,0,0.17083333333333342,0.97690445372479806,False
2020-05-12 09:00:00+00:00,0,0.17083333333333342,0.97690445372479806,False
2020-05-12 10:00:00+00:00,0,0.17083333333333342,0.97690445372479806,False
2020-05-12 11:00:00+00:00,0,0.17083333333333342,0.97690445372479806,False
2020-05-12 12:00:00+00:00,0,0.17083333333333342,0.97690445372479806,False
2020-05-12 13:00:00+00:00,0,0.17083333333333342,0.97690445372479806,False
2020-05-12 14:00:00+00:00,0,0.16666666666666677,0.9089227173655926,False
2020-05-12 15:00:00+00:00,0,0.16250000000000006,1.1071932792576029,False
2020-05-12 16:00:00+00:00,0,0.16250000000000006,1.1071932792576029,False
2020-05-12 17:00:00+00:00,0,0.16250000000000006,1.1071932792576029,False
2020-05-12 18:00:00+00:00,0,0.16250000000000006,1.1071932792576029,False
2020-05-12 19:00:00+00:00,0,0.16250000000000006,1.1071932792576029,False
2020-05-12 20:00:00+00:00,0,0.16250000000000006,1.1071932792576029,False
2020-05-12 21:00:00+00:00,0,0.15833333333333341,1.1326344310224232,False
2020-05-12 22:00:00+00:00,0,0.1458333333333334,1.0000000000000011,False
2020-05-12 23:00:00+00:00,0,0.12083333333333342,0.99999999999999978,False
2020-05-13 00:00:00+00:00,0,0.07500000000000008,0.99999999999999944,False
2020-05-13 01:00:00+00:00,0,0.041666666666666741,12499996.541922724,True
2020-05-13 02:00:00+00:00,0,0.025000000000000078,0.99999999999999967,False
2020-05-13 03:00:00+00:00,0,0.020833333333333409,0.99999999900735326,False
2020-05-13 04:00:00+00:00,0,0.012500000000000074,1.000000032405592,False
2020-05-13 05:00:00+00:00,0,0.0041666666666667412,0.99999999794965333,False
2020-05-13 06:00:00+00:00,0,0,1,False
2020-05-13 07:00:00+00:00,0,0,1,False
2020-05-13 08:00:00+00:00,0,0,1,False
2020-05-13 09:00:00+00:00,0,0,1,False
2020-05-13 10:00:00+00:00,0,0,1,False
2020-05-13 11:00:00+00:00,0,0,1,False
2020-05-13 12:00:00+00:00,0,0,1,False
2020-05-13 13:00:00+00:00,0,0,1,False
2020-05-13 14:00:00+00:00,0,0,1,False
2020-05-13 15:00:00+00:00,0,0,1,False
2020-05-13 16:00:00+00:00,0,0,1,False
2020-05-13 17:00:00+00:00,0,0,1,False
2020-05-13 18:00:00+00:00,0,0,1,False
2020-05-13 19:00:00+00:00,0,0,1,False
2020-05-13 20:00:00+00:00,0,0,1,False
2020-05-13 21:00:00+00:00,0,0,1,False
2020-05-13 22:00:00+00:00,0,0,1,False
2020-05-13 23:00:00+00:00,0,0,1,False
2020-05-14 00:00:00+00:00,0,0,1,False
2020-05-14 01:00:00+00:00,0,0,1,False
2020-05-14 02:00:00+00:00,0.10000000000000001,0.0041666666666667412,0.99689542488043092,False
2020-05-14 03:00:00+00:00,0.10000000000000001,0.0083333333333334078,1.0069306929704918,False
2020-05-14 04:00:00+00:00,0.20000000000000001,0.016666666666666743,1.0540640308213391,False
2020-05-14 05:00:00+00:00,0.29999999999999999,0.02916666666666674,1.0829019928810244,False
2020-05-14 06:00:00+00:00,0.20000000000000001,0.037500000000000075,0.9252445843400422,False
2020-05-14 07:00:00+00:00,0.10000000000000001,0.041666666666666741,1.0000000000000004,False
2020-05-14 08:00:00+00:00,0.10000000000000001,0.045833333333333413,0.99999999999999978,False
2020-05-14 09:00:00+00:00,0.20000000000000001,0.054166666666666745,1.0131261120971651,False
2020-05-14 10:00:00+00:00,0.20000000000000001,0.062500000000000069,1.0051394563649292,False
2020-05-14 11:00:00+00:00,0.10000000000000001,0.066666666666666749,1.0000000000000013,False
2020-05-14 12:00:00+00:00,0,0.066666666666666749,1.0000000000000004,False
2020-05-14 13:00:00+00:00,0,0.066666666666666749,1.0000000000000004,False
2020-05-14 14:00:00+00:00,0,0.066666666666666749,1.0000000000000004,False
2020-05-14 15:00:00+00:00,0,0.066666666666666749,1.0000000000000004,False
2020-05-14 16:00:00+00:00,0,0.066666666666666749,1.0000000000000004,False
2020-05-14 17:00:00+00:00,0,0.066666666666666749,1.0000000000000004,False
2020-05-14 18:00:00+00:00,0,0.066666666666666749,1.0000000000000004,False
2020-05-14 19:00:00+00:00,0,0.066666666666666749,1.0000000000000004,False
2020-05-14 20:00:00+00:00,0.10000000000000001,0.070833333333333415,1.0000000000000013,False
2020-05-14 21:00:00+00:00,0.10000000000000001,0.07500000000000008,1.0000000000000007,False
2020-05-14 22:00:00+00:00,0.10000000000000001,0.079166666666666746,0.99999999999999989,False
2020-05-14 23:00:00+00:00,0,0.079166666666666746,1.0000000000000004,False
2020-05-15 00:00:00+00:00,0,0.079166666666666746,1.0000000000000004,False
2020-05-15 01:00:00+00:00,0,0.079166666666666746,1.0000000000000004,False
2020-05-15 02:00:00+00:00,0,0.07500000000000008,0.99999999999999944,False
2020-05-15 03:00:00+00:00,0.10000000000000001,0.07500000000000008,1.0000000000000007,False
2020-05-15 04:00:00+00:00,0.40000000000000002,0.083333333333333412,1.0091325333938679,False
2020-05-15 05:00:00+00:00,0.59999999999999998,0.095833333333333423,1.0476458030873135,False
2020-05-15 06:00:00+00:00,0.10000000000000001,0.091666666666666743,0.95760298815429923,False
2020-05-15 07:00:00+00:00,0.29999999999999999,0.10000000000000007,1.0181829005528573,False
2020-05-15 08:00:00+00:00,0.20000000000000001,0.10416666666666675,1.0000000000000002,False
2020-05-15 09:00:00+00:00,0,0.095833333333333423,0.99999999999999933,False
2020-05-15 10:00:00+00:00,0,0.087500000000000078,1.0000000000000002,False
2020-05-15 11:00:00+00:00,0.29999999999999999,0.095833333333333423,1.0208025568371371,False
2020-05-15 12:00:00+00:00,0.29999999999999999,0.10833333333333341,0.98003696530835926,False
2020-05-15 13:00:00+00:00,0.40000000000000002,0.12500000000000008,0.9328409681255585,False
2020-05-15 14:00:00+00:00,0.59999999999999998,0.15000000000000011,1.0104285653666401,False
2020-05-15 15:00:00+00:00,0.20000000000000001,0.15833333333333341,1.0159995817002505,False
2020-05-15 16:00:00+00:00,0.20000000000000001,0.16666666666666674,1.0340868096899465,False
2020-05-15 17:00:00+00:00,0.5,0.18750000000000008,0.99168888205200534,False
2020-05-15 18:00:00+00:00,0.29999999999999999,0.20000000000000009,1.0968948313786264,False
2020-05-15 19:00:00+00:00,0.59999999999999998,0.22500000000000009,1.0462502305004897,False
2020-05-15 20:00:00+00:00,0.29999999999999999,0.23333333333333339,1.0603887286551026,False
2020-05-15 21:00:00+00:00,0.5,0.25000000000000006,1.069540486579442,False
2020-05-15 22:00:00+00:00,0.80000000000000004,0.27916666666666679,1.0017521963215608,False
2020-05-15 23:00:00+00:00,0.80000000000000004,0.31250000000000011,1.0062523614449319,False
2020-05-16 00:00:00+00:00,1,0.35416666666666674,0.99628747651081428,False
2020-05-16 01:00:00+00:00,0.59999999999999998,0.37916666666666682,0.99409552522289579,False
2020-05-16 02:00:00+00:00,0.40000000000000002,0.39583333333333343,1.0061884482055423,False
2020-05-16 03:00:00+00:00,0.5,0.41250000000000009,1.0046963635807353,False
2020-05-16 04:00:00+00:00,0.59999999999999998,0.42083333333333345,0.99005041152467754,False
2020-05-16 05:00:00+00:00,0.59999999999999998,0.42083333333333345,0.99005041152467754,False
2020-05-16 06:00:00+00:00,0.29999999999999999,0.4291666666666667,1.0752256469416657,False
2020-05-16 07:00:00+00:00,0.59999999999999998,0.44166666666666671,0.99403566920276243,False
2020-05-16 08:00:00+00:00,0.90000000000000002,0.47083333333333338,1.0080344039022144,False
2020-05-16 09:00:00+00:00,0.69999999999999996,0.50000000000000011,0.99610965830320375,False
2020-05-16 10:00:00+00:00,0.80000000000000004,0.53333333333333333,1.0170584141102739,False
2020-05-16 11:00:00+00:00,1,0.56250000000000011,1.0277220236842486,False
2020-05-16 12:00:00+00:00,1.3,0.60416666666666674,1.0231616082746828,False
2020-05-16 13:00:00+00:00,1.3,0.64166666666666672,1.0157443412533942,False
2020-05-16 14:00:00+00:00,1.2,0.66666666666666663,1.0263556635653939,False
2020-05-16 15:00:00+00:00,1.2,0.70833333333333348,1.0159537832548335,False
2020-05-16 16:00:00+00:00,1.3,0.75416666666666676,1.0206793254246442,False
2020-05-16 17:00:00+00:00,1.1000000000000001,0.77916666666666679,1.0156824983459403,False
2020-05-16 18:00:00+00:00,0.90000000000000002,0.8041666666666667,0.98449645885241011,False
2020-05-16 19:00:00+00:00,0.90000000000000002,0.81666666666666676,0.9878387088771784,False
2020-05-16 20:00:00+00:00,0.90000000000000002,0.84166666666666667,1.0014537202915399,False
2020-05-16 21:00:00+00:00,0.80000000000000004,0.85416666666666663,1.0223114880107349,False
2020-05-16 22:00:00+00:00,0.69999999999999996,0.85000000000000009,1.0938452205742368,False
2020-05-16 23:00:00+00:00,0.69999999999999996,0.84583333333333333,1.0865621446993545,False
2020-05-17 00:00:00+00:00,0.5,0.82500000000000007,1.0344073653358847,False
2020-05-17 01:00:00+00:00,0.40000000000000002,0.81666666666666676,0.99929408323496893,False
2020-05-17 02:00:00+00:00,0.5,0.82083333333333341,1.0290872826305359,False
2020-05-17 03:00:00+00:00,0.29999999999999999,0.81250000000000011,1.0003824549772347,False
2020-05-17 04:00:00+00:00,0.20000000000000001,0.79583333333333339,0.99706434758791729,False
2020-05-17 05:00:00+00:00,0.20000000000000001,0.77916666666666679,0.99332573299978655,False
2020-05-17 06:00:00+00:00,0.20000000000000001,0.77500000000000002,0.99128078517553131,False
2020-05-17 07:00:00+00:00,0.29999999999999999,0.76250000000000007,0.99181198058518161,False
2020-05-17 08:00:00+00:00,0.40000000000000002,0.7416666666666667,0.98737377086960376,False
2020-05-17 09:00:00+00:00,0.80000000000000004,0.74583333333333346,0.98735707500217307,False
2020-05-17 10:00:00+00:00,1.1000000000000001,0.75833333333333341,1.0122255856996911,False
2020-05-17 11:00:00+00:00,1.1000000000000001,0.76250000000000018,1.0129641887147778,False
2020-05-17 12:00:00+00:00,1.1000000000000001,0.75416666666666676,1.011896525828712,False
2020-05-17 13:00:00+00:00,0.10000000000000001,0.70416666666666672,0.99202787841975015,False
2020-05-17 14:00:00+00:00,0.20000000000000001,0.66250000000000009,1.0051134785657259,False
2020-05-17 15:00:00+00:00,0.29999999999999999,0.62500000000000011,1.0028146753628164,False
2020-05-17 16:00:00+00:00,0.20000000000000001,0.57916666666666672,1.0368020222388743,False
2020-05-17 17:00:00+00:00,0.10000000000000001,0.53750000000000009,1.1321338248886013,False
2020-05-17 18:00:00+00:00,0.20000000000000001,0.50833333333333341,1.0646222071468299,False
2020-05-17 19:00:00+00:00,0.10000000000000001,0.47500000000000009,1.238511233536191,False
2020-05-17 20:00:00+00:00,0.10000000000000001,0.44166666666666671,1.1354417621738908,False
2020-05-17 21:00:00+00:00,0,0.40833333333333344,0.98994173520880013,False
2020-05-17 22:00:00+00:00,0,0.37916666666666671,1.1054330973302036,False
2020-05-17 23:00:00+00:00,0,0.35000000000000009,0.97745686742743865,False
2020-05-18 00:00:00+00:00,0,0.32916666666666677,0.99912296330478767,False
2020-05-18 01:00:00+00:00,0,0.31250000000000006,1.0326121144963805,False
2020-05-18 02:00:00+00:00,0,0.29166666666666674,1.014194717976695,False
2020-05-18 03:00:00+00:00,0,0.27916666666666673,0.98657626641912011,False
2020-05-18 04:00:00+00:00,0,0.27083333333333343,1.010440109937633,False
2020-05-18 05:00:00+00:00,0,0.26250000000000012,1.0671281260698786,False
2020-05-18 06:00:00+00:00,0,0.25416666666666676,0.96769617679780273,False
2020-05-18 07:00:00+00:00,0,0.24166666666666678,1.0050108322907556,False
2020-05-18 08:00:00+00:00,0,0.22500000000000009,0.99756460399508928,False
2020-05-18 09:00:00+00:00,0,0.19166666666666676,1.0642311076784001,False
2020-05-18 10:00:00+00:00,0,0.1458333333333334,1.0000000000000011,False
2020-05-18 11:00:00+00:00,0,0.10000000000000009,0.99999999999999989,False
2020-05-18 12:00:00+00:00,0,0.054166666666666745,1.0000000512128768,False
2020-05-18 13:00:00+00:00,0,0.050000000000000072,0.9999999976292131,False
2020-05-18 14:00:00+00:00,0,0.041666666666666741,12499996.541922724,True
2020-05-18 15:00:00+00:00,0,0.029166666666666743,11111106.723833438,True
2020-05-18 16:00:00+00:00,0,0.020833333333333409,0.99999999900735326,False
2020-05-18 17:00:00+00:00,0,0.016666666666666743,1.0000000463652943,False
2020-05-18 18:00:00+00:00,0,0.0083333333333334078,0.99999999998554401,False
2020-05-18 19:00:00+00:00,0,0.0041666666666667412,0.99999999794965333,False
2020-05-18 20:00:00+00:00,0,0,1,False
2020-05-18 21:00:00+00:00,0,0,1,False
2020-05-18 22:00:00+00:00,0,0,1,False
2020-05-18 23:00:00+00:00,0,0,1,False
2020-05-19 00:00:00+00:00,0,0,1,False
2020-05-19 01:00:00+00:00,0,0,1,False
2020-05-19 02:00:00+00:00,0,0,1,False
2020-05-19 03:00:00+00:00,0,0,1,False
2020-05-19 04:00:00+00:00,0,0,1,False
2020-05-19 05:00:00+00:00,0,0,1,False
2020-05-19 06:00:00+00:00,0,0,1,False
2020-05-19 07:00:00+00:00,0,0,1,False
2020-05-19 08:00:00+00:00,0,0,1,False
2020-05-19 09:00:00+00:00,0,0,1,False
2020-05-19 10:00:00+00:00,0,0,1,False
2020-05-19 11:00:00+00:00,0,0,1,False
2020-05-19 12:00:00+00:00,0,0,1,False
2020-05-19 13:00:00+00:00,0,0,1,False
2020-05-19 14:00:00+00:00,0,0,1,False
2020-05-19 15:00:00+00:00,0,0,1,False
2020-05-19 16:00:00+00:00,0,0,1,False
2020-05-19 17:00:00+00:00,0,0,1,False
2020-05-19 18:00:00+00:00,0,0,1,False
2020-05-19 19:00:00+00:00,0,0,1,False
2020-05-19 20:00:00+00:00,0,0,1,False
2020-05-19 21:00:00+00:00,0,0,1,False
2020-05-19 22:00:00+00:00,0,0,1,False
2020-05-19 23:00:00+00:00,0,0,1,False
2020-05-20 00:00:00+00:00,0,0,1,False
2020-05-20 01:00:00+00:00,0,0,1,False
2020-05-20 02:00:00+00:00,0,0,1,False
2020-05-20 03:00:00+00:00,0,0,1,False
2020-05-20 04:00:00+00:00,0,0,1,False
2020-05-20 05:00:00+00:00,0,0,1,False
2020-05-20 06:00:00+00:00,0,0,1,False
2020-05-20 07:00:00+00:00,0,0,1,False
2020-05-20 08:00:00+00:00,0,0,1,False
2020-05-20 09:00:00+00:00,0,0,1,False
2020-05-20 10:00:00+00:00,0,0,1,False
2020-05-20 11:00:00+00:00,0,0,1,False
2020-05-20 12:00:00+00:00,0,0,1,False
2020-05-20 13:00:00+00:00,0,0,1,False
2020-05-20 14:00:00+00:00,0,0,1,False
2020-05-20 15:00:00+00:00,0,0,1,False
2020-05-20 16:00:00+00:00,0,0,1,False
2020-05-20 17:00:00+00:00,0,0,1,False
2020-05-20 18:00:00+00:00,0,0,1,False
2020-05-20 19:00:00+00:00,0,0,1,False
2020-05-20 20:00:00+00:00,0,0,1,False
2020-05-20 21:00:00+00:00,0,0,1,False
2020-05-20 22:00:00+00:00,0,0,1,False
2020-05-20 23:00:00+00:00,0,0,1,False
2020-05-21 00:00:00+00:00,0,0,1,False
2020-05-21 01:00:00+00:00,0,0,1,False
2020-05-21 02:00:00+00:00,0,0,1,False
2020-05-21 03:00:00+00:00,0,0,1,False
2020-05-21 04:00:00+00:00,0.10000000000000001,0.0041666666666667412,0.99689542488043092,False
2020-05-21 05:00:00+00:00,0.10000000000000001,0.0083333333333334078,1.0069306929704918,False
2020-05-21 06:00:00+00:00,0.10000000000000001,0.012500000000000075,0.92828431459265437,False
2020-05-21 07:00:00+00:00,0.20000000000000001,0.020833333333333409,1.0504829917165521,False
2020-05-21 08:00:00+00:00,0.10000000000000001,0.025000000000000078,1.0000000000000004,False
2020-05-21 09:00:00+00:00,0.10000000000000001,0.029166666666666743,1.0000000000000004,False
2020-05-21 10:00:00+00:00,0.20000000000000001,0.037500000000000075,0.9252445843400422,False
2020-05-21 11:00:00+00:00,0.10000000000000001,0.041666666666666741,1.0000000000000004,False
2020-05-21 12:00:00+00:00,0.20000000000000001,0.050000000000000079,1.0124279186448648,False
2020-05-21 13:00:00+00:00,0.69999999999999996,0.079166666666666732,0.99802838818408768,False
2020-05-21 14:00:00+00:00,0.40000000000000002,0.095833333333333395,0.97572617354202662,False
2020-05-21 15:00:00+00:00,0,0.095833333333333395,0.99999999999999944,False
2020-05-21 16:00:00+00:00,0,0.095833333333333395,0.99999999999999944,False
2020-05-21 17:00:00+00:00,0,0.095833333333333395,0.99999999999999944,False
2020-05-21 18:00:00+00:00,0,0.095833333333333395,0.99999999999999944,False
2020-05-21 19:00:00+00:00,0,0.095833333333333395,0.99999999999999944,False
2020-05-21 20:00:00+00:00,0,0.095833333333333395,0.99999999999999944,False
2020-05-21 21:00:00+00:00,0,0.095833333333333395,0.99999999999999944,False
2020-05-21 22:00:00+00:00,0,0.095833333333333395,0.99999999999999944,False
2020-05-21 23:00:00+00:00,0,0.095833333333333395,0.99999999999999944,False
2020-05-22 00:00:00+00:00,0,0.095833333333333395,0.99999999999999944,False
2020-05-22 01:00:00+00:00,0,0.095833333333333395,0.99999999999999944,False
2020-05-22 02:00:00+00:00,0,0.095833333333333395,0.99999999999999944,False
2020-05-22 03:00:00+00:00,0,0.095833333333333395,0.99999999999999944,False
2020-05-22 04:00:00+00:00,0,0.091666666666666743,0.99999999999999933,False
2020-05-22 05:00:00+00:00,0,0.087500000000000064,1.0000000000000002,False
2020-05-22 06:00:00+00:00,0.10000000000000001,0.087500000000000078,0.99238559648700175,False
2020-05-22 07:00:00+00:00,0.10000000000000001,0.083333333333333412,1.0000000000000002,False
2020-05-22 08:00:00+00:00,0.5,0.10000000000000007,0.99384573839833146,False
2020-05-22 09:00:00+00:00,0.29999999999999999,0.10833333333333339,0.98003696530835926,False
2020-05-22 10:00:00+00:00,0.10000000000000001,0.10416666666666674,1.0735300259677669,False
2020-05-22 11:00:00+00:00,0.29999999999999999,0.11250000000000009,0.96435514730180194,False
2020-05-22 12:00:00+00:00,0.20000000000000001,0.11250000000000006,1.0000000000000002,False
2020-05-22 13:00:00+00:00,0.20000000000000001,0.091666666666666743,1.0017006802637796,False
2020-05-22 14:00:00+00:00,0.59999999999999998,0.10000000000000007,1.0495291663341975,False
2020-05-22 15:00:00+00:00,1.3999999999999999,0.15833333333333341,1.110314762241718,False
2020-05-22 16:00:00+00:00,1.8999999999999999,0.23750000000000004,1.0913566556048824,False
2020-05-22 17:00:00+00:00,1.5,0.30000000000000004,1.0381908299425737,False
2020-05-22 18:00:00+00:00,2.7000000000000002,0.41250000000000009,1.0898291022148221,False
2020-05-22 19:00:00+00:00,3,0.53750000000000009,1.1163414159241964,False
2020-05-22 20:00:00+00:00,2,0.62083333333333346,1.0414700424019729,False
2020-05-22 21:00:00+00:00,1.1000000000000001,0.66666666666666663,1.0314746293927997,False
2020-05-22 22:00:00+00:00,0,0.66666666666666663,1.1454271117702777,False
2020-05-22 23:00:00+00:00,0,0.66666666666666663,1.1454271117702777,False
2020-05-23 00:00:00+00:00,0,0.66666666666666663,1.1454271117702777,False
2020-05-23 01:00:00+00:00,0,0.66666666666666663,1.1454271117702777,False
2020-05-23 02:00:00+00:00,0,0.66666666666666663,1.1454271117702777,False
2020-05-23 03:00:00+00:00,0.10000000000000001,0.67083333333333339,0.99382417058126582,False
2020-05-23 04:00:00+00:00,0.10000000000000001,0.67500000000000016,0.99252440643592699,False
2020-05-23 05:00:00+00:00,0.10000000000000001,0.6791666666666667,0.99197521314800308,False
2020-05-23 06:00:00+00:00,0.10000000000000001,0.6791666666666667,0.99197521314800308,False
2020-05-23 07:00:00+00:00,0.10000000000000001,0.67916666666666681,0.99197521314800285,False
2020-05-23 08:00:00+00:00,0,0.65833333333333344,1.0773563092563996,False
2020-05-23 09:00:00+00:00,0,0.64583333333333337,1.0086101777472125,False
2020-05-23 10:00:00+00:00,0,0.64166666666666672,1.0044904000362933,False
2020-05-23 11:00:00+00:00,0,0.62916666666666676,0.9778892315462232,False
2020-05-23 12:00:00+00:00,0,0.62083333333333346,0.95639650166619039,False
2020-05-23 13:00:00+00:00,0,0.61250000000000004,0.96665619422711713,False
2020-05-23 14:00:00+00:00,0,0.58750000000000002,1.0151576038282653,False
2020-05-23 15:00:00+00:00,0,0.52916666666666679,1.0417245675331421,False
2020-05-23 16:00:00+00:00,0,0.45000000000000012,1.0492126925885816,False
2020-05-23 17:00:00+00:00,0,0.38750000000000012,1.0725243500453949,False
2020-05-23 18:00:00+00:00,0,0.27500000000000008,1.0009268621413743,False
2020-05-23 19:00:00+00:00,0.10000000000000001,0.15416666666666676,1.0220034494346946,False
2020-05-23 20:00:00+00:00,0.5,0.091666666666666743,1.0107678435398846,False
2020-05-23 21:00:00+00:00,0.59999999999999998,0.070833333333333401,1.0384031378653424,False
2020-05-23 22:00:00+00:00,1.3999999999999999,0.12916666666666674,1.1440845130503774,False
2020-05-23 23:00:00+00:00,1,0.17083333333333339,1.0269671114389245,False
2020-05-24 00:00:00+00:00,0.69999999999999996,0.20000000000000007,0.98843013367922139,False
2020-05-24 01:00:00+00:00,0.90000000000000002,0.23750000000000007,0.98190713784810668,False
2020-05-24 02:00:00+00:00,0.69999999999999996,0.26666666666666672,1.0115330474280613,False
2020-05-24 03:00:00+00:00,0.20000000000000001,0.27083333333333343,0.99044625089556204,False
2020-05-24 04:00:00+00:00,0.29999999999999999,0.27916666666666673,1.0585923940507356,False
2020-05-24 05:00:00+00:00,0.10000000000000001,0.27916666666666673,1.0162884952986111,False
2020-05-24 06:00:00+00:00,0.10000000000000001,0.27916666666666673,1.0162884952986111,False
2020-05-24 07:00:00+00:00,0.40000000000000002,0.29166666666666674,1.0684575640455305,False
2020-05-24 08:00:00+00:00,0.69999999999999996,0.32083333333333336,0.99648625139060576,False
2020-05-24 09:00:00+00:00,0.69999999999999996,0.35000000000000009,0.988038766622097,False
2020-05-24 10:00:00+00:00,0.69999999999999996,0.37916666666666671,0.99041462187490725,False
2020-05-24 11:00:00+00:00,0.5,0.40000000000000008,1.0058042342429312,False
2020-05-24 12:00:00+00:00,0.29999999999999999,0.41250000000000009,1.1020055060539236,False
2020-05-24 13:00:00+00:00,0.10000000000000001,0.41666666666666674,1.0638727077276089,False
2020-05-24 14:00:00+00:00,0,0.41666666666666674,0.96372979809987602,False
2020-05-24 15:00:00+00:00,0,0.41666666666666674,0.96372979809987602,False
2020-05-24 16:00:00+00:00,0,0.41666666666666674,0.96372979809987602,False
2020-05-24 17:00:00+00:00,0,0.41666666666666674,0.96372979809987602,False
2020-05-24 18:00:00+00:00,0,0.41666666666666674,0.96372979809987602,False
2020-05-24 19:00:00+00:00,0,0.41250000000000009,0.95972842509295975,False
2020-05-24 20:00:00+00:00,0,0.39166666666666677,1.0442621211796634,False
2020-05-24 21:00:00+00:00,0,0.36666666666666675,1.0784085666802059,False
2020-05-24 22:00:00+00:00,0,0.3083333333333334,1.023418297812817,False
2020-05-24 23:00:00+00:00,0,0.26666666666666677,1.0534508622262204,False
2020-05-25 00:00:00+00:00,0,0.23750000000000007,1.0676332631742962,False
2020-05-25 01:00:00+00:00,0,0.20000000000000007,1.0308176096442385,False
2020-05-25 02:00:00+00:00,0,0.17083333333333339,0.97690445372479817,False
2020-05-25 03:00:00+00:00,0,0.16250000000000006,1.1071932792576029,False
2020-05-25 04:00:00+00:00,0,0.15000000000000005,0.99999999999999878,False
2020-05-25 05:00:00+00:00,0,0.1458333333333334,1.0000000000000011,False
2020-05-25 06:00:00+00:00,0,0.14166666666666672,1.0000000000000011,False
2020-05-25 07:00:00+00:00,0,0.12500000000000006,1.0000000000000007,False
2020-05-25 08:00:00+00:00,0,0.095833333333333395,0.99999999999999944,False
2020-05-25 09:00:00+00:00,0,0.066666666666666721,1.0000000000000016,False
2020-05-25 10:00:00+00:00,0,0.037500000000000068,1,False
2020-05-25 11:00:00+00:00,0,0.016666666666666732,1.0000000240259166,False
2020-05-25 12:00:00+00:00,0,0.0041666666666667317,0.99999999865558953,False
2020-05-25 13:00:00+00:00,0,0,1,False
2020-05-25 14:00:00+00:00,0,0,1,False
2020-05-25 15:00:00+00:00,0,0,1,False
2020-05-25 16:00:00+00:00,0,0,1,False
2020-05-25 17:00:00+00:00,0,0,1,False
2020-05-25 18:00:00+00:00,0,0,1,False
2020-05-25 19:00:00+00:00,0,0,1,False
2020-05-25 20:00:00+00:00,0,0,1,False
2020-05-25 21:00:00+00:00,0,0,1,False
2020-05-25 22:00:00+00:00,0,0,1,False
2020-05-25 23:00:00+00:00,0,0,1,False
2020-05-26 00:00:00+00:00,0,0,1,False
2020-05-26 01:00:00+00:00,0,0,1,False
2020-05-26 02:00:00+00:00,0,0,1,False
2020-05-26 03:00:00+00:00,0,0,1,False
2020-05-26 04:00:00+00:00,0,0,1,False
2020-05-26 05:00:00+00:00,0,0,1,False
2020-05-26 06:00:00+00:00,0,0,1,False
2020-05-26 07:00:00+00:00,0,0,1,False
2020-05-26 08:00:00+00:00,0,0,1,False
2020-05-26 09:00:00+00:00,0,0,1,False
2020-05-26 10:00:00+00:00,0,0,1,False
2020-05-26 11:00:00+00:00,0,0,1,False
2020-05-26 12:00:00+00:00,0,0,1,False
2020-05-26 13:00:00+00:00,0,0,1,False
2020-05-26 14:00:00+00:00,0,0,1,False
2020-05-26 15:00:00+00:00,0,0,1,False
2020-05-26 16:00:00+00:00,0,0,1,False
2020-05-26 17:00:00+00:00,0,0,1,False
2020-05-26 18:00:00+00:00,0,0,1,False
2020-05-26 19:00:00+00:00,0,0,1,False
2020-05-26 20:00:00+00:00,0,0,1,False
2020-05-26 21:00:00+00:00,0,0,1,False
2020-05-26 22:00:00+00:00,0,0,1,False
2020-05-26 23:00:00+00:00,0,0,1,False
2020-05-27 00:00:00+00:00,0,0,1,False
2020-05-27 01:00:00+00:00,0,0,1,False
2020-05-27 02:00:00+00:00,0,0,1,False
2020-05-27 03:00:00+00:00,0,0,1,False
2020-05-27 04:00:00+00:00,0,0,1,False
2020-05-27 05:00:00+00:00,0,0,1,False
2020-05-27 06:00:00+00:00,0,0,1,False
2020-05-27 07:00:00+00:00,0,0,1,False
2020-05-27 08:00:00+00:00,0.10000000000000001,0.0041666666666667317,0.99689542488043092,False
2020-05-27 09:00:00+00:00,0.10000000000000001,0.0083333333333333991,1.0069306929704918,False
2020-05-27 10:00:00+00:00,0.10000000000000001,0.012500000000000067,0.92828431459265415,False
2020-05-27 11:00:00+00:00,0.10000000000000001,0.016666666666666732,1.053106192215491,False
2020-05-27 12:00:00+00:00,0.10000000000000001,0.020833333333333398,0.99999999999999978,False
2020-05-27 13:00:00+00:00,0.20000000000000001,0.029166666666666733,0.95130522865788747,False
2020-05-27 14:00:00+00:00,0.10000000000000001,0.033333333333333402,1.0000000000000009,False
2020-05-27 15:00:00+00:00,0,0.033333333333333402,0.99999999651127969,False
2020-05-27 16:00:00+00:00,0,0.033333333333333402,0.99999999651127969,False
2020-05-27 17:00:00+00:00,0,0.033333333333333402,0.99999999651127969,False
2020-05-27 18:00:00+00:00,0,0.033333333333333402,0.99999999651127969,False
2020-05-27 19:00:00+00:00,0,0.033333333333333402,0.99999999651127969,False
2020-05-27 20:00:00+00:00,0,0.033333333333333402,0.99999999651127969,False
2020-05-27 21:00:00+00:00,0,0.033333333333333402,0.99999999651127969,False
2020-05-27 22:00:00+00:00,0,0.033333333333333402,0.99999999651127969,False
2020-05-27 23:00:00+00:00,0,0.033333333333333402,0.99999999651127969,False
2020-05-28 00:00:00+00:00,0,0.033333333333333402,0.99999999651127969,False
2020-05-28 01:00:00+00:00,0,0.033333333333333402,0.99999999651127969,False
2020-05-28 02:00:00+00:00,0,0.033333333333333402,0.99999999651127969,False
2020-05-28 03:00:00+00:00,0,0.033333333333333402,0.99999999651127969,False
2020-05-28 04:00:00+00:00,0,0.033333333333333402,0.99999999651127969,False
2020-05-28 05:00:00+00:00,0,0.033333333333333402,0.99999999651127969,False
2020-05-28 06:00:00+00:00,0,0.033333333333333402,0.99999999651127969,False
2020-05-28 07:00:00+00:00,0,0.033333333333333402,0.99999999651127969,False
2020-05-28 08:00:00+00:00,0,0.029166666666666733,11111106.723833444,True
2020-05-28 09:00:00+00:00,0,0.025000000000000067,0.99999999999999967,False
2020-05-28 10:00:00+00:00,0,0.020833333333333398,1.0000000007709879,False
2020-05-28 11:00:00+00:00,0,0.016666666666666732,1.0000000240259166,False
2020-05-28 12:00:00+00:00,0,0.012500000000000067,1.0000000206480248,False
2020-05-28 13:00:00+00:00,0,0.0041666666666667317,0.99999999865558953,False
2020-05-28 14:00:00+00:00,0,0,1,False
2020-05-28 15:00:00+00:00,0,0,1,False
2020-05-28 16:00:00+00:00,0,0,1,False
2020-05-28 17:00:00+00:00,0,0,1,False
2020-05-28 18:00:00+00:00,0,0,1,False
2020-05-28 19:00:00+00:00,0,0,1,False
2020-05-28 20:00:00+00:00,0,0,1,False
2020-05-28 21:00:00+00:00,0,0,1,False
2020-05-28 22:00:00+00:00,0,0,1,False
2020-05-28 23:00:00+00:00,0,0,1,False
2020-05-29 00:00:00+00:00,0,0,1,False
2020-05-29 01:00:00+00:00,0,0,1,False
2020-05-29 02:00:00+00:00,0,0,1,False
2020-05-29 03:00:00+00:00,0,0,1,False
2020-05-29 04:00:00+00:00,0,0,1,False
2020-05-29 05:00:00+00:00,0,0,1,False
2020-05-29 06:00:00+00:00,0,0,1,False
2020-05-29 07:00:00+00:00,0,0,1,False
2020-05-29 08:00:00+00:00,0,0,1,False
2020-05-29 09:00:00+00:00,0,0,1,False
2020-05-29 10:00:00+00:00,0,0,1,False
2020-05-29 11:00:00+00:00,0,0,1,False
2020-05-29 12:00:00+00:00,0,0,1,False
2020-05-29 13:00:00+00:00,0,0,1,False
2020-05-29 14:00:00+00:00,0,0,1,False
2020-05-29 15:00:00+00:00,0,0,1,False
2020-05-29 16:00:00+00:00,0,0,1,False
2020-05-29 17:00:00+00:00,0,0,1,False
2020-05-29 18:00:00+00:00,0,0,1,False
2020-05-29 19:00:00+00:00,0,0,1,False
2020-05-29 20:00:00+00:00,0,0,1,False
2020-05-29 21:00:00+00:00,0,0,1,False
2020-05-29 22:00:00+00:00,0,0,1,False
2020-05-29 23:00:00+00:00,0,0,1,False
2020-05-30 00:00:00+00:00,0,0,1,False
2020-05-30 01:00:00+00:00,0,0,1,False
2020-05-30 02:00:00+00:00,0,0,1,False
2020-05-30 03:00:00+00:00,0,0,1,False
2020-05-30 04:00:00+00:00,0,0,1,False
2020-05-30 05:00:00+00:00,0,0,1,False
2020-05-30 06:00:00+00:00,0,0,1,False
2020-05-30 07:00:00+00:00,0,0,1,False
2020-05-30 08:00:00+00:00,0,0,1,False
2020-05-30 09:00:00+00:00,0,0,1,False
2020-05-30 10:00:00+00:00,0,0,1,False
2020-05-30 11:00:00+00:00,0,0,1,False
2020-05-30 12:00:00+00:00,0,0,1,False
2020-05-30 13:00:00+00:00,0,0,1,False
2020-05-30 14:00:00+00:00,0,0,1,False
2020-05-30 15:00:00+00:00,0,0,1,False
2020-05-30 16:00:00+00:00,0,0,1,False
2020-05-30 17:00:00+00:00,0,0,1,False
2020-05-30 18:00:00+00:00,0,0,1,False
2020-05-30 19:00:00+00:00,0,0,1,False
2020-05-30 20:00:00+00:00,0,0,1,False
2020-05-30 21:00:00+00:00,0,0,1,False
2020-05-30 22:00:00+00:00,0,0,1,False
2020-05-30 23:00:00+00:00,0,0,1,False
2020-05-31 00:00:00+00:00,0,0,1,False
2020-05-31 01:00:00+00:00,0,0,1,False
2020-05-31 02:00:00+00:00,0,0,1,False
2020-05-31 03:00:00+00:00,0,0,1,False
2020-05-31 04:00:00+00:00,0,0,1,False
2020-05-31 05:00:00+00:00,0,0,1,False
2020-05-31 06:00:00+00:00,0,0,1,False
2020-05-31 07:00:00+00:00,0,0,1,False
2020-05-31 08:00:00+00:00,0,0,1,False
2020-05-31 09:00:00+00:00,0,0,1,False
2020-05-31 10:00:00+00:00,0,0,1,False
2020-05-31 11:00:00+00:00,0,0,1,False
2020-05-31 12:00:00+00:00,0,0,1,False
2020-05-31 13:00:00+00:00,0,0,1,False
2020-05-31 14:00:00+00:00,0,0,1,False
2020-05-31 15:00:00+00:00,0,0,1,False
2020-05-31 16:00:00+00:00,0,0,1,False
2020-05-31 17:00:00+00:00,0,0,1,False
2020-05-31 18:00:00+00:00,0,0,1,False
2020-05-31 19:00:00+00:00,0,0,1,False
2020-05-31 20:00:00+00:00,0,0,1,False
2020-05-31 21:00:00+00:00,0,0,1,False
2020-05-31 22:00:00+00:00,0,0,1,False
2020-05-31 23:00:00+00:00,0,0,1,False
2020-06-01 00:00:00+00:00,0,0,1,False
2020-06-01 01:00:00+00:00,0,0,1,False
2020-06-01 02:00:00+00:00,0,0,1,False
2020-06-01 03:00:00+00:00,0,0,1,False
2020-06-01 04:00:00+00:00,0,0,1,False
2020-06-01 05:00:00+00:00,0,0,1,False
2020-06-01 06:00:00+00:00,0,0,1,False
2020-06-01 07:00:00+00:00,0,0,1,False
2020-06-01 08:00:00+00:00,0,0,1,False
2020-06-01 09:00:00+00:00,0,0,1,False
2020-06-01 10:00:00+00:00,0,0,1,False
2020-06-01 11:00:00+00:00,0,0,1,False
2020-06-01 12:00:00+00:00,0,0,1,False
2020-06-01 13:00:00+00:00,0,0,1,False
2020-06-01 14:00:00+00:00,0,0,1,False
2020-06-01 15:00:00+00:00,0,0,1,False
2020-06-01 16:00:00+00:00,0,0,1,False
2020-06-01 17:00:00+00:00,0,0,1,False
2020-06-01 18:00:00+00:00,0,0,1,False
2020-06-01 19:00:00+00:00,0,0,1,False
2020-06-01 20:00:00+00:00,0,0,1,False
2020-06-01 21:00:00+00:00,0,0,1,False
2020-06-01 22:00:00+00:00,0,0,1,False
2020-06-01 23:00:00+00:00,0,0,1,False
2020-06-02 00:00:00+00:00,0,0,1,False
2020-06-02 01:00:00+00:00,0,0,1,False
2020-06-02 02:00:00+00:00,0,0,1,False
2020-06-02 03:00:00+00:00,0,0,1,False
2020-06-02 04:00:00+00:00,0,0,1,False
2020-06-02 05:00:00+00:00,0,0,1,False
2020-06-02 06:00:00+00:00,0,0,1,False
2020-06-02 07:00:00+00:00,0,0,1,False
2020-06-02 08:00:00+00:00,0,0,1,False
2020-06-02 09:00:00+00:00,0,0,1,False
2020-06-02 10:00:00+00:00,0,0,1,False
2020-06-02 11:00:00+00:00,0,0,1,False
2020-06-02 12:00:00+00:00,0,0,1,False
2020-06-02 13:00:00+00:00,0,0,1,False
2020-06-02 14:00:00+00:00,0,0,1,False
2020-06-02 15:00:00+00:00,0,0,1,False
2020-06-02 16:00:00+00:00,0,0,1,False
2020-06-02 17:00:00+00:00,0,0,1,False
2020-06-02 18:00:00+00:00,0,0,1,False
2020-06-02 19:00:00+00:00,0,0,1,False
2020-06-02 20:00:00+00:00,0,0,1,False
2020-06-02 21:00:00+00:00,0,0,1,False
2020-06-02 22:00:00+00:00,0,0,1,False
2020-06-02 23:00:00+00:00,0,0,1,False
2020-06-03 00:00:00+00:00,0,0,1,False
2020-06-03 01:00:00+00:00,0,0,1,False
2020-06-03 02:00:00+00:00,0,0,1,False
2020-06-03 03:00:00+00:00,0,0,1,False
2020-06-03 04:00:00+00:00,0,0,1,False
2020-06-03 05:00:00+00:00,0,0,1,False
2020-06-03 06:00:00+00:00,0,0,1,False
2020-06-03 07:00:00+00:00,0,0,1,False
2020-06-03 08:00:00+00:00,0,0,1,False
2020-06-03 09:00:00+00:00,0,0,1,False
2020-06-03 10:00:00+00:00,0,0,1,False
2020-06-03 11:00:00+00:00,0,0,1,False
2020-06-03 12:00:00+00:00,0,0,1,False
2020-06-03 13:00:00+00:00,0,0,1,False
2020-06-03 14:00:00+00:00,0,0,1,False
2020-06-03 15:00:00+00:00,0,0,1,False
2020-06-03 16:00:00+00:00,0,0,1,False
2020-06-03 17:00:00+00:00,0,0,1,False
2020-06-03 18:00:00+00:00,0.10000000000000001,0.0041666666666667317,0.99689542488043092,False
2020-06-03 19:00:00+00:00,0.20000000000000001,0.012500000000000067,1.0755502654500606,False
2020-06-03 20:00:00+00:00,0.10000000000000001,0.016666666666666732,1.053106192215491,False
2020-06-03 21:00:00+00:00,0.10000000000000001,0.020833333333333398,0.99999999999999978,False
2020-06-03 22:00:00+00:00,0.40000000000000002,0.037500000000000068,1.1261566700904631,False
2020-06-03 23:00:00+00:00,0.20000000000000001,0.045833333333333399,1.0038370172723123,False
2020-06-04 00:00:00+00:00,0.10000000000000001,0.050000000000000065,0.99999999999999922,False
2020-06-04 01:00:00+00:00,0,0.050000000000000065,0.99999999880496893,False
2020-06-04 02:00:00+00:00,0,0.050000000000000065,0.99999999880496893,False
2020-06-04 03:00:00+00:00,0,0.050000000000000065,0.99999999880496893,False
2020-06-04 04:00:00+00:00,0,0.050000000000000065,0.99999999880496893,False
2020-06-04 05:00:00+00:00,0.10000000000000001,0.054166666666666731,0.99999999999999956,False
2020-06-04 06:00:00+00:00,0.10000000000000001,0.058333333333333404,1.0000000000000009,False
2020-06-04 07:00:00+00:00,0.90000000000000002,0.095833333333333395,1.0439193508471702,False
2020-06-04 08:00:00+00:00,1.5,0.15833333333333341,1.1306833963737071,False
2020-06-04 09:00:00+00:00,1.3,0.21250000000000005,1.0917206188627426,False
2020-06-04 10:00:00+00:00,1,0.25416666666666671,0.97732727049135826,False
2020-06-04 11:00:00+00:00,0.80000000000000004,0.28750000000000009,1.0002369456055817,False
2020-06-04 12:00:00+00:00,0.20000000000000001,0.29583333333333339,1.0229603167978065,False
2020-06-04 13:00:00+00:00,0.10000000000000001,0.3000000000000001,1.0704204156889243,False
2020-06-04 14:00:00+00:00,0.29999999999999999,0.31250000000000006,1.0955654984638092,False
2020-06-04 15:00:00+00:00,0.10000000000000001,0.31666666666666671,1.0713814501850851,False
2020-06-04 16:00:00+00:00,0,0.31666666666666671,1.0302773494802926,False
2020-06-04 17:00:00+00:00,0.10000000000000001,0.32083333333333341,1.0737419657105187,False
2020-06-04 18:00:00+00:00,0,0.31666666666666676,1.0302773494802926,False
2020-06-04 19:00:00+00:00,0,0.3083333333333334,1.023418297812817,False
2020-06-04 20:00:00+00:00,0,0.30416666666666675,1.0067108513838361,False
2020-06-04 21:00:00+00:00,0,0.3000000000000001,1.0081764520988958,False
2020-06-04 22:00:00+00:00,0.20000000000000001,0.29166666666666674,1.0146573486040082,False
2020-06-04 23:00:00+00:00,0.10000000000000001,0.28750000000000009,1.0409938471187314,False
2020-06-05 00:00:00+00:00,0,0.28333333333333338,0.97719499445363467,False
2020-06-05 01:00:00+00:00,0,0.28333333333333338,0.97719499445363467,False
2020-06-05 02:00:00+00:00,0,0.28333333333333338,0.97719499445363467,False
2020-06-05 03:00:00+00:00,0,0.28333333333333338,0.97719499445363467,False
2020-06-05 04:00:00+00:00,0,0.28333333333333338,0.97719499445363467,False
2020-06-05 05:00:00+00:00,0,0.27916666666666673,0.98657626641912011,False
2020-06-05 06:00:00+00:00,0,0.27500000000000008,1.0009268621413743,False
2020-06-05 07:00:00+00:00,0,0.23750000000000007,1.0676332631742962,False
2020-06-05 08:00:00+00:00,0,0.17500000000000007,1.0686661459692306,False
2020-06-05 09:00:00+00:00,0,0.1208333333333334,1,False
2020-06-05 10:00:00+00:00,0,0.079166666666666732,1.0000000000000013,False
2020-06-05 11:00:00+00:00,0,0.045833333333333399,1.0000000520609706,False
2020-06-05 12:00:00+00:00,0.20000000000000001,0.045833333333333399,1.0038370172723123,False
2020-06-05 13:00:00+00:00,0.29999999999999999,0.054166666666666731,1.0041125446193939,False
2020-06-05 14:00:00+00:00,0.10000000000000001,0.045833333333333399,1,False
2020-06-05 15:00:00+00:00,0.10000000000000001,0.045833333333333399,1,False
2020-06-05 16:00:00+00:00,0.10000000000000001,0.050000000000000065,0.99999999999999922,False
2020-06-05 17:00:00+00:00,0.10000000000000001,0.050000000000000065,0.99999999999999922,False
2020-06-05 18:00:00+00:00,0.59999999999999998,0.075000000000000067,1.028316404958421,False
2020-06-05 19:00:00+00:00,0.90000000000000002,0.11250000000000006,1.0300905561480642,False
2020-06-05 20:00:00+00:00,1.3999999999999999,0.17083333333333339,1.1002712387697267,False
2020-06-05 21:00:00+00:00,1.3,0.22500000000000006,1.0730490960046339,False
2020-06-05 22:00:00+00:00,0.59999999999999998,0.24166666666666672,1.0299846421792604,False
2020-06-05 23:00:00+00:00,0.20000000000000001,0.24583333333333338,0.99960632002690475,False
2020-06-06 00:00:00+00:00,0.10000000000000001,0.25000000000000006,0.95890085295396876,False
2020-06-06 01:00:00+00:00,0,0.25000000000000006,0.9747130642504378,False
2020-06-06 02:00:00+00:00,0,0.25000000000000006,0.9747130642504378,False
2020-06-06 03:00:00+00:00,0,0.25000000000000006,0.9747130642504378,False
2020-06-06 04:00:00+00:00,0,0.25000000000000006,0.9747130642504378,False
2020-06-06 05:00:00+00:00,0,0.25000000000000006,0.9747130642504378,False
2020-06-06 06:00:00+00:00,0.10000000000000001,0.25416666666666671,0.97118813704057161,False
2020-06-06 07:00:00+00:00,0.29999999999999999,0.26666666666666672,1.0561664185238955,False
2020-06-06 08:00:00+00:00,0.20000000000000001,0.27500000000000008,0.99148049655057435,False
2020-06-06 09:00:00+00:00,0.10000000000000001,0.27916666666666673,1.0162884952986111,False
2020-06-06 10:00:00+00:00,0.20000000000000001,0.28750000000000003,1.0090906099861989,False
2020-06-06 11:00:00+00:00,0.40000000000000002,0.30416666666666675,1.0443271925294935,False
2020-06-06 12:00:00+00:00,0.40000000000000002,0.31250000000000006,1.0431551969482791,False
2020-06-06 13:00:00+00:00,0.59999999999999998,0.32500000000000007,1.0088218877036765,False
2020-06-06 14:00:00+00:00,0.90000000000000002,0.35833333333333339,1.0079038705808498,False
2020-06-06 15:00:00+00:00,0.90000000000000002,0.39166666666666677,1.0036605405074075,False
2020-06-06 16:00:00+00:00,0.69999999999999996,0.41666666666666674,0.99218777848976758,False
2020-06-06 17:00:00+00:00,0.5,0.4333333333333334,1.0049054004825029,False
2020-06-06 18:00:00+00:00,0.29999999999999999,0.42083333333333339,1.0797974540328898,False
2020-06-06 19:00:00+00:00,0.20000000000000001,0.39166666666666677,1.0132851079750804,False
2020-06-06 20:00:00+00:00,0.10000000000000001,0.33750000000000008,1.0125892998076993,False
2020-06-06 21:00:00+00:00,0,0.28333333333333338,0.97719499445363467,False
2020-06-06 22:00:00+00:00,0.20000000000000001,0.26666666666666672,0.99181985874062295,False
2020-06-06 23:00:00+00:00,0.29999999999999999,0.27083333333333343,1.0598989009097948,False
2020-06-07 00:00:00+00:00,0.40000000000000002,0.28333333333333338,1.0677590717667969,False
2020-06-07 01:00:00+00:00,0.29999999999999999,0.29583333333333339,1.0757000021960563,False
2020-06-07 02:00:00+00:00,0.5,0.31666666666666671,1.0357960524347314,False
2020-06-07 03:00:00+00:00,0.80000000000000004,0.35000000000000009,1.0076670841485647,False
2020-06-07 04:00:00+00:00,0.59999999999999998,0.37500000000000006,0.99524994033310421,False
2020-06-07 05:00:00+00:00,0.5,0.39583333333333343,1.0060325560285106,False
2020-06-07 06:00:00+00:00,0.5,0.41250000000000009,1.0046963635807353,False
2020-06-07 07:00:00+00:00,0.29999999999999999,0.41250000000000009,1.1020055060539236,False
2020-06-07 08:00:00+00:00,0.20000000000000001,0.41250000000000009,1.0003552900446384,False
2020-06-07 09:00:00+00:00,0.10000000000000001,0.41250000000000009,1.0566714016122425,False
2020-06-07 10:00:00+00:00,0.10000000000000001,0.40833333333333338,1.0431614854023035,False
2020-06-07 11:00:00+00:00,0.10000000000000001,0.39583333333333343,1.0120726122754626,False
2020-06-07 12:00:00+00:00,0,0.37916666666666671,1.1054330973302036,False
2020-06-07 13:00:00+00:00,0,0.35416666666666674,0.99882637725571599,False
2020-06-07 14:00:00+00:00,0,0.31666666666666671,1.0302773494802926,False
2020-06-07 15:00:00+00:00,0,0.27916666666666673,0.98657626641912011,False
2020-06-07 16:00:00+00:00,0,0.25000000000000006,0.9747130642504378,False
2020-06-07 17:00:00+00:00,0,0.22916666666666674,1.0394644567890203,False
2020-06-07 18:00:00+00:00,0.10000000000000001,0.22083333333333335,1.032289836240762,False
2020-06-07 19:00:00+00:00,0,0.21250000000000005,1,False
2020-06-07 20:00:00+00:00,0,0.2083333333333334,0.99999999999999933,False
2020-06-07 21:00:00+00:00,0,0.2083333333333334,0.99999999999999933,False
2020-06-07 22:00:00+00:00,0,0.20000000000000004,1.0826194104380038,False
2020-06-07 23:00:00+00:00,0,0.18750000000000008,0.94483487171582259,False
2020-06-08 00:00:00+00:00,0,0.17083333333333339,0.97690445372479817,False
2020-06-08 01:00:00+00:00,0,0.15833333333333341,1.1326344310224232,False
2020-06-08 02:00:00+00:00,0,0.13750000000000007,1.0000000000000009,False
2020-06-08 03:00:00+00:00,0,0.10416666666666674,1.0000000000000013,False
2020-06-08 04:00:00+00:00,0,0.079166666666666732,1.0000000000000013,False
2020-06-08 05:00:00+00:00,0,0.058333333333333404,1.0000000000000013,False
2020-06-08 06:00:00+00:00,0,0.037500000000000068,1,False
2020-06-08 07:00:00+00:00,0,0.025000000000000067,0.99999999999999967,False
2020-06-08 08:00:00+00:00,0,0.016666666666666732,1.0000000240259166,False
2020-06-08 09:00:00+00:00,0,0.012500000000000067,1.0000000206480248,False
2020-06-08 10:00:00+00:00,0,0.0083333333333333991,0.99999999988917054,False
2020-06-08 11:00:00+00:00,0,0.0041666666666667317,0.99999999865558953,False
2020-06-08 12:00:00+00:00,0,0.0041666666666667317,0.99999999865558953,False
2020-06-08 13:00:00+00:00,0,0.0041666666666667317,0.99999999865558953,False
2020-06-08 14:00:00+00:00,0,0.0041666666666667317,0.99999999865558953,False
2020-06-08 15:00:00+00:00,0,0.0041666666666667317,0.99999999865558953,False
2020-06-08 16:00:00+00:00,0,0.0041666666666667317,0.99999999865558953,False
2020-06-08 17:00:00+00:00,0,0.0041666666666667317,0.99999999865558953,False
2020-06-08 18:00:00+00:00,0,0,1,False
2020-06-08 19:00:00+00:00,0,0,1,False
2020-06-08 20:00:00+00:00,0,0,1,False
2020-06-08 21:00:00+00:00,0,0,1,False
2020-06-08 22:00:00+00:00,0,0,1,False
2020-06-08 23:00:00+00:00,0,0,1,False
2020-06-09 00:00:00+00:00,0.10000000000000001,0.0041666666666667317,0.99689542488043092,False
2020-06-09 01:00:00+00:00,0.10000000000000001,0.0083333333333333991,1.0069306929704918,False
2020-06-09 02:00:00+00:00,0,0.0083333333333333991,0.99999999988917054,False
2020-06-09 03:00:00+00:00,0,0.0083333333333333991,0.99999999988917054,False
2020-06-09 04:00:00+00:00,0,0.0083333333333333991,0.99999999988917054,False
2020-06-09 05:00:00+00:00,0,0.0083333333333333991,0.99999999988917054,False
2020-06-09 06:00:00+00:00,0,0.0083333333333333991,0.99999999988917054,False
2020-06-09 07:00:00+00:00,0,0.0083333333333333991,0.99999999988917054,False
2020-06-09 08:00:00+00:00,0,0.0083333333333333991,0.99999999988917054,False
2020-06-09 09:00:00+00:00,0,0.0083333333333333991,0.99999999988917054,False
2020-06-09 10:00:00+00:00,0,0.0083333333333333991,0.99999999988917054,False
2020-06-09 11:00:00+00:00,0,0.0083333333333333991,0.99999999988917054,False
2020-06-09 12:00:00+00:00,0,0.0083333333333333991,0.99999999988917054,False
2020-06-09 13:00:00+00:00,0,0.0083333333333333991,0.99999999988917054,False
2020-06-09 14:00:00+00:00,0,0.0083333333333333991,0.99999999988917054,False
2020-06-09 15:00:00+00:00,0,0.0083333333333333991,0.99999999988917054,False
2020-06-09 16:00:00+00:00,0,0.0083333333333333991,0.99999999988917054,False
2020-06-09 17:00:00+00:00,0,0.0083333333333333991,0.99999999988917054,False
2020-06-09 18:00:00+00:00,0,0.0083333333333333991,0.99999999988917054,False
2020-06-09 19:00:00+00:00,0,0.0083333333333333991,0.99999999988917054,False
2020-06-09 20:00:00+00:00,0.10000000000000001,0.012500000000000067,0.92828431459265415,False
2020-06-09 21:00:00+00:00,0,0.012500000000000067,1.0000000206480248,False
2020-06-09 22:00:00+00:00,0,0.012500000000000067,1.0000000206480248,False
2020-06-09 23:00:00+00:00,0,0.012500000000000067,1.0000000206480248,False
2020-06-10 00:00:00+00:00,0,0.0083333333333333991,0.99999999988917054,False
2020-06-10 01:00:00+00:00,0,0.0041666666666667317,0.99999999865558953,False
2020-06-10 02:00:00+00:00,0,0.0041666666666667317,0.99999999865558953,False
2020-06-10 03:00:00+00:00,0,0.0041666666666667317,0.99999999865558953,False
2020-06-10 04:00:00+00:00,0,0.0041666666666667317,0.99999999865558953,False
2020-06-10 05:00:00+00:00,0,0.0041666666666667317,0.99999999865558953,False
2020-06-10 06:00:00+00:00,0,0.0041666666666667317,0.99999999865558953,False
2020-06-10 07:00:00+00:00,0,0.0041666666666667317,0.99999999865558953,False
2020-06-10 08:00:00+00:00,0,0.0041666666666667317,0.99999999865558953,False
2020-06-10 09:00:00+00:00,0,0.0041666666666667317,0.99999999865558953,False
2020-06-10 10:00:00+00:00,0,0.0041666666666667317,0.99999999865558953,False
2020-06-10 11:00:00+00:00,0,0.0041666666666667317,0.99999999865558953,False
2020-06-10 12:00:00+00:00,0,0.0041666666666667317,0.99999999865558953,False
2020-06-10 13:00:00+00:00,0,0.0041666666666667317,0.99999999865558953,False
2020-06-10 14:00:00+00:00,0,0.0041666666666667317,0.99999999865558953,False
2020-06-10 15:00:00+00:00,0,0.0041666666666667317,0.99999999865558953,False
2020-06-10 16:00:00+00:00,0,0.0041666666666667317,0.99999999865558953,False
2020-06-10 17:00:00+00:00,0,0.0041666666666667317,0.99999999865558953,False
2020-06-10 18:00:00+00:00,0,0.0041666666666667317,0.99999999865558953,False
2020-06-10 19:00:00+00:00,0,0.0041666666666667317,0.99999999865558953,False
2020-06-10 20:00:00+00:00,0,0,1,False
2020-06-10 21:00:00+00:00,0,0,1,False
2020-06-10 22:00:00+00:00,0,0,1,False
2020-06-10 23:00:00+00:00,0,0,1,False
2020-06-11 00:00:00+00:00,0,0,1,False
2020-06-11 01:00:00+00:00,0,0,1,False
2020-06-11 02:00:00+00:00,0,0,1,False
2020-06-11 03:00:00+00:00,0,0,1,False
2020-06-11 04:00:00+00:00,0,0,1,False
2020-06-11 05:00:00+00:00,0,0,1,False
2020-06-11 06:00:00+00:00,0,0,1,False
2020-06-11 07:00:00+00:00,0,0,1,False
2020-06-11 08:00:00+00:00,0,0,1,False
2020-06-11 09:00:00+00:00,0,0,1,False
2020-06-11 10:00:00+00:00,0,0,1,False
2020-06-11 11:00:00+00:00,0,0,1,False
2020-06-11 12:00:00+00:00,0,0,1,False
2020-06-11 13:00:00+00:00,0,0,1,False
2020-06-11 14:00:00+00:00,0,0,1,False
2020-06-11 15:00:00+00:00,0,0,1,False
2020-06-11 16:00:00+00:00,0,0,1,False
2020-06-11 17:00:00+00:00,0,0,1,False
2020-06-11 18:00:00+00:00,0,0,1,False
2020-06-11 19:00:00+00:00,0,0,1,False
2020-06-11 20:00:00+00:00,0,0,1,False
2020-06-11 21:00:00+00:00,0,0,1,False
2020-06-11 22:00:00+00:00,0,0,1,False
2020-06-11 23:00:00+00:00,0,0,1,False
2020-06-12 00:00:00+00:00,0,0,1,False
2020-06-12 01:00:00+00:00,0,0,1,False
2020-06-12 02:00:00+00:00,0,0,1,False
2020-06-12 03:00:00+00:00,0,0,1,False
2020-06-12 04:00:00+00:00,0,0,1,False
2020-06-12 05:00:00+00:00,0,0,1,False
2020-06-12 06:00:00+00:00,0,0,1,False
2020-06-12 07:00:00+00:00,0,0,1,False
2020-06-12 08:00:00+00:00,0,0,1,False
2020-06-12 09:00:00+00:00,0,0,1,False
2020-06-12 10:00:00+00:00,0,0,1,False
2020-06-12 11:00:00+00:00,0,0,1,False
2020-06-12 12:00:00+00:00,0,0,1,False
2020-06-12 13:00:00+00:00,0,0,1,False
2020-06-12 14:00:00+00:00,0,0,1,False
2020-06-12 15:00:00+00:00,0,0,1,False
2020-06-12 16:00:00+00:00,0,0,1,False
2020-06-12 17:00:00+00:00,0,0,1,False
2020-06-12 18:00:00+00:00,0,0,1,False
2020-06-12 19:00:00+00:00,0,0,1,False
2020-06-12 20:00:00+00:00,0,0,1,False
2020-06-12 21:00:00+00:00,0,0,1,False
2020-06-12 22:00:00+00:00,0,0,1,False
2020-06-12 23:00:00+00:00,0,0,1,False
2020-06-13 00:00:00+00:00,0,0,1,False
2020-06-13 01:00:00+00:00,0,0,1,False
2020-06-13 02:00:00+00:00,0,0,1,False
2020-06-13 03:00:00+00:00,0,0,1,False
2020-06-13 04:00:00+00:00,0,0,1,False
2020-06-13 05:00:00+00:00,0,0,1,False
2020-06-13 06:00:00+00:00,0,0,1,False
2020-06-13 07:00:00+00:00,0,0,1,False
2020-06-13 08:00:00+00:00,0,0,1,False
2020-06-13 09:00:00+00:00,0,0,1,False
2020-06-13 10:00:00+00:00,0,0,1,False
2020-06-13 11:00:00+00:00,0,0,1,False
2020-06-13 12:00:00+00:00,0,0,1,False
2020-06-13 13:00:00+00:00,0,0,1,False
2020-06-13 14:00:00+00:00,0,0,1,False
2020-06-13 15:00:00+00:00,0,0,1,False
2020-06-13 16:00:00+00:00,0,0,1,False
2020-06-13 17:00:00+00:00,0,0,1,False
2020-06-13 18:00:00+00:00,0,0,1,False
2020-06-13 19:00:00+00:00,0,0,1,False
2020-06-13 20:00:00+00:00,0,0,1,False
2020-06-13 21:00:00+00:00,0,0,1,False
2020-06-13 22:00:00+00:00,0,0,1,False
2020-06-13 23:00:00+00:00,0,0,1,False
2020-06-14 00:00:00+00:00,0,0,1,False
2020-06-14 01:00:00+00:00,0,0,1,False
2020-06-14 02:00:00+00:00,0,0,1,False
2020-06-14 03:00:00+00:00,0,0,1,False
2020-06-14 04:00:00+00:00,0,0,1,False
2020-06-14 05:00:00+00:00,0,0,1,False
2020-06-14 06:00:00+00:00,0,0,1,False
2020-06-14 07:00:00+00:00,0,0,1,False
2020-06-14 08:00:00+00:00,0,0,1,False
2020-06-14 09:00:00+00:00,0,0,1,False
2020-06-14 10:00:00+00:00,0,0,1,False
2020-06-14 11:00:00+00:00,0,0,1,False
2020-06-14 12:00:00+00:00,0,0,1,False
2020-06-14 13:00:00+00:00,0,0,1,False
2020-06-14 14:00:00+00:00,0,0,1,False
2020-06-14 15:00:00+00:00,0,0,1,False
2020-06-14 16:00:00+00:00,0,0,1,False
2020-06-14 17:00:00+00:00,0,0,1,False
2020-06-14 18:00:00+00:00,0,0,1,False
2020-06-14 19:00:00+00:00,0,0,1,False
2020-06-14 20:00:00+00:00,0,0,1,False
2020-06-14 21:00:00+00:00,0,0,1,False
2020-06-14 22:00:00+00:00,0,0,1,False
2020-06-14 23:00:00+00:00,0,0,1,False
2020-06-15 00:00:00+00:00,0,0,1,False
2020-06-15 01:00:00+00:00,0,0,1,False
2020-06-15 02:00:00+00:00,0,0,1,False
2020-06-15 03:00:00+00:00,0,0,1,False
2020-06-15 04:00:00+00:00,0,0,1,False
2020-06-15 05:00:00+00:00,0,0,1,False
2020-06-15 06:00:00+00:00,0,0,1,False
2020-06-15 07:00:00+00:00,0,0,1,False
2020-06-15 08:00:00+00:00,0,0,1,False
2020-06-15 09:00:00+00:00,0,0,1,False
2020-06-15 10:00:00+00:00,0,0,1,False
2020-06-15 11:00:00+00:00,0,0,1,False
2020-06-15 12:00:00+00:00,0,0,1,False
2020-06-15 13:00:00+00:00,0,0,1,False
2020-06-15 14:00:00+00:00,0,0,1,False
2020-06-15 15:00:00+00:00,0,0,1,False
2020-06-15 16:00:00+00:00,0,0,1,False
2020-06-15 17:00:00+00:00,0,0,1,False
2020-06-15 18:00:00+00:00,0,0,1,False
2020-06-15 19:00:00+00:00,0,0,1,False
2020-06-15 20:00:00+00:00,0,0,1,False
2020-06-15 21:00:00+00:00,0,0,1,False
2020-06-15 22:00:00+00:00,0,0,1,False
2020-06-15 23:00:00+00:00,0.29999999999999999,0.012500000000000065,1.2186512098074691,False
2020-06-16 00:00:00+00:00,0.10000000000000001,0.016666666666666732,1.053106192215491,False
2020-06-16 01:00:00+00:00,0,0.016666666666666732,1.0000000240259166,False
2020-06-16 02:00:00+00:00,0,0.016666666666666732,1.0000000240259166,False
2020-06-16 03:00:00+00:00,0,0.016666666666666732,1.0000000240259166,False
2020-06-16 04:00:00+00:00,0,0.016666666666666732,1.0000000240259166,False
2020-06-16 05:00:00+00:00,0,0.016666666666666732,1.0000000240259166,False
2020-06-16 06:00:00+00:00,0,0.016666666666666732,1.0000000240259166,False
2020-06-16 07:00:00+00:00,0,0.016666666666666732,1.0000000240259166,False
2020-06-16 08:00:00+00:00,0,0.016666666666666732,1.0000000240259166,False
2020-06-16 09:00:00+00:00,0,0.016666666666666732,1.0000000240259166,False
2020-06-16 10:00:00+00:00,0,0.016666666666666732,1.0000000240259166,False
2020-06-16 11:00:00+00:00,0,0.016666666666666732,1.0000000240259166,False
2020-06-16 12:00:00+00:00,0,0.016666666666666732,1.0000000240259166,False
2020-06-16 13:00:00+00:00,0.20000000000000001,0.025000000000000064,0.9955977365782428,False
2020-06-16 14:00:00+00:00,0,0.025000000000000064,0.99999999999999967,False
2020-06-16 15:00:00+00:00,0.10000000000000001,0.02916666666666673,1.0000000000000002,False
2020-06-16 16:00:00+00:00,0.29999999999999999,0.041666666666666734,1.0438740930146715,False
2020-06-16 17:00:00+00:00,0.29999999999999999,0.054166666666666731,1.0041125446193939,False
2020-06-16 18:00:00+00:00,0.20000000000000001,0.062500000000000069,1.0051394563649292,False
2020-06-16 19:00:00+00:00,0.29999999999999999,0.075000000000000067,0.97231608313405327,False
2020-06-16 20:00:00+00:00,0.40000000000000002,0.09166666666666673,0.98683919713994528,False
2020-06-16 21:00:00+00:00,0.29999999999999999,0.10416666666666674,1.0006573052262113,False
2020-06-16 22:00:00+00:00,0.10000000000000001,0.10833333333333339,1.0712092514371545,False
2020-06-16 23:00:00+00:00,0.20000000000000001,0.10416666666666674,1,False
2020-06-17 00:00:00+00:00,0.20000000000000001,0.10833333333333341,1.0000000000000002,False
2020-06-17 01:00:00+00:00,0,0.10833333333333341,1.0000000000000004,False
2020-06-17 02:00:00+00:00,0,0.10833333333333341,1.0000000000000004,False
2020-06-17 03:00:00+00:00,0.10000000000000001,0.11250000000000006,1.1207974328417196,False
2020-06-17 04:00:00+00:00,0,0.11250000000000006,0.99999999999999956,False
2020-06-17 05:00:00+00:00,0.10000000000000001,0.11666666666666674,1.0279661438016419,False
2020-06-17 06:00:00+00:00,0,0.11666666666666674,1.0000000000000004,False
2020-06-17 07:00:00+00:00,0.20000000000000001,0.12500000000000008,0.9900301284229549,False
2020-06-17 08:00:00+00:00,0.29999999999999999,0.13750000000000007,0.9869166246986959,False
2020-06-17 09:00:00+00:00,0.20000000000000001,0.1458333333333334,0.99707508218751784,False
2020-06-17 10:00:00+00:00,0,0.1458333333333334,1.0000000000000011,False
2020-06-17 11:00:00+00:00,0,0.1458333333333334,1.0000000000000011,False
2020-06-17 12:00:00+00:00,0.20000000000000001,0.15416666666666676,1.0076396779075167,False
2020-06-17 13:00:00+00:00,0.40000000000000002,0.16250000000000006,1.0014256905499495,False
2020-06-17 14:00:00+00:00,0.29999999999999999,0.17500000000000007,1.0798660746637654,False
2020-06-17 15:00:00+00:00,0,0.17083333333333342,0.97690445372479806,False
2020-06-17 16:00:00+00:00,0.10000000000000001,0.16250000000000006,0.99632234595846192,False
2020-06-17 17:00:00+00:00,0.59999999999999998,0.17500000000000007,1.0211171704104136,False
2020-06-17 18:00:00+00:00,0.10000000000000001,0.17083333333333339,1.0540190150070017,False
2020-06-17 19:00:00+00:00,0,0.15833333333333341,1.1326344310224232,False
2020-06-17 20:00:00+00:00,0,0.14166666666666675,1.0000000000000002,False
2020-06-17 21:00:00+00:00,0,0.12916666666666674,0.999999999999999,False
2020-06-17 22:00:00+00:00,0,0.12500000000000008,1.0000000000000011,False
2020-06-17 23:00:00+00:00,0,0.11666666666666675,1.0000000000000004,False
2020-06-18 00:00:00+00:00,0,0.10833333333333341,1.0000000000000004,False
2020-06-18 01:00:00+00:00,0,0.10833333333333341,1.0000000000000004,False
2020-06-18 02:00:00+00:00,0,0.10833333333333341,1.0000000000000004,False
2020-06-18 03:00:00+00:00,0,0.10416666666666674,1.0000000000000013,False
2020-06-18 04:00:00+00:00,0,0.10416666666666674,1.0000000000000013,False
2020-06-18 05:00:00+00:00,0,0.10000000000000007,1.0000000000000002,False
2020-06-18 06:00:00+00:00,0,0.10000000000000007,1.0000000000000002,False
2020-06-18 07:00:00+00:00,0,0.091666666666666743,0.99999999999999933,False
2020-06-18 08:00:00+00:00,0,0.079166666666666732,1.0000000000000013,False
2020-06-18 09:00:00+00:00,0,0.070833333333333401,0.99999999999999944,False
2020-06-18 10:00:00+00:00,0,0.070833333333333401,0.99999999999999944,False
2020-06-18 11:00:00+00:00,0,0.070833333333333401,0.99999999999999944,False
2020-06-18 12:00:00+00:00,0,0.062500000000000069,0.99999999999999978,False
2020-06-18 13:00:00+00:00,0,0.045833333333333393,1.0000000232067416,False
2020-06-18 14:00:00+00:00,0,0.033333333333333402,0.99999999651127969,False
2020-06-18 15:00:00+00:00,0.90000000000000002,0.070833333333333401,1.0742327819873931,False
2020-06-18 16:00:00+00:00,0.29999999999999999,0.079166666666666732,0.98757718728202837,False
2020-06-18 17:00:00+00:00,0.10000000000000001,0.058333333333333404,1.0000000000000009,False
2020-06-18 18:00:00+00:00,0.29999999999999999,0.066666666666666721,0.97202892125444218,False
2020-06-18 19:00:00+00:00,0,0.066666666666666721,1.0000000000000016,False
2020-06-18 20:00:00+00:00,0,0.066666666666666721,1.0000000000000016,False
2020-06-18 21:00:00+00:00,0,0.066666666666666721,1.0000000000000016,False
2020-06-18 22:00:00+00:00,0,0.066666666666666721,1.0000000000000016,False
2020-06-18 23:00:00+00:00,0,0.066666666666666721,1.0000000000000016,False
2020-06-19 00:00:00+00:00,0,0.066666666666666721,1.0000000000000016,False
2020-06-19 01:00:00+00:00,0,0.066666666666666721,1.0000000000000016,False
2020-06-19 02:00:00+00:00,0,0.066666666666666721,1.0000000000000016,False
2020-06-19 03:00:00+00:00,0,0.066666666666666721,1.0000000000000016,False
2020-06-19 04:00:00+00:00,0,0.066666666666666721,1.0000000000000016,False
2020-06-19 05:00:00+00:00,0,0.066666666666666721,1.0000000000000016,False
2020-06-19 06:00:00+00:00,0,0.066666666666666721,1.0000000000000016,False
2020-06-19 07:00:00+00:00,0,0.066666666666666721,1.0000000000000016,False
2020-06-19 08:00:00+00:00,0,0.066666666666666721,1.0000000000000016,False
2020-06-19 09:00:00+00:00,0,0.066666666666666721,1.0000000000000016,False
2020-06-19 10:00:00+00:00,0,0.066666666666666721,1.0000000000000016,False
2020-06-19 11:00:00+00:00,0,0.066666666666666721,1.0000000000000016,False
2020-06-19 12:00:00+00:00,0.20000000000000001,0.075000000000000067,1.0319936097281748,False
2020-06-19 13:00:00+00:00,0,0.075000000000000067,0.99999999999999956,False
2020-06-19 14:00:00+00:00,0,0.075000000000000067,0.99999999999999956,False
2020-06-19 15:00:00+00:00,0,0.037500000000000061,1,False
2020-06-19 16:00:00+00:00,0,0.02500000000000006,0.99999999999999967,False
2020-06-19 17:00:00+00:00,0,0.020833333333333398,1.0000000007709879,False
2020-06-19 18:00:00+00:00,0,0.0083333333333333991,0.99999999988917054,False
2020-06-19 19:00:00+00:00,0,0.0083333333333333991,0.99999999988917054,False
2020-06-19 20:00:00+00:00,0,0.0083333333333333991,0.99999999988917054,False
2020-06-19 21:00:00+00:00,0,0.0083333333333333991,0.99999999988917054,False
2020-06-19 22:00:00+00:00,0,0.0083333333333333991,0.99999999988917054,False
2020-06-19 23:00:00+00:00,0,0.0083333333333333991,0.99999999988917054,False
2020-06-20 00:00:00+00:00,0,0.0083333333333333991,0.99999999988917054,False
2020-06-20 01:00:00+00:00,0,0.0083333333333333991,0.99999999988917054,False
2020-06-20 02:00:00+00:00,0,0.0083333333333333991,0.99999999988917054,False
2020-06-20 03:00:00+00:00,0,0.0083333333333333991,0.99999999988917054,False
2020-06-20 04:00:00+00:00,0,0.0083333333333333991,0.99999999988917054,False
2020-06-20 05:00:00+00:00,0,0.0083333333333333991,0.99999999988917054,False
2020-06-20 06:00:00+00:00,0,0.0083333333333333991,0.99999999988917054,False
2020-06-20 07:00:00+00:00,0,0.0083333333333333991,0.99999999988917054,False
2020-06-20 08:00:00+00:00,0,0.0083333333333333991,0.99999999988917054,False
2020-06-20 09:00:00+00:00,0,0.0083333333333333991,0.99999999988917054,False
2020-06-20 10:00:00+00:00,0,0.0083333333333333991,0.99999999988917054,False
2020-06-20 11:00:00+00:00,0,0.0083333333333333991,0.99999999988917054,False
2020-06-20 12:00:00+00:00,0,0,1,False
2020-06-20 13:00:00+00:00,0.59999999999999998,0.025000000000000064,1.0555863524905857,False
2020-06-20 14:00:00+00:00,0,0.025000000000000064,0.99999999999999967,False
2020-06-20 15:00:00+00:00,0,0.025000000000000064,0.99999999999999967,False
2020-06-20 16:00:00+00:00,0,0.025000000000000064,0.99999999999999967,False
2020-06-20 17:00:00+00:00,0.20000000000000001,0.033333333333333402,0.9239191293079686,False
2020-06-20 18:00:00+00:00,0.80000000000000004,0.066666666666666735,1.0471920678793341,False
2020-06-20 19:00:00+00:00,0.20000000000000001,0.075000000000000067,1.0319936097281748,False
2020-06-20 20:00:00+00:00,0,0.075000000000000067,0.99999999999999956,False
2020-06-20 21:00:00+00:00,0,0.075000000000000067,0.99999999999999956,False
2020-06-20 22:00:00+00:00,0.20000000000000001,0.083333333333333412,1.012930597705934,False
2020-06-20 23:00:00+00:00,0.20000000000000001,0.09166666666666673,1.0017006802637793,False
2020-06-21 00:00:00+00:00,0.10000000000000001,0.095833333333333395,0.99756890709667922,False
2020-06-21 01:00:00+00:00,0,0.095833333333333395,0.99999999999999944,False
2020-06-21 02:00:00+00:00,0,0.095833333333333395,0.99999999999999944,False
2020-06-21 03:00:00+00:00,0.10000000000000001,0.10000000000000007,1.031123645787609,False
2020-06-21 04:00:00+00:00,0.20000000000000001,0.10833333333333341,1.0000000000000002,False
2020-06-21 05:00:00+00:00,1.1000000000000001,0.15416666666666676,1.0787992422165442,False
2020-06-21 06:00:00+00:00,1.1000000000000001,0.20000000000000007,1.0369675860608687,False
2020-06-21 07:00:00+00:00,1.3,0.25416666666666671,1.0447309519258434,False
2020-06-21 08:00:00+00:00,1.2,0.30416666666666675,1.0040999689885282,False
2020-06-21 09:00:00+00:00,0.20000000000000001,0.31250000000000006,1.0516013870842047,False
2020-06-21 10:00:00+00:00,0.40000000000000002,0.32916666666666677,1.0252465098737664,False
2020-06-21 11:00:00+00:00,1.5,0.39166666666666677,1.020628577516864,False
2020-06-21 12:00:00+00:00,0.20000000000000001,0.40000000000000008,1.0092511477251609,False
2020-06-21 13:00:00+00:00,0.20000000000000001,0.38333333333333347,1.0155873519226353,False
2020-06-21 14:00:00+00:00,1.3,0.43750000000000006,1.0327902391339221,False
2020-06-21 15:00:00+00:00,1.3,0.49166666666666675,1.039122840932285,False
2020-06-21 16:00:00+00:00,1,0.53333333333333344,1.0307146498461737,False
2020-06-21 17:00:00+00:00,0.90000000000000002,0.56250000000000011,1.0196349312664199,False
2020-06-21 18:00:00+00:00,0.90000000000000002,0.56666666666666676,1.0229293265582389,False
2020-06-21 19:00:00+00:00,1.8,0.63333333333333341,1.0212627223166868,False
2020-06-21 20:00:00+00:00,0.59999999999999998,0.65833333333333333,1.0058939497503805,False
2020-06-21 21:00:00+00:00,0,0.65833333333333333,1.0773563092563991,False
2020-06-21 22:00:00+00:00,0,0.65000000000000002,1.0171500991345934,False
2020-06-21 23:00:00+00:00,0,0.64166666666666672,1.0044904000362933,False
2020-06-22 00:00:00+00:00,0,0.63750000000000007,0.99874621582457157,False
2020-06-22 01:00:00+00:00,0,0.63750000000000007,0.99874621582457157,False
2020-06-22 02:00:00+00:00,0,0.63750000000000007,0.99874621582457157,False
2020-06-22 03:00:00+00:00,0,0.63333333333333341,0.99286732188127691,False
2020-06-22 04:00:00+00:00,0,0.62500000000000011,0.95639650166619039,False
2020-06-22 05:00:00+00:00,0.10000000000000001,0.58333333333333348,1.0204600456237956,False
2020-06-22 06:00:00+00:00,0.10000000000000001,0.54166666666666674,1.1310495435138879,False
2020-06-22 07:00:00+00:00,0,0.4875000000000001,0.99133916376204556,False
2020-06-22 08:00:00+00:00,0,0.43750000000000006,1.0280196875788188,False
2020-06-22 09:00:00+00:00,0,0.42916666666666675,1.0148250272692656,False
2020-06-22 10:00:00+00:00,0,0.41250000000000009,0.95972842509295975,False
2020-06-22 11:00:00+00:00,0,0.35000000000000009,0.97745686742743865,False
2020-06-22 12:00:00+00:00,0,0.34166666666666679,0.97681338560276454,False
2020-06-22 13:00:00+00:00,0,0.33333333333333343,0.97906844074491162,False
2020-06-22 14:00:00+00:00,0,0.27916666666666673,0.98657626641912011,False
2020-06-22 15:00:00+00:00,0,0.22500000000000006,0.99756460399508906,False
2020-06-22 16:00:00+00:00,0,0.18333333333333338,1.0183690070162164,False
2020-06-22 17:00:00+00:00,0,0.1458333333333334,1.0000000000000011,False
2020-06-22 18:00:00+00:00,0,0.10833333333333339,1.0000000000000004,False
2020-06-22 19:00:00+00:00,0,0.033333333333333388,0.99999999651127935,False
2020-06-22 20:00:00+00:00,0,0.0083333333333333887,1.0000000219731631,False
2020-06-22 21:00:00+00:00,0,0.0083333333333333887,1.0000000219731631,False
2020-06-22 22:00:00+00:00,0,0.0083333333333333887,1.0000000219731631,False
2020-06-22 23:00:00+00:00,0,0.0083333333333333887,1.0000000219731631,False
2020-06-23 00:00:00+00:00,0,0.0083333333333333887,1.0000000219731631,False
2020-06-23 01:00:00+00:00,0,0.0083333333333333887,1.0000000219731631,False
2020-06-23 02:00:00+00:00,0,0.0083333333333333887,1.0000000219731631,False
2020-06-23 03:00:00+00:00,0,0.0083333333333333887,1.0000000219731631,False
2020-06-23 04:00:00+00:00,0,0.0083333333333333887,1.0000000219731631,False
2020-06-23 05:00:00+00:00,0,0.0041666666666667221,0.99999998810510082,False
2020-06-23 06:00:00+00:00,0,0,1,False
2020-06-23 07:00:00+00:00,0,0,1,False
2020-06-23 08:00:00+00:00,0,0,1,False
2020-06-23 09:00:00+00:00,0,0,1,False
2020-06-23 10:00:00+00:00,0,0,1,False
2020-06-23 11:00:00+00:00,0,0,1,False
2020-06-23 12:00:00+00:00,0,0,1,False
2020-06-23 13:00:00+00:00,0,0,1,False
2020-06-23 14:00:00+00:00,0,0,1,False
2020-06-23 15:00:00+00:00,0,0,1,False
2020-06-23 16:00:00+00:00,0,0,1,False
2020-06-23 17:00:00+00:00,0,0,1,False
2020-06-23 18:00:00+00:00,0,0,1,False
2020-06-23 19:00:00+00:00,0,0,1,False
2020-06-23 20:00:00+00:00,0,0,1,False
2020-06-23 21:00:00+00:00,0,0,1,False
2020-06-23 22:00:00+00:00,0,0,1,False
2020-06-23 23:00:00+00:00,0,0,1,False
2020-06-24 00:00:00+00:00,0,0,1,False
2020-06-24 01:00:00+00:00,0,0,1,False
2020-06-24 02:00:00+00:00,0,0,1,False
2020-06-24 03:00:00+00:00,0,0,1,False
2020-06-24 04:00:00+00:00,0,0,1,False
2020-06-24 05:00:00+00:00,0,0,1,False
2020-06-24 06:00:00+00:00,0,0,1,False
2020-06-24 07:00:00+00:00,0,0,1,False
2020-06-24 08:00:00+00:00,0,0,1,False
2020-06-24 09:00:00+00:00,0,0,1,False
2020-06-24 10:00:00+00:00,0,0,1,False
2020-06-24 11:00:00+00:00,0,0,1,False
2020-06-24 12:00:00+00:00,0,0,1,False
2020-06-24 13:00:00+00:00,0,0,1,False
2020-06-24 14:00:00+00:00,0,0,1,False
2020-06-24 15:00:00+00:00,0,0,1,False
2020-06-24 16:00:00+00:00,0,0,1,False
2020-06-24 17:00:00+00:00,0,0,1,False
2020-06-24 18:00:00+00:00,0,0,1,False
2020-06-24 19:00:00+00:00,0,0,1,False
2020-06-24 20:00:00+00:00,0,0,1,False
2020-06-24 21:00:00+00:00,0,0,1,False
2020-06-24 22:00:00+00:00,0,0,1,False
2020-06-24 23:00:00+00:00,0,0,1,False
2020-06-25 00:00:00+00:00,0,0,1,False
2020-06-25 01:00:00+00:00,0,0,1,False
2020-06-25 02:00:00+00:00,0,0,1,False
2020-06-25 03:00:00+00:00,0,0,1,False
2020-06-25 04:00:00+00:00,0,0,1,False
2020-06-25 05:00:00+00:00,0,0,1,False
2020-06-25 06:00:00+00:00,0,0,1,False
2020-06-25 07:00:00+00:00,0,0,1,False
2020-06-25 08:00:00+00:00,0,0,1,False
2020-06-25 09:00:00+00:00,0,0,1,False
2020-06-25 10:00:00+00:00,0,0,1,False
2020-06-25 11:00:00+00:00,0,0,1,False
2020-06-25 12:00:00+00:00,0,0,1,False
2020-06-25 13:00:00+00:00,0,0,1,False
2020-06-25 14:00:00+00:00,0,0,1,False
2020-06-25 15:00:00+00:00,0,0,1,False
2020-06-25 16:00:00+00:00,0,0,1,False
2020-06-25 17:00:00+00:00,0,0,1,False
2020-06-25 18:00:00+00:00,0,0,1,False
2020-06-25 19:00:00+00:00,0,0,1,False
2020-06-25 20:00:00+00:00,0,0,1,False
2020-06-25 21:00:00+00:00,0,0,1,False
2020-06-25 22:00:00+00:00,0,0,1,False
2020-06-25 23:00:00+00:00,0,0,1,False
2020-06-26 00:00:00+00:00,0,0,1,False
2020-06-26 01:00:00+00:00,0,0,1,False
2020-06-26 02:00:00+00:00,0,0,1,False
2020-06-26 03:00:00+00:00,0,0,1,False
2020-06-26 04:00:00+00:00,0,0,1,False
2020-06-26 05:00:00+00:00,0,0,1,False
2020-06-26 06:00:00+00:00,0,0,1,False
2020-06-26 07:00:00+00:00,0,0,1,False
2020-06-26 08:00:00+00:00,0,0,1,False
2020-06-26 09:00:00+00:00,0,0,1,False
2020-06-26 10:00:00+00:00,0,0,1,False
2020-06-26 11:00:00+00:00,0,0,1,False
2020-06-26 12:00:00+00:00,0,0,1,False
2020-06-26 13:00:00+00:00,0,0,1,False
2020-06-26 14:00:00+00:00,0,0,1,False
2020-06-26 15:00:00+00:00,0,0,1,False
2020-06-26 16:00:00+00:00,0,0,1,False
2020-06-26 17:00:00+00:00,0,0,1,False
2020-06-26 18:00:00+00:00,0,0,1,False
2020-06-26 19:00:00+00:00,0,0,1,False
2020-06-26 20:00:00+00:00,0,0,1,False
2020-06-26 21:00:00+00:00,0,0,1,False
2020-06-26 22:00:00+00:00,0,0,1,False
2020-06-26 23:00:00+00:00,0,0,1,False
2020-06-27 00:00:00+00:00,0,0,1,False
2020-06-27 01:00:00+00:00,0,0,1,False
2020-06-27 02:00:00+00:00,0,0,1,False
2020-06-27 03:00:00+00:00,0,0,1,False
2020-06-27 04:00:00+00:00,0,0,1,False
2020-06-27 05:00:00+00:00,0,0,1,False
2020-06-27 06:00:00+00:00,0,0,1,False
2020-06-27 07:00:00+00:00,0,0,1,False
2020-06-27 08:00:00+00:00,0,0,1,False
2020-06-27 09:00:00+00:00,0,0,1,False
2020-06-27 10:00:00+00:00,0,0,1,False
2020-06-27 11:00:00+00:00,0,0,1,False
2020-06-27 12:00:00+00:00,0.10000000000000001,0.0041666666666667221,0.99689542488043092,False
2020-06-27 13:00:00+00:00,0,0.0041666666666667221,0.99999998810510082,False
2020-06-27 14:00:00+00:00,0.80000000000000004,0.037500000000000054,1.0802076886731675,False
2020-06-27 15:00:00+00:00,1,0.079166666666666718,1.1619992795648457,False
2020-06-27 16:00:00+00:00,0.5,0.10000000000000005,0.99384573839833168,False
2020-06-27 17:00:00+00:00,0.80000000000000004,0.13333333333333339,0.98148015022520729,False
2020-06-27 18:00:00+00:00,0.10000000000000001,0.13750000000000007,1.0394446772920116,False
2020-06-27 19:00:00+00:00,0.40000000000000002,0.15416666666666673,0.98065489881567391,False
2020-06-27 20:00:00+00:00,0.5,0.17500000000000004,0.97142882953417609,False
2020-06-27 21:00:00+00:00,0.80000000000000004,0.2083333333333334,1.0015299370015756,False
2020-06-27 22:00:00+00:00,1,0.25000000000000006,0.97643995641830961,False
2020-06-27 23:00:00+00:00,0,0.25000000000000006,0.9747130642504378,False
2020-06-28 00:00:00+00:00,0,0.25000000000000006,0.9747130642504378,False
2020-06-28 01:00:00+00:00,0.20000000000000001,0.25833333333333336,0.99637791603767878,False
2020-06-28 02:00:00+00:00,0.10000000000000001,0.26250000000000007,0.98421320201277984,False
2020-06-28 03:00:00+00:00,0,0.26250000000000007,1.094037448928872,False
2020-06-28 04:00:00+00:00,0,0.26250000000000007,1.094037448928872,False
2020-06-28 05:00:00+00:00,0,0.26250000000000007,1.094037448928872,False
2020-06-28 06:00:00+00:00,0,0.26250000000000007,1.094037448928872,False
2020-06-28 07:00:00+00:00,1.3,0.31666666666666671,1.0140186730945566,False
2020-06-28 08:00:00+00:00,1,0.35833333333333339,0.99964534465977029,False
2020-06-28 09:00:00+00:00,1.6000000000000001,0.42500000000000004,1.0016478658471575,False
2020-06-28 10:00:00+00:00,3,0.55000000000000004,1.1121426790322142,False
2020-06-28 11:00:00+00:00,3.5,0.69583333333333341,1.1705579763230707,False
2020-06-28 12:00:00+00:00,2,0.77500000000000002,1.0816791704931381,False
2020-06-28 13:00:00+00:00,1.5,0.83750000000000002,1.0445662287773121,False
2020-06-28 14:00:00+00:00,0.10000000000000001,0.80833333333333346,1.0293596025227369,False
2020-06-28 15:00:00+00:00,0.20000000000000001,0.77500000000000002,0.99128078517553131,False
2020-06-28 16:00:00+00:00,0.20000000000000001,0.76250000000000018,0.99684477877200073,False
2020-06-28 17:00:00+00:00,0.20000000000000001,0.73750000000000016,0.99776795321831324,False
2020-06-28 18:00:00+00:00,0.10000000000000001,0.73749999999999993,1.0045300359657039,False
2020-06-28 19:00:00+00:00,0,0.72083333333333333,1.3944487173455753,False
2020-06-28 20:00:00+00:00,0,0.70000000000000007,1.3524694740307561,False
2020-06-28 21:00:00+00:00,0,0.66666666666666663,1.1454271117702777,False
2020-06-28 22:00:00+00:00,0,0.62500000000000011,0.95639650166619039,False
2020-06-28 23:00:00+00:00,0,0.62500000000000011,0.95639650166619039,False
2020-06-29 00:00:00+00:00,0,0.62500000000000011,0.95639650166619039,False
2020-06-29 01:00:00+00:00,0,0.61666666666666681,0.95615017303186212,False
2020-06-29 02:00:00+00:00,0,0.61250000000000004,0.96665619422711713,False
2020-06-29 03:00:00+00:00,0,0.61250000000000004,0.96665619422711713,False
2020-06-29 04:00:00+00:00,0,0.61250000000000004,0.96665619422711713,False
2020-06-29 05:00:00+00:00,0,0.61250000000000004,0.96665619422711713,False
2020-06-29 06:00:00+00:00,0,0.61250000000000004,0.96665619422711713,False
2020-06-29 07:00:00+00:00,0,0.55833333333333346,1.076229681864544,False
2020-06-29 08:00:00+00:00,0,0.51666666666666672,1.0036198666614002,False
2020-06-29 09:00:00+00:00,0,0.45000000000000001,1.0614128076841314,False
2020-06-29 10:00:00+00:00,0,0.32500000000000007,1.0174036635129375,False
2020-06-29 11:00:00+00:00,0.10000000000000001,0.18333333333333338,1.1563179002231376,False
2020-06-29 12:00:00+00:00,0.10000000000000001,0.10416666666666673,1.0735300259677665,False
2020-06-29 13:00:00+00:00,0.40000000000000002,0.058333333333333397,1.0517229942583597,False
2020-06-29 14:00:00+00:00,0.69999999999999996,0.083333333333333384,0.9974045633759866,False
2020-06-29 15:00:00+00:00,0.5,0.095833333333333395,1.0016700695878384,False
2020-06-29 16:00:00+00:00,0.40000000000000002,0.10416666666666673,0.95927481946675541,False
2020-06-29 17:00:00+00:00,0.10000000000000001,0.10000000000000007,1.031123645787609,False
2020-06-29 18:00:00+00:00,0,0.095833333333333395,0.99999999999999944,False
2020-06-29 19:00:00+00:00,0,0.095833333333333395,0.99999999999999944,False
2020-06-29 20:00:00+00:00,0,0.095833333333333395,0.99999999999999944,False
2020-06-29 21:00:00+00:00,0,0.095833333333333395,0.99999999999999944,False
2020-06-29 22:00:00+00:00,0,0.095833333333333395,0.99999999999999944,False
2020-06-29 23:00:00+00:00,0,0.095833333333333395,0.99999999999999944,False
2020-06-30 00:00:00+00:00,0.10000000000000001,0.10000000000000005,1.0311236457876087,False
2020-06-30 01:00:00+00:00,0.10000000000000001,0.10416666666666673,1.0735300259677665,False
2020-06-30 02:00:00+00:00,0.10000000000000001,0.10833333333333339,1.0712092514371545,False
2020-06-30 03:00:00+00:00,0.20000000000000001,0.11666666666666674,0.99940208306825784,False
2020-06-30 04:00:00+00:00,0.29999999999999999,0.12916666666666674,0.97965387295970741,False
2020-06-30 05:00:00+00:00,0.40000000000000002,0.1458333333333334,0.97204042100003107,False
2020-06-30 06:00:00+00:00,0.5,0.16666666666666674,0.96312474430460093,False
2020-06-30 07:00:00+00:00,0.20000000000000001,0.17500000000000004,1.0638234643844764,False
2020-06-30 08:00:00+00:00,0,0.17500000000000004,1.0680809925508385,False
2020-06-30 09:00:00+00:00,0,0.17500000000000004,1.0680809925508385,False
2020-06-30 10:00:00+00:00,0.10000000000000001,0.17916666666666672,1.1071930483589958,False
2020-06-30 11:00:00+00:00,0.10000000000000001,0.17916666666666672,1.1071930483589958,False
2020-06-30 12:00:00+00:00,0.10000000000000001,0.17916666666666672,1.1071930483589958,False
2020-06-30 13:00:00+00:00,0.40000000000000002,0.17916666666666672,1.0206977690399115,False
2020-06-30 14:00:00+00:00,0.59999999999999998,0.17500000000000004,1.0147195839414189,False
2020-06-30 15:00:00+00:00,0.5,0.17500000000000004,0.97142882953417609,False
2020-06-30 16:00:00+00:00,0.40000000000000002,0.17500000000000004,1.0160930442310105,False
2020-06-30 17:00:00+00:00,0.5,0.19166666666666674,0.99830865995816942,False
2020-06-30 18:00:00+00:00,0.5,0.21250000000000005,1.0230433070551135,False
2020-06-30 19:00:00+00:00,0.10000000000000001,0.21666666666666676,1.0362977899062413,False
2020-06-30 20:00:00+00:00,0.10000000000000001,0.22083333333333341,1.0332989242509731,False
2020-06-30 21:00:00+00:00,0,0.22083333333333341,0.97747198050258721,False
2020-06-30 22:00:00+00:00,0,0.22083333333333341,0.97747198050258721,False
2020-06-30 23:00:00+00:00,0,0.22083333333333341,0.97747198050258721,False
2020-07-01 00:00:00+00:00,0.10000000000000001,0.22083333333333335,1.032289836240762,False
2020-07-01 01:00:00+00:00,0.40000000000000002,0.23333333333333339,1.0558108131173776,False
2020-07-01 02:00:00+00:00,0.20000000000000001,0.23750000000000007,1.0059117887305749,False
2020-07-01 03:00:00+00:00,0,0.22916666666666674,1.0394644567890203,False
2020-07-01 04:00:00+00:00,0,0.2166666666666667,0.99945355191901752,False
2020-07-01 05:00:00+00:00,0,0.20000000000000007,1.0308176096442385,False
2020-07-01 06:00:00+00:00,0,0.17916666666666672,1.3604771246604854,False
2020-07-01 07:00:00+00:00,0,0.17083333333333339,0.97690445372479817,False
2020-07-01 08:00:00+00:00,0,0.17083333333333339,0.97690445372479817,False
2020-07-01 09:00:00+00:00,0,0.17083333333333339,0.97690445372479817,False
2020-07-01 10:00:00+00:00,0,0.16666666666666674,0.94092095045826374,False
2020-07-01 11:00:00+00:00,0,0.16250000000000006,1.1071932792576029,False
2020-07-01 12:00:00+00:00,0,0.15833333333333341,1.1326344310224232,False
2020-07-01 13:00:00+00:00,0,0.14166666666666672,1.0000000000000011,False
2020-07-01 14:00:00+00:00,0,0.11666666666666674,1.0000000000000004,False
2020-07-01 15:00:00+00:00,0,0.095833333333333395,0.99999999999999944,False
2020-07-01 16:00:00+00:00,0,0.079166666666666732,1.0000000000000013,False
2020-07-01 17:00:00+00:00,0.10000000000000001,0.062500000000000056,1.0000000000000011,False
2020-07-01 18:00:00+00:00,0.40000000000000002,0.058333333333333397,1.0517229942583597,False
2020-07-01 19:00:00+00:00,0.10000000000000001,0.058333333333333397,1.0000000000000009,False
2020-07-01 20:00:00+00:00,0,0.054166666666666731,1.0000000112371505,False
2020-07-01 21:00:00+00:00,0.59999999999999998,0.079166666666666732,1.030124155170199,False
2020-07-01 22:00:00+00:00,0.69999999999999996,0.10833333333333339,1.0012625205106469,False
2020-07-01 23:00:00+00:00,0.20000000000000001,0.11666666666666674,0.99940208306825784,False
2020-07-02 00:00:00+00:00,0,0.11250000000000006,0.99999999999999956,False
2020-07-02 01:00:00+00:00,0,0.095833333333333395,0.99999999999999944,False
2020-07-02 02:00:00+00:00,0,0.087500000000000064,1.0000000000000002,False
2020-07-02 03:00:00+00:00,0,0.087500000000000064,1.0000000000000002,False
2020-07-02 04:00:00+00:00,0,0.087500000000000064,1.0000000000000002,False
2020-07-02 05:00:00+00:00,0,0.087500000000000064,1.0000000000000002,False
2020-07-02 06:00:00+00:00,0,0.087500000000000064,1.0000000000000002,False
2020-07-02 07:00:00+00:00,0,0.087500000000000064,1.0000000000000002,False
2020-07-02 08:00:00+00:00,0,0.087500000000000064,1.0000000000000002,False
2020-07-02 09:00:00+00:00,0,0.087500000000000064,1.0000000000000002,False
2020-07-02 10:00:00+00:00,0,0.087500000000000064,1.0000000000000002,False
2020-07-02 11:00:00+00:00,0,0.087500000000000064,1.0000000000000002,False
2020-07-02 12:00:00+00:00,0,0.087500000000000064,1.0000000000000002,False
2020-07-02 13:00:00+00:00,0,0.087500000000000064,1.0000000000000002,False
2020-07-02 14:00:00+00:00,0,0.087500000000000064,1.0000000000000002,False
2020-07-02 15:00:00+00:00,0,0.087500000000000064,1.0000000000000002,False
2020-07-02 16:00:00+00:00,0.10000000000000001,0.091666666666666716,0.9662986402374748,False
2020-07-02 17:00:00+00:00,0,0.087500000000000036,1.000000000000002,False
2020-07-02 18:00:00+00:00,0,0.070833333333333387,0.99999999999999944,False
2020-07-02 19:00:00+00:00,0.10000000000000001,0.070833333333333373,1.0000000000000009,False
2020-07-02 20:00:00+00:00,0,0.070833333333333373,0.99999999999999967,False
2020-07-02 21:00:00+00:00,0.10000000000000001,0.050000000000000051,0.99999999999999922,False
2020-07-02 22:00:00+00:00,0,0.020833333333333388,0.99999999221302183,False
2020-07-02 23:00:00+00:00,0,0.012500000000000058,0.99999999760993863,False
2020-07-03 00:00:00+00:00,0,0.012500000000000058,0.99999999760993863,False
2020-07-03 01:00:00+00:00,0,0.012500000000000058,0.99999999760993863,False
2020-07-03 02:00:00+00:00,0,0.012500000000000058,0.99999999760993863,False
2020-07-03 03:00:00+00:00,0,0.012500000000000058,0.99999999760993863,False
2020-07-03 04:00:00+00:00,0.10000000000000001,0.016666666666666722,1.0648708979317538,False
2020-07-03 05:00:00+00:00,0.40000000000000002,0.033333333333333388,1.1481722643506624,False
2020-07-03 06:00:00+00:00,0.5,0.054166666666666724,1.0946081711799898,False
2020-07-03 07:00:00+00:00,0.59999999999999998,0.079166666666666718,1.030124155170199,False
2020-07-03 08:00:00+00:00,0.80000000000000004,0.11250000000000006,1.0017831116839107,False
2020-07-03 09:00:00+00:00,0.90000000000000002,0.15000000000000005,1.0140032182700016,False
2020-07-03 10:00:00+00:00,1,0.19166666666666674,1.0022978057972467,False
2020-07-03 11:00:00+00:00,1,0.23333333333333339,0.97522423511469447,False
2020-07-03 12:00:00+00:00,1,0.27500000000000008,0.97749347480087867,False
2020-07-03 13:00:00+00:00,0.69999999999999996,0.30416666666666675,1.0010760983906135,False
2020-07-03 14:00:00+00:00,0.80000000000000004,0.33750000000000008,1.0098935543036194,False
2020-07-03 15:00:00+00:00,0.5,0.35833333333333339,1.0148434942404079,False
2020-07-03 16:00:00+00:00,0.10000000000000001,0.35833333333333339,0.98504916739703241,False
2020-07-03 17:00:00+00:00,0,0.35833333333333339,1.0282321004490063,False
2020-07-03 18:00:00+00:00,0,0.35833333333333339,1.0282321004490063,False
2020-07-03 19:00:00+00:00,0,0.35416666666666674,0.99882637725571599,False
2020-07-03 20:00:00+00:00,0,0.35416666666666674,0.99882637725571599,False
2020-07-03 21:00:00+00:00,0,0.35000000000000003,0.9764790191980387,False
2020-07-03 22:00:00+00:00,0,0.35000000000000003,0.9764790191980387,False
2020-07-03 23:00:00+00:00,0,0.35000000000000003,0.9764790191980387,False
2020-07-04 00:00:00+00:00,0,0.35000000000000003,0.9764790191980387,False
2020-07-04 01:00:00+00:00,0,0.35000000000000003,0.9764790191980387,False
2020-07-04 02:00:00+00:00,0,0.35000000000000003,0.9764790191980387,False
2020-07-04 03:00:00+00:00,0,0.35000000000000003,0.9764790191980387,False
2020-07-04 04:00:00+00:00,0,0.34583333333333338,0.99067701512616724,False
2020-07-04 05:00:00+00:00,0,0.32916666666666672,0.9970577459257618,False
2020-07-04 06:00:00+00:00,0,0.3083333333333334,1.023418297812817,False
2020-07-04 07:00:00+00:00,0,0.28333333333333338,0.97719499445363467,False
2020-07-04 08:00:00+00:00,0,0.25000000000000006,0.9747130642504378,False
2020-07-04 09:00:00+00:00,0,0.21250000000000005,1,False
2020-07-04 10:00:00+00:00,0,0.17083333333333339,0.97690445372479817,False
2020-07-04 11:00:00+00:00,0,0.12916666666666674,0.999999999999999,False
2020-07-04 12:00:00+00:00,0,0.087500000000000064,1.0000000000000002,False
2020-07-04 13:00:00+00:00,0,0.058333333333333397,1.000000000000002,False
2020-07-04 14:00:00+00:00,0,0.025000000000000053,1.0000000000000004,False
2020-07-04 15:00:00+00:00,0.10000000000000001,0.0083333333333333887,1.0069306929704918,False
2020-07-04 16:00:00+00:00,0,0.0041666666666667221,0.99999998810510082,False
2020-07-04 17:00:00+00:00,0,0.0041666666666667221,0.99999998810510082,False
2020-07-04 18:00:00+00:00,0,0.0041666666666667221,0.99999998810510082,False
2020-07-04 19:00:00+00:00,0,0.0041666666666667221,0.99999998810510082,False
2020-07-04 20:00:00+00:00,0,0.0041666666666667221,0.99999998810510082,False
2020-07-04 21:00:00+00:00,0,0.0041666666666667221,0.99999998810510082,False
2020-07-04 22:00:00+00:00,0,0.0041666666666667221,0.99999998810510082,False
2020-07-04 23:00:00+00:00,0,0.0041666666666667221,0.99999998810510082,False
2020-07-05 00:00:00+00:00,0,0.0041666666666667221,0.99999998810510082,False
2020-07-05 01:00:00+00:00,0,0.0041666666666667221,0.99999998810510082,False
2020-07-05 02:00:00+00:00,0,0.0041666666666667221,0.99999998810510082,False
2020-07-05 03:00:00+00:00,0.10000000000000001,0.0083333333333333887,1.0069306929704918,False
2020-07-05 04:00:00+00:00,0.5,0.029166666666666719,1.1138804680572223,False
2020-07-05 05:00:00+00:00,0.59999999999999998,0.054166666666666724,1.0382277677064047,False
2020-07-05 06:00:00+00:00,0.59999999999999998,0.079166666666666718,1.030124155170199,False
2020-07-05 07:00:00+00:00,1.5,0.14166666666666672,1.1428201804205491,False
2020-07-05 08:00:00+00:00,2.2999999999999998,0.23750000000000004,1.2111158269286466,False
2020-07-05 09:00:00+00:00,3.2999999999999998,0.375,1.1987158797852495,False
2020-07-05 10:00:00+00:00,3.1000000000000001,0.50416666666666676,1.13101699384849,False
2020-07-05 11:00:00+00:00,2.2999999999999998,0.59999999999999998,1.0873814996050668,False
2020-07-05 12:00:00+00:00,2.2999999999999998,0.6958333333333333,1.0886877992312753,False
2020-07-05 13:00:00+00:00,1.1000000000000001,0.7416666666666667,1.0140850992914046,False
2020-07-05 14:00:00+00:00,0.90000000000000002,0.77916666666666667,0.98048490376651953,False
2020-07-05 15:00:00+00:00,0,0.77499999999999991,1.2863277107024422,False
2020-07-05 16:00:00+00:00,1.3999999999999999,0.83333333333333337,1.026452369119897,False
2020-07-05 17:00:00+00:00,4,1,1.3271399687217893,False
2020-07-05 18:00:00+00:00,0.69999999999999996,1.0291666666666666,1.0528213860018698,False
2020-07-05 19:00:00+00:00,0.80000000000000004,1.0625,1.0733148062146227,False
2020-07-05 20:00:00+00:00,0.5,1.0833333333333333,1.0425422444297499,False
2020-07-05 21:00:00+00:00,0.29999999999999999,1.0958333333333334,1.0301565008493494,False
2020-07-05 22:00:00+00:00,0.29999999999999999,1.1083333333333332,1.0263899638801772,False
2020-07-05 23:00:00+00:00,0.20000000000000001,1.1166666666666667,1.0229580283722819,False
2020-07-06 00:00:00+00:00,0.20000000000000001,1.125,1.0132390237784967,False
2020-07-06 01:00:00+00:00,0.20000000000000001,1.1333333333333333,1.0160531506333519,False
2020-07-06 02:00:00+00:00,0.20000000000000001,1.1416666666666666,1.0111764092084425,False
2020-07-06 03:00:00+00:00,0.20000000000000001,1.1458333333333333,1.0087266192493556,False
2020-07-06 04:00:00+00:00,0.20000000000000001,1.1333333333333335,1.0160531506333519,False
2020-07-06 05:00:00+00:00,0.10000000000000001,1.1125,1.0205233434394239,False
2020-07-06 06:00:00+00:00,0,1.0875000000000001,1.0526888460147046,False
2020-07-06 07:00:00+00:00,0,1.0250000000000001,1.0530204754275139,False
2020-07-06 08:00:00+00:00,0.10000000000000001,0.93333333333333346,1.0823810243534409,False
2020-07-06 09:00:00+00:00,0.20000000000000001,0.8041666666666667,0.99543450345157891,False
2020-07-06 10:00:00+00:00,0.10000000000000001,0.67916666666666681,0.99197521314800285,False
2020-07-06 11:00:00+00:00,0.10000000000000001,0.58750000000000002,1.0209620908271497,False
2020-07-06 12:00:00+00:00,0.20000000000000001,0.50000000000000011,1.0607970137297196,False
2020-07-06 13:00:00+00:00,0.29999999999999999,0.46666666666666673,1.0568510589311582,False
2020-07-06 14:00:00+00:00,0.29999999999999999,0.44166666666666671,1.0524188197863011,False
2020-07-06 15:00:00+00:00,0.29999999999999999,0.45416666666666677,1.0534205923845648,False
2020-07-06 16:00:00+00:00,0.10000000000000001,0.40000000000000008,1.0264888604855331,False
2020-07-06 17:00:00+00:00,0.10000000000000001,0.23750000000000004,1.0014970227456401,False
2020-07-06 18:00:00+00:00,0.29999999999999999,0.22083333333333341,1.0727958063878522,False
2020-07-06 19:00:00+00:00,0.20000000000000001,0.19583333333333341,1.1559608654254119,False
2020-07-06 20:00:00+00:00,0,0.17500000000000004,1.0680809925508385,False
2020-07-06 21:00:00+00:00,0.20000000000000001,0.17083333333333339,1.0452161275620317,False
2020-07-06 22:00:00+00:00,0.10000000000000001,0.16250000000000006,0.99632234595846192,False
2020-07-06 23:00:00+00:00,0.10000000000000001,0.15833333333333341,0.96137856390300203,False
2020-07-07 00:00:00+00:00,0,0.15000000000000005,0.99999999999999878,False
2020-07-07 01:00:00+00:00,0,0.14166666666666672,1.0000000000000011,False
2020-07-07 02:00:00+00:00,0,0.13333333333333339,0.99999999999999989,False
2020-07-07 03:00:00+00:00,0,0.12500000000000006,1.0000000000000007,False
2020-07-07 04:00:00+00:00,0,0.11666666666666674,1.0000000000000004,False
2020-07-07 05:00:00+00:00,0.10000000000000001,0.11666666666666674,1.0279661438016419,False
2020-07-07 06:00:00+00:00,0.10000000000000001,0.1208333333333334,0.97295317533240866,False
2020-07-07 07:00:00+00:00,0.59999999999999998,0.1458333333333334,1.0319181985957446,False
2020-07-07 08:00:00+00:00,0.5,0.16250000000000006,0.96312474430460171,False
2020-07-07 09:00:00+00:00,0,0.1541666666666667,0.96677061739037795,False
2020-07-07 10:00:00+00:00,0.10000000000000001,0.1541666666666667,1.0220034494346948,False
2020-07-07 11:00:00+00:00,0,0.15000000000000005,0.99999999999999878,False
2020-07-07 12:00:00+00:00,0.10000000000000001,0.1458333333333334,0.98101799862569217,False
2020-07-07 13:00:00+00:00,0.10000000000000001,0.13750000000000007,1.0394446772920116,False
2020-07-07 14:00:00+00:00,0,0.12500000000000006,1.0000000000000007,False
2020-07-07 15:00:00+00:00,0,0.11250000000000006,0.99999999999999956,False
2020-07-07 16:00:00+00:00,0,0.10833333333333339,1.0000000000000004,False
2020-07-07 17:00:00+00:00,0,0.10416666666666673,1.0000000000000027,False
2020-07-07 18:00:00+00:00,0,0.09166666666666673,0.99999999999999933,False
2020-07-07 19:00:00+00:00,0,0.083333333333333384,1.0000000000000004,False
2020-07-07 20:00:00+00:00,0,0.083333333333333384,1.0000000000000004,False
2020-07-07 21:00:00+00:00,0,0.075000000000000053,0.99999999999999978,False
2020-07-07 22:00:00+00:00,0,0.070833333333333401,0.99999999999999944,False
2020-07-07 23:00:00+00:00,0,0.066666666666666721,1.0000000000000016,False
2020-07-08 00:00:00+00:00,0,0.066666666666666721,1.0000000000000016,False
2020-07-08 01:00:00+00:00,0,0.066666666666666721,1.0000000000000016,False
2020-07-08 02:00:00+00:00,0,0.066666666666666721,1.0000000000000016,False
2020-07-08 03:00:00+00:00,0,0.066666666666666721,1.0000000000000016,False
2020-07-08 04:00:00+00:00,0,0.066666666666666721,1.0000000000000016,False
2020-07-08 05:00:00+00:00,0.10000000000000001,0.066666666666666721,1.0000000000000011,False
2020-07-08 06:00:00+00:00,0,0.062500000000000056,0.99999999999999978,False
2020-07-08 07:00:00+00:00,0,0.037500000000000054,1,False
2020-07-08 08:00:00+00:00,0,0.016666666666666722,0.99999999540298579,False
2020-07-08 09:00:00+00:00,0,0.016666666666666722,0.99999999540298579,False
2020-07-08 10:00:00+00:00,0,0.012500000000000058,0.99999999760993863,False
2020-07-08 11:00:00+00:00,0,0.012500000000000058,0.99999999760993863,False
2020-07-08 12:00:00+00:00,0,0.0083333333333333887,1.0000000219731631,False
2020-07-08 13:00:00+00:00,0.29999999999999999,0.016666666666666722,1.1745327143063746,False
2020-07-08 14:00:00+00:00,0.10000000000000001,0.020833333333333388,1.0062706269733033,False
2020-07-08 15:00:00+00:00,0,0.020833333333333388,0.99999999221302183,False
2020-07-08 16:00:00+00:00,0,0.020833333333333388,0.99999999221302183,False
2020-07-08 17:00:00+00:00,0.20000000000000001,0.029166666666666719,0.96134223543232367,False
2020-07-08 18:00:00+00:00,0.10000000000000001,0.033333333333333388,1.0000000000000009,False
2020-07-08 19:00:00+00:00,0,0.033333333333333388,0.99999999651127935,False
2020-07-08 20:00:00+00:00,0,0.033333333333333388,0.99999999651127935,False
2020-07-08 21:00:00+00:00,0,0.033333333333333388,0.99999999651127935,False
2020-07-08 22:00:00+00:00,0,0.033333333333333388,0.99999999651127935,False
2020-07-08 23:00:00+00:00,0,0.033333333333333388,0.99999999651127935,False
2020-07-09 00:00:00+00:00,0,0.033333333333333388,0.99999999651127935,False
2020-07-09 01:00:00+00:00,0,0.033333333333333388,0.99999999651127935,False
2020-07-09 02:00:00+00:00,0,0.033333333333333388,0.99999999651127935,False
2020-07-09 03:00:00+00:00,0,0.033333333333333388,0.99999999651127935,False
2020-07-09 04:00:00+00:00,0,0.033333333333333388,0.99999999651127935,False
2020-07-09 05:00:00+00:00,0,0.029166666666666719,9722218.2798688896,True
2020-07-09 06:00:00+00:00,0,0.029166666666666719,9722218.2798688896,True
2020-07-09 07:00:00+00:00,0,0.029166666666666719,9722218.2798688896,True
2020-07-09 08:00:00+00:00,0,0.029166666666666719,9722218.2798688896,True
2020-07-09 09:00:00+00:00,0,0.029166666666666719,9722218.2798688896,True
2020-07-09 10:00:00+00:00,0,0.029166666666666719,9722218.2798688896,True
2020-07-09 11:00:00+00:00,0,0.029166666666666719,9722218.2798688896,True
2020-07-09 12:00:00+00:00,0,0.029166666666666719,9722218.2798688896,True
2020-07-09 13:00:00+00:00,0,0.016666666666666722,0.99999999540298579,False
2020-07-09 14:00:00+00:00,0,0.012500000000000053,0.99999998030607506,False
2020-07-09 15:00:00+00:00,0,0.012500000000000053,0.99999998030607506,False
2020-07-09 16:00:00+00:00,0,0.012500000000000053,0.99999998030607506,False
2020-07-09 17:00:00+00:00,0,0.0041666666666667204,0.99999999574270182,False
2020-07-09 18:00:00+00:00,0,0,1,False
2020-07-09 19:00:00+00:00,0,0,1,False
2020-07-09 20:00:00+00:00,0,0,1,False
2020-07-09 21:00:00+00:00,0,0,1,False
2020-07-09 22:00:00+00:00,0,0,1,False
2020-07-09 23:00:00+00:00,0,0,1,False
2020-07-10 00:00:00+00:00,0,0,1,False
2020-07-10 01:00:00+00:00,0,0,1,False
2020-07-10 02:00:00+00:00,0,0,1,False
2020-07-10 03:00:00+00:00,0,0,1,False
2020-07-10 04:00:00+00:00,0,0,1,False
2020-07-10 05:00:00+00:00,0,0,1,False
2020-07-10 06:00:00+00:00,0,0,1,False
2020-07-10 07:00:00+00:00,0,0,1,False
2020-07-10 08:00:00+00:00,0,0,1,False
2020-07-10 09:00:00+00:00,0,0,1,False
2020-07-10 10:00:00+00:00,0,0,1,False
2020-07-10 11:00:00+00:00,0,0,1,False
2020-07-10 12:00:00+00:00,0,0,1,False
2020-07-10 13:00:00+00:00,0,0,1,False
2020-07-10 14:00:00+00:00,0,0,1,False
2020-07-10 15:00:00+00:00,0,0,1,False
2020-07-10 16:00:00+00:00,0,0,1,False
2020-07-10 17:00:00+00:00,0,0,1,False
2020-07-10 18:00:00+00:00,0.10000000000000001,0.0041666666666667204,0.99689542488043092,False
2020-07-10 19:00:00+00:00,0.10000000000000001,0.008333333333333387,1.0069306929704918,False
2020-07-10 20:00:00+00:00,0.10000000000000001,0.012500000000000053,0.9362009811643206,False
2020-07-10 21:00:00+00:00,0.20000000000000001,0.020833333333333388,1.0504829917165521,False
2020-07-10 22:00:00+00:00,0,0.020833333333333388,0.99999999221302183,False
2020-07-10 23:00:00+00:00,0,0.020833333333333388,0.99999999221302183,False
2020-07-11 00:00:00+00:00,0,0.020833333333333388,0.99999999221302183,False
2020-07-11 01:00:00+00:00,0,0.020833333333333388,0.99999999221302183,False
2020-07-11 02:00:00+00:00,0,0.020833333333333388,0.99999999221302183,False
2020-07-11 03:00:00+00:00,0,0.020833333333333388,0.99999999221302183,False
2020-07-11 04:00:00+00:00,0,0.020833333333333388,0.99999999221302183,False
2020-07-11 05:00:00+00:00,0,0.020833333333333388,0.99999999221302183,False
2020-07-11 06:00:00+00:00,0,0.020833333333333388,0.99999999221302183,False
2020-07-11 07:00:00+00:00,0,0.020833333333333388,0.99999999221302183,False
2020-07-11 08:00:00+00:00,0,0.020833333333333388,0.99999999221302183,False
2020-07-11 09:00:00+00:00,0,0.020833333333333388,0.99999999221302183,False
2020-07-11 10:00:00+00:00,0,0.020833333333333388,0.99999999221302183,False
2020-07-11 11:00:00+00:00,0.10000000000000001,0.025000000000000053,1.0000000000000002,False
2020-07-11 12:00:00+00:00,0.10000000000000001,0.029166666666666719,1.0000000000000002,False
2020-07-11 13:00:00+00:00,0.10000000000000001,0.033333333333333388,1.0000000000000009,False
2020-07-11 14:00:00+00:00,0.20000000000000001,0.04166666666666672,0.9775677440785363,False
2020-07-11 15:00:00+00:00,0.10000000000000001,0.045833333333333393,0.99999999999999989,False
2020-07-11 16:00:00+00:00,0.10000000000000001,0.050000000000000051,0.99999999999999922,False
2020-07-11 17:00:00+00:00,0.20000000000000001,0.058333333333333383,1.008155824843268,False
2020-07-11 18:00:00+00:00,0.10000000000000001,0.058333333333333383,1.0000000000000009,False
2020-07-11 19:00:00+00:00,0.10000000000000001,0.058333333333333397,1.0000000000000009,False
2020-07-11 20:00:00+00:00,0.10000000000000001,0.058333333333333383,1.0000000000000009,False
2020-07-11 21:00:00+00:00,0.10000000000000001,0.054166666666666724,0.99999999999999956,False
2020-07-11 22:00:00+00:00,0,0.054166666666666724,1.0000000019852946,False
2020-07-11 23:00:00+00:00,0,0.054166666666666724,1.0000000019852946,False
2020-07-12 00:00:00+00:00,0,0.054166666666666724,1.0000000019852946,False
2020-07-12 01:00:00+00:00,0,0.054166666666666724,1.0000000019852946,False
2020-07-12 02:00:00+00:00,0,0.054166666666666724,1.0000000019852946,False
2020-07-12 03:00:00+00:00,0,0.054166666666666724,1.0000000019852946,False
2020-07-12 04:00:00+00:00,0,0.054166666666666724,1.0000000019852946,False
2020-07-12 05:00:00+00:00,0,0.054166666666666724,1.0000000019852946,False
2020-07-12 06:00:00+00:00,0,0.054166666666666724,1.0000000019852946,False
2020-07-12 07:00:00+00:00,0,0.054166666666666724,1.0000000019852946,False
2020-07-12 08:00:00+00:00,0,0.054166666666666724,1.0000000019852946,False
2020-07-12 09:00:00+00:00,0,0.054166666666666724,1.0000000019852946,False
2020-07-12 10:00:00+00:00,0,0.054166666666666724,1.0000000019852946,False
2020-07-12 11:00:00+00:00,0,0.050000000000000051,1.0000000011564818,False
2020-07-12 12:00:00+00:00,0.10000000000000001,0.050000000000000065,0.99999999999999922,False
2020-07-12 13:00:00+00:00,0.5,0.066666666666666721,1.0642155397803277,False
2020-07-12 14:00:00+00:00,0.29999999999999999,0.070833333333333387,0.972583488435244,False
2020-07-12 15:00:00+00:00,0.10000000000000001,0.070833333333333387,1.0000000000000011,False
2020-07-12 16:00:00+00:00,0.10000000000000001,0.070833333333333401,1.0000000000000013,False
2020-07-12 17:00:00+00:00,0,0.062500000000000056,0.99999999999999978,False
2020-07-12 18:00:00+00:00,0,0.058333333333333383,2083333.5213866443,False
2020-07-12 19:00:00+00:00,0,0.054166666666666717,0.99999999003498052,False
2020-07-12 20:00:00+00:00,0,0.050000000000000044,1.0000000023322377,False
2020-07-12 21:00:00+00:00,0,0.045833333333333393,1.0000000232067416,False
2020-07-12 22:00:00+00:00,0,0.045833333333333393,1.0000000232067416,False
2020-07-12 23:00:00+00:00,0,0.045833333333333393,1.0000000232067416,False
2020-07-13 00:00:00+00:00,0,0.045833333333333393,1.0000000232067416,False
2020-07-13 01:00:00+00:00,0,0.045833333333333393,1.0000000232067416,False
2020-07-13 02:00:00+00:00,0,0.045833333333333393,1.0000000232067416,False
2020-07-13 03:00:00+00:00,0,0.045833333333333393,1.0000000232067416,False
2020-07-13 04:00:00+00:00,0,0.045833333333333393,1.0000000232067416,False
2020-07-13 05:00:00+00:00,0,0.045833333333333393,1.0000000232067416,False
2020-07-13 06:00:00+00:00,0,0.045833333333333393,1.0000000232067416,False
2020-07-13 07:00:00+00:00,0,0.045833333333333393,1.0000000232067416,False
2020-07-13 08:00:00+00:00,0.10000000000000001,0.050000000000000051,0.99999999999999922,False
2020-07-13 09:00:00+00:00,0.10000000000000001,0.054166666666666724,0.99999999999999956,False
2020-07-13 10:00:00+00:00,0,0.054166666666666724,1.0000000019852946,False
2020-07-13 11:00:00+00:00,0,0.054166666666666724,1.0000000019852946,False
2020-07-13 12:00:00+00:00,0.10000000000000001,0.054166666666666717,0.99999999999999967,False
2020-07-13 13:00:00+00:00,0.10000000000000001,0.037500000000000054,1.0000000000000018,False
2020-07-13 14:00:00+00:00,0,0.02500000000000005,1.0000000000000004,False
2020-07-13 15:00:00+00:00,0,0.020833333333333384,0.99999999146130902,False
2020-07-13 16:00:00+00:00,0,0.016666666666666718,0.99999999599086398,False
2020-07-13 17:00:00+00:00,0,0.016666666666666718,0.99999999599086398,False
2020-07-13 18:00:00+00:00,0,0.016666666666666718,0.99999999599086398,False
2020-07-13 19:00:00+00:00,0,0.016666666666666718,0.99999999599086398,False
2020-07-13 20:00:00+00:00,0,0.016666666666666718,0.99999999599086398,False
2020-07-13 21:00:00+00:00,0,0.016666666666666718,0.99999999599086398,False
2020-07-13 22:00:00+00:00,0.40000000000000002,0.033333333333333388,1.1481722643506624,False
2020-07-13 23:00:00+00:00,0.20000000000000001,0.04166666666666672,0.9775677440785363,False
2020-07-14 00:00:00+00:00,0.10000000000000001,0.045833333333333386,0.99999999999999989,False
2020-07-14 01:00:00+00:00,0.10000000000000001,0.050000000000000051,0.99999999999999922,False
2020-07-14 02:00:00+00:00,0,0.050000000000000051,1.0000000011564818,False
2020-07-14 03:00:00+00:00,0.10000000000000001,0.054166666666666724,0.99999999999999956,False
2020-07-14 04:00:00+00:00,0,0.054166666666666724,1.0000000019852946,False
2020-07-14 05:00:00+00:00,0,0.054166666666666724,1.0000000019852946,False
2020-07-14 06:00:00+00:00,0,0.054166666666666724,1.0000000019852946,False
2020-07-14 07:00:00+00:00,0,0.054166666666666724,1.0000000019852946,False
2020-07-14 08:00:00+00:00,0,0.050000000000000051,1.0000000011564818,False
2020-07-14 09:00:00+00:00,0.10000000000000001,0.050000000000000051,0.99999999999999922,False
2020-07-14 10:00:00+00:00,0.5,0.070833333333333387,1.0517444106575577,False
2020-07-14 11:00:00+00:00,0.29999999999999999,0.083333333333333384,1.0060151520067966,False
2020-07-14 12:00:00+00:00,0.69999999999999996,0.10833333333333339,1.0012625205106469,False
2020-07-14 13:00:00+00:00,0.29999999999999999,0.11666666666666671,0.9596599661878239,False
2020-07-14 14:00:00+00:00,0.10000000000000001,0.12083333333333339,0.97295317533240866,False
2020-07-14 15:00:00+00:00,0,0.12083333333333339,1,False
2020-07-14 16:00:00+00:00,0.10000000000000001,0.12500000000000003,0.93972431117063704,False
2020-07-14 17:00:00+00:00,0.20000000000000001,0.13333333333333339,0.9620569128571842,False
2020-07-14 18:00:00+00:00,0.5,0.1541666666666667,0.95595476538650659,False
2020-07-14 19:00:00+00:00,0.29999999999999999,0.16666666666666671,1.0439403066831898,False
2020-07-14 20:00:00+00:00,0.5,0.18750000000000003,0.99168888205200478,False
2020-07-14 21:00:00+00:00,0.5,0.20833333333333337,1.0153455947480907,False
2020-07-14 22:00:00+00:00,0.20000000000000001,0.20000000000000007,1.1576154896820843,False
2020-07-14 23:00:00+00:00,0.10000000000000001,0.19583333333333339,1.1623824921049262,False
2020-07-15 00:00:00+00:00,0,0.19166666666666668,1.0460870286747486,False
2020-07-15 01:00:00+00:00,0,0.18750000000000003,0.94973107218424713,False
2020-07-15 02:00:00+00:00,0,0.18750000000000003,0.94973107218424713,False
2020-07-15 03:00:00+00:00,0,0.18333333333333335,1.0424160824694282,False
2020-07-15 04:00:00+00:00,0,0.18333333333333335,1.0424160824694282,False
2020-07-15 05:00:00+00:00,0,0.18333333333333335,1.0424160824694282,False
2020-07-15 06:00:00+00:00,0.10000000000000001,0.18750000000000003,1.1984482969764796,False
2020-07-15 07:00:00+00:00,0,0.18750000000000003,0.94973107218424713,False
2020-07-15 08:00:00+00:00,0,0.18750000000000003,0.94973107218424713,False
2020-07-15 09:00:00+00:00,0,0.18333333333333338,1.0183690070162164,False
2020-07-15 10:00:00+00:00,0.10000000000000001,0.16666666666666671,1.0483844384638374,False
2020-07-15 11:00:00+00:00,0,0.15416666666666673,0.93905977449765221,False
2020-07-15 12:00:00+00:00,0,0.12500000000000006,1.0000000000000007,False
2020-07-15 13:00:00+00:00,0,0.11250000000000006,0.99999999999999956,False
2020-07-15 14:00:00+00:00,0.40000000000000002,0.12500000000000006,0.93284096812555861,False
2020-07-15 15:00:00+00:00,0.90000000000000002,0.16250000000000006,1.0105559084913012,False
2020-07-15 16:00:00+00:00,1,0.20000000000000004,0.99889996908496348,False
2020-07-15 17:00:00+00:00,0.10000000000000001,0.19583333333333339,1.1623824921049262,False
2020-07-15 18:00:00+00:00,0,0.17500000000000004,1.0680809925508385,False
2020-07-15 19:00:00+00:00,0,0.16250000000000006,1.1071932792576029,False
2020-07-15 20:00:00+00:00,0,0.14166666666666672,1.0000000000000011,False
2020-07-15 21:00:00+00:00,0,0.12083333333333339,1,False
2020-07-15 22:00:00+00:00,0,0.11250000000000006,0.99999999999999956,False
2020-07-15 23:00:00+00:00,0,0.10833333333333339,1.0000000000000004,False
2020-07-16 00:00:00+00:00,0,0.10833333333333339,1.0000000000000004,False
2020-07-16 01:00:00+00:00,0,0.10833333333333339,1.0000000000000004,False
2020-07-16 02:00:00+00:00,0,0.10833333333333339,1.0000000000000004,False
2020-07-16 03:00:00+00:00,0,0.10833333333333339,1.0000000000000004,False
2020-07-16 04:00:00+00:00,0,0.10833333333333339,1.0000000000000004,False
2020-07-16 05:00:00+00:00,0,0.10833333333333339,1.0000000000000004,False
2020-07-16 06:00:00+00:00,0,0.10416666666666673,1.0000000000000027,False
2020-07-16 07:00:00+00:00,0,0.10416666666666673,1.0000000000000027,False
2020-07-16 08:00:00+00:00,0,0.10416666666666673,1.0000000000000027,False
2020-07-16 09:00:00+00:00,0,0.10416666666666673,1.0000000000000027,False
2020-07-16 10:00:00+00:00,0,0.10000000000000005,0.99999999999999978,False
2020-07-16 11:00:00+00:00,0,0.10000000000000005,0.99999999999999978,False
2020-07-16 12:00:00+00:00,0,0.10000000000000005,0.99999999999999978,False
2020-07-16 13:00:00+00:00,0,0.10000000000000005,0.99999999999999978,False
2020-07-16 14:00:00+00:00,0,0.083333333333333384,1.0000000000000004,False
2020-07-16 15:00:00+00:00,0,0.045833333333333393,1.0000000232067416,False
2020-07-16 16:00:00+00:00,0,0.0041666666666667221,0.99999998810510082,False
2020-07-16 17:00:00+00:00,0,0,1,False
2020-07-16 18:00:00+00:00,0,0,1,False
2020-07-16 19:00:00+00:00,0,0,1,False
2020-07-16 20:00:00+00:00,0,0,1,False
2020-07-16 21:00:00+00:00,0,0,1,False
2020-07-16 22:00:00+00:00,0.10000000000000001,0.0041666666666667221,0.99689542488043092,False
2020-07-16 23:00:00+00:00,0.40000000000000002,0.020833333333333388,1.2277952215040615,False
2020-07-17 00:00:00+00:00,0.10000000000000001,0.025000000000000053,1.0000000000000002,False
2020-07-17 01:00:00+00:00,0,0.025000000000000053,1.0000000000000004,False
2020-07-17 02:00:00+00:00,0,0.025000000000000053,1.0000000000000004,False
2020-07-17 03:00:00+00:00,0,0.025000000000000053,1.0000000000000004,False
2020-07-17 04:00:00+00:00,0,0.025000000000000053,1.0000000000000004,False
2020-07-17 05:00:00+00:00,0,0.025000000000000053,1.0000000000000004,False
2020-07-17 06:00:00+00:00,0,0.025000000000000053,1.0000000000000004,False
2020-07-17 07:00:00+00:00,0,0.025000000000000053,1.0000000000000004,False
2020-07-17 08:00:00+00:00,0,0.025000000000000053,1.0000000000000004,False
2020-07-17 09:00:00+00:00,0.10000000000000001,0.029166666666666719,1.0000000000000002,False
2020-07-17 10:00:00+00:00,0.20000000000000001,0.037500000000000054,0.92373158465617766,False
2020-07-17 11:00:00+00:00,0.5,0.058333333333333383,1.0895482859606545,False
2020-07-17 12:00:00+00:00,0.59999999999999998,0.083333333333333384,1.0327173256938054,False
2020-07-17 13:00:00+00:00,0.59999999999999998,0.10833333333333339,1.0367585545842888,False
2020-07-17 14:00:00+00:00,0.29999999999999999,0.12083333333333339,0.96247836763210459,False
2020-07-17 15:00:00+00:00,0.29999999999999999,0.13333333333333339,0.98470617898706203,False
2020-07-17 16:00:00+00:00,0.20000000000000001,0.14166666666666672,0.97866110657512628,False
2020-07-17 17:00:00+00:00,0.20000000000000001,0.15000000000000005,1.0042115042035529,False
2020-07-17 18:00:00+00:00,0.20000000000000001,0.15833333333333338,1.0159995817002505,False
2020-07-17 19:00:00+00:00,0.10000000000000001,0.16250000000000006,0.99632234595846192,False
2020-07-17 20:00:00+00:00,0.10000000000000001,0.16666666666666674,1.045016450362364,False
2020-07-17 21:00:00+00:00,0.10000000000000001,0.17083333333333339,1.0540190150070017,False
2020-07-17 22:00:00+00:00,0.10000000000000001,0.17083333333333339,1.0540190150070017,False
2020-07-17 23:00:00+00:00,0.10000000000000001,0.15833333333333338,0.9765578398154765,False
2020-07-18 00:00:00+00:00,0.10000000000000001,0.15833333333333338,0.9765578398154765,False
2020-07-18 01:00:00+00:00,0.10000000000000001,0.16250000000000006,0.99632234595846192,False
2020-07-18 02:00:00+00:00,0.10000000000000001,0.16666666666666671,1.0483844384638374,False
2020-07-18 03:00:00+00:00,0.10000000000000001,0.17083333333333339,1.0540190150070017,False
2020-07-18 04:00:00+00:00,0.10000000000000001,0.17500000000000004,1.0758605174859641,False
2020-07-18 05:00:00+00:00,0.10000000000000001,0.17916666666666672,1.1071930483589958,False
2020-07-18 06:00:00+00:00,0.10000000000000001,0.18333333333333338,1.1563179002231376,False
2020-07-18 07:00:00+00:00,0.10000000000000001,0.18750000000000003,1.1984482969764796,False
2020-07-18 08:00:00+00:00,0.40000000000000002,0.20416666666666672,1.0453011664648129,False
2020-07-18 09:00:00+00:00,0.10000000000000001,0.20416666666666675,1.10935611730332,False
2020-07-18 10:00:00+00:00,0.29999999999999999,0.2083333333333334,1.1018033186758314,False
2020-07-18 11:00:00+00:00,0.20000000000000001,0.19583333333333341,1.1559608654254119,False
2020-07-18 12:00:00+00:00,0.40000000000000002,0.18750000000000003,1.0191658815714892,False
2020-07-18 13:00:00+00:00,0.29999999999999999,0.17500000000000004,1.0798660746637652,False
2020-07-18 14:00:00+00:00,0,0.16250000000000006,1.1071932792576029,False
2020-07-18 15:00:00+00:00,0.10000000000000001,0.15416666666666673,1.0220034494346946,False
2020-07-18 16:00:00+00:00,1,0.18750000000000008,1.0098392810503081,False
2020-07-18 17:00:00+00:00,0.69999999999999996,0.2083333333333334,0.9879815912488159,False
2020-07-18 18:00:00+00:00,0.40000000000000002,0.2166666666666667,1.0530135621955508,False
2020-07-18 19:00:00+00:00,0.40000000000000002,0.22916666666666674,1.0587339945863237,False
2020-07-18 20:00:00+00:00,0.5,0.24583333333333343,1.0666209724807976,False
2020-07-18 21:00:00+00:00,1,0.28333333333333338,0.97870870099052032,False
2020-07-18 22:00:00+00:00,0.40000000000000002,0.29583333333333339,1.0628691729994435,False
2020-07-18 23:00:00+00:00,0,0.29166666666666669,1.009305197257258,False
2020-07-19 00:00:00+00:00,0,0.28750000000000003,0.98350059381796073,False
2020-07-19 01:00:00+00:00,0,0.28333333333333338,0.97719499445363467,False
2020-07-19 02:00:00+00:00,0,0.27916666666666673,0.98657626641912011,False
2020-07-19 03:00:00+00:00,0,0.27500000000000008,1.0009268621413743,False
2020-07-19 04:00:00+00:00,0,0.27083333333333337,1.0319454860819268,False
2020-07-19 05:00:00+00:00,0,0.26666666666666672,1.0732843126513869,False
2020-07-19 06:00:00+00:00,0,0.26250000000000001,1.0940374489288716,False
2020-07-19 07:00:00+00:00,0,0.25833333333333336,0.99787145893923113,False
2020-07-19 08:00:00+00:00,0,0.2416666666666667,1.0057649875790502,False
2020-07-19 09:00:00+00:00,0,0.23750000000000004,1.084272562366561,False
2020-07-19 10:00:00+00:00,0,0.22500000000000006,0.99756460399508906,False
2020-07-19 11:00:00+00:00,0.10000000000000001,0.22083333333333341,1.0332989242509731,False
2020-07-19 12:00:00+00:00,0,0.20416666666666672,1.0022012578317319,False
2020-07-19 13:00:00+00:00,0,0.19166666666666674,1.0642311076783986,False
2020-07-19 14:00:00+00:00,0,0.19166666666666674,1.0642311076783986,False
2020-07-19 15:00:00+00:00,0,0.18750000000000008,0.94483487171582259,False
2020-07-19 16:00:00+00:00,0.10000000000000001,0.15000000000000005,0.98066455170874689,False
2020-07-19 17:00:00+00:00,0.10000000000000001,0.12500000000000006,0.94135883224082051,False
2020-07-19 18:00:00+00:00,0,0.10833333333333339,1.0000000000000004,False
2020-07-19 19:00:00+00:00,0,0.091666666666666716,1.0000000000000002,False
2020-07-19 20:00:00+00:00,0,0.070833333333333387,0.99999999999999944,False
2020-07-19 21:00:00+00:00,0,0.029166666666666726,9722218.2798688896,True
2020-07-19 22:00:00+00:00,0,0.012500000000000058,0.99999999760993863,False
2020-07-19 23:00:00+00:00,0,0.012500000000000058,0.99999999760993863,False
2020-07-20 00:00:00+00:00,0,0.012500000000000058,0.99999999760993863,False
2020-07-20 01:00:00+00:00,0,0.012500000000000058,0.99999999760993863,False
2020-07-20 02:00:00+00:00,0,0.012500000000000058,0.99999999760993863,False
2020-07-20 03:00:00+00:00,0,0.012500000000000058,0.99999999760993863,False
2020-07-20 04:00:00+00:00,0,0.012500000000000058,0.99999999760993863,False
2020-07-20 05:00:00+00:00,0,0.012500000000000058,0.99999999760993863,False
2020-07-20 06:00:00+00:00,0,0.012500000000000058,0.99999999760993863,False
2020-07-20 07:00:00+00:00,0,0.012500000000000058,0.99999999760993863,False
2020-07-20 08:00:00+00:00,0,0.012500000000000058,0.99999999760993863,False
2020-07-20 09:00:00+00:00,0,0.012500000000000058,0.99999999760993863,False
2020-07-20 10:00:00+00:00,0,0.012500000000000058,0.99999999760993863,False
2020-07-20 11:00:00+00:00,0,0.0083333333333333887,1.0000000219731631,False
2020-07-20 12:00:00+00:00,0,0.0083333333333333887,1.0000000219731631,False
2020-07-20 13:00:00+00:00,0,0.0083333333333333887,1.0000000219731631,False
2020-07-20 14:00:00+00:00,0.10000000000000001,0.012500000000000058,0.93356209230709852,False
2020-07-20 15:00:00+00:00,0.80000000000000004,0.045833333333333393,1.0648711789528551,False
2020-07-20 16:00:00+00:00,0,0.04166666666666672,12499996.54192275,True
2020-07-20 17:00:00+00:00,0,0.037500000000000061,1,False
2020-07-20 18:00:00+00:00,0,0.037500000000000061,1,False
2020-07-20 19:00:00+00:00,0.10000000000000001,0.041666666666666734,1.0000000000000007,False
2020-07-20 20:00:00+00:00,0,0.041666666666666734,12499996.541922728,True
2020-07-20 21:00:00+00:00,0,0.041666666666666734,12499996.541922728,True
2020-07-20 22:00:00+00:00,0,0.041666666666666734,12499996.541922728,True
2020-07-20 23:00:00+00:00,0,0.041666666666666734,12499996.541922728,True
2020-07-21 00:00:00+00:00,0,0.041666666666666734,12499996.541922728,True
2020-07-21 01:00:00+00:00,0,0.041666666666666734,12499996.541922728,True
2020-07-21 02:00:00+00:00,0,0.041666666666666734,12499996.541922728,True
2020-07-21 03:00:00+00:00,0,0.041666666666666734,12499996.541922728,True
2020-07-21 04:00:00+00:00,0,0.041666666666666734,12499996.541922728,True
2020-07-21 05:00:00+00:00,0,0.041666666666666734,12499996.541922728,True
2020-07-21 06:00:00+00:00,0,0.041666666666666734,12499996.541922728,True
2020-07-21 07:00:00+00:00,0,0.041666666666666734,12499996.541922728,True
2020-07-21 08:00:00+00:00,0,0.041666666666666734,12499996.541922728,True
2020-07-21 09:00:00+00:00,0,0.041666666666666734,12499996.541922728,True
2020-07-21 10:00:00+00:00,0,0.041666666666666734,12499996.541922728,True
2020-07-21 11:00:00+00:00,0.10000000000000001,0.045833333333333393,0.99999999999999989,False
2020-07-21 12:00:00+00:00,0.10000000000000001,0.050000000000000065,0.99999999999999922,False
2020-07-21 13:00:00+00:00,0,0.050000000000000065,0.99999999880496893,False
2020-07-21 14:00:00+00:00,0.20000000000000001,0.054166666666666724,1.0131261120971646,False
2020-07-21 15:00:00+00:00,0.10000000000000001,0.02500000000000006,1.0000000000000002,False
2020-07-21 16:00:00+00:00,0.10000000000000001,0.029166666666666726,1.0000000000000002,False
2020-07-21 17:00:00+00:00,0.20000000000000001,0.037500000000000054,0.92373158465617766,False
2020-07-21 18:00:00+00:00,0.10000000000000001,0.04166666666666672,1.0000000000000011,False
2020-07-21 19:00:00+00:00,0,0.037500000000000061,1,False
2020-07-21 20:00:00+00:00,0,0.037500000000000061,1,False
2020-07-21 21:00:00+00:00,0,0.037500000000000061,1,False
2020-07-21 22:00:00+00:00,0,0.037500000000000061,1,False
2020-07-21 23:00:00+00:00,0,0.037500000000000061,1,False
2020-07-22 00:00:00+00:00,0,0.037500000000000061,1,False
2020-07-22 01:00:00+00:00,0,0.037500000000000061,1,False
2020-07-22 02:00:00+00:00,0,0.037500000000000061,1,False
2020-07-22 03:00:00+00:00,0,0.037500000000000061,1,False
2020-07-22 04:00:00+00:00,0,0.037500000000000061,1,False
2020-07-22 05:00:00+00:00,0,0.037500000000000061,1,False
2020-07-22 06:00:00+00:00,0,0.037500000000000061,1,False
2020-07-22 07:00:00+00:00,0,0.037500000000000061,1,False
2020-07-22 08:00:00+00:00,0,0.037500000000000061,1,False
2020-07-22 09:00:00+00:00,0,0.037500000000000061,1,False
2020-07-22 10:00:00+00:00,0,0.037500000000000061,1,False
2020-07-22 11:00:00+00:00,0,0.033333333333333388,0.99999999651127935,False
2020-07-22 12:00:00+00:00,0,0.029166666666666719,9722218.2798688896,True
2020-07-22 13:00:00+00:00,0,0.029166666666666719,9722218.2798688896,True
2020-07-22 14:00:00+00:00,0,0.020833333333333388,0.99999999221302183,False
2020-07-22 15:00:00+00:00,0,0.016666666666666722,0.99999999540298579,False
2020-07-22 16:00:00+00:00,0,0.012500000000000058,0.99999999760993863,False
2020-07-22 17:00:00+00:00,0,0.0041666666666667221,0.99999998810510082,False
2020-07-22 18:00:00+00:00,0,0,1,False
2020-07-22 19:00:00+00:00,0,0,1,False
2020-07-22 20:00:00+00:00,0,0,1,False
2020-07-22 21:00:00+00:00,0,0,1,False
2020-07-22 22:00:00+00:00,0,0,1,False
2020-07-22 23:00:00+00:00,0,0,1,False
2020-07-23 00:00:00+00:00,0,0,1,False
2020-07-23 01:00:00+00:00,0,0,1,False
2020-07-23 02:00:00+00:00,0,0,1,False
2020-07-23 03:00:00+00:00,0,0,1,False
2020-07-23 04:00:00+00:00,0,0,1,False
2020-07-23 05:00:00+00:00,0,0,1,False
2020-07-23 06:00:00+00:00,0,0,1,False
2020-07-23 07:00:00+00:00,0,0,1,False
2020-07-23 08:00:00+00:00,0,0,1,False
2020-07-23 09:00:00+00:00,0,0,1,False
2020-07-23 10:00:00+00:00,0,0,1,False
2020-07-23 11:00:00+00:00,0,0,1,False
2020-07-23 12:00:00+00:00,0,0,1,False
2020-07-23 13:00:00+00:00,0,0,1,False
2020-07-23 14:00:00+00:00,0,0,1,False
2020-07-23 15:00:00+00:00,0,0,1,False
2020-07-23 16:00:00+00:00,0,0,1,False
2020-07-23 17:00:00+00:00,0,0,1,False
2020-07-23 18:00:00+00:00,0,0,1,False
2020-07-23 19:00:00+00:00,0,0,1,False
2020-07-23 20:00:00+00:00,0,0,1,False
2020-07-23 21:00:00+00:00,0,0,1,False
2020-07-23 22:00:00+00:00,0,0,1,False
2020-07-23 23:00:00+00:00,0,0,1,False
2020-07-24 00:00:00+00:00,0,0,1,False
2020-07-24 01:00:00+00:00,0,0,1,False
2020-07-24 02:00:00+00:00,0,0,1,False
2020-07-24 03:00:00+00:00,0,0,1,False
2020-07-24 04:00:00+00:00,0,0,1,False
2020-07-24 05:00:00+00:00,0,0,1,False
2020-07-24 06:00:00+00:00,0,0,1,False
2020-07-24 07:00:00+00:00,0,0,1,False
2020-07-24 08:00:00+00:00,0,0,1,False
2020-07-24 09:00:00+00:00,0,0,1,False
2020-07-24 10:00:00+00:00,0,0,1,False
2020-07-24 11:00:00+00:00,0,0,1,False
2020-07-24 12:00:00+00:00,0,0,1,False
2020-07-24 13:00:00+00:00,0,0,1,False
2020-07-24 14:00:00+00:00,0,0,1,False
2020-07-24 15:00:00+00:00,0,0,1,False
2020-07-24 16:00:00+00:00,0,0,1,False
2020-07-24 17:00:00+00:00,0,0,1,False
2020-07-24 18:00:00+00:00,0,0,1,False
2020-07-24 19:00:00+00:00,0,0,1,False
2020-07-24 20:00:00+00:00,0,0,1,False
2020-07-24 21:00:00+00:00,0,0,1,False
2020-07-24 22:00:00+00:00,0,0,1,False
2020-07-24 23:00:00+00:00,0,0,1,False
2020-07-25 00:00:00+00:00,0,0,1,False
2020-07-25 01:00:00+00:00,0,0,1,False
2020-07-25 02:00:00+00:00,0,0,1,False
2020-07-25 03:00:00+00:00,0,0,1,False
2020-07-25 04:00:00+00:00,0,0,1,False
2020-07-25 05:00:00+00:00,0,0,1,False
2020-07-25 06:00:00+00:00,0,0,1,False
2020-07-25 07:00:00+00:00,0,0,1,False
2020-07-25 08:00:00+00:00,0,0,1,False
2020-07-25 09:00:00+00:00,0,0,1,False
2020-07-25 10:00:00+00:00,0,0,1,False
2020-07-25 11:00:00+00:00,0,0,1,False
2020-07-25 12:00:00+00:00,0,0,1,False
2020-07-25 13:00:00+00:00,0,0,1,False
2020-07-25 14:00:00+00:00,0,0,1,False
2020-07-25 15:00:00+00:00,0,0,1,False
2020-07-25 16:00:00+00:00,0,0,1,False
2020-07-25 17:00:00+00:00,0,0,1,False
2020-07-25 18:00:00+00:00,0,0,1,False
2020-07-25 19:00:00+00:00,0,0,1,False
2020-07-25 20:00:00+00:00,0,0,1,False
2020-07-25 21:00:00+00:00,0,0,1,False
2020-07-25 22:00:00+00:00,0.40000000000000002,0.016666666666666722,1.2882071165840159,False
2020-07-25 23:00:00+00:00,0.80000000000000004,0.050000000000000065,1.0597126605591549,False
2020-07-26 00:00:00+00:00,0.69999999999999996,0.079166666666666718,0.99802838818408768,False
2020-07-26 01:00:00+00:00,0.69999999999999996,0.10833333333333339,1.0012625205106469,False
2020-07-26 02:00:00+00:00,0.40000000000000002,0.12500000000000006,0.93284096812555861,False
2020-07-26 03:00:00+00:00,0.10000000000000001,0.12916666666666674,1.0267505228416298,False
2020-07-26 04:00:00+00:00,0,0.12916666666666674,0.999999999999999,False
2020-07-26 05:00:00+00:00,0,0.12916666666666674,0.999999999999999,False
2020-07-26 06:00:00+00:00,0,0.12916666666666674,0.999999999999999,False
2020-07-26 07:00:00+00:00,0.10000000000000001,0.13333333333333339,0.9935503242036049,False
2020-07-26 08:00:00+00:00,0,0.13333333333333339,0.99999999999999989,False
2020-07-26 09:00:00+00:00,0.40000000000000002,0.15000000000000005,0.97316651107525276,False
2020-07-26 10:00:00+00:00,0.40000000000000002,0.16666666666666674,1.0081309976500139,False
2020-07-26 11:00:00+00:00,1.3999999999999999,0.22500000000000006,1.0771018593717736,False
2020-07-26 12:00:00+00:00,2,0.3083333333333334,1.0873926432205987,False
2020-07-26 13:00:00+00:00,3.1000000000000001,0.43750000000000006,1.167025293654955,False
2020-07-26 14:00:00+00:00,2.1000000000000001,0.52500000000000002,1.0487290247028143,False
2020-07-26 15:00:00+00:00,2.3999999999999999,0.62500000000000011,1.0985801990627961,False
2020-07-26 16:00:00+00:00,2.1000000000000001,0.71250000000000002,1.0820343769980176,False
2020-07-26 17:00:00+00:00,2.3999999999999999,0.8125,1.0945809971783858,False
2020-07-26 18:00:00+00:00,3.5,0.95833333333333337,1.1558149467988319,False
2020-07-26 19:00:00+00:00,2.7000000000000002,1.0708333333333335,1.0729702042648954,False
2020-07-26 20:00:00+00:00,3.1000000000000001,1.2,1.12732271028042,False
2020-07-26 21:00:00+00:00,0.69999999999999996,1.2291666666666667,1.0361684397227271,False
2020-07-26 22:00:00+00:00,0.29999999999999999,1.2250000000000001,1.020008345206654,False
2020-07-26 23:00:00+00:00,0.29999999999999999,1.2041666666666668,1.0183568808464722,False
2020-07-27 00:00:00+00:00,0.20000000000000001,1.1833333333333333,1.0148648289078217,False
2020-07-27 01:00:00+00:00,0.10000000000000001,1.1583333333333334,1.0299779514519296,False
2020-07-27 02:00:00+00:00,0,1.1416666666666668,1.0525114841208352,False
2020-07-27 03:00:00+00:00,0,1.1375,1.0534365357061448,False
2020-07-27 04:00:00+00:00,0,1.1375,1.0534365357061448,False
2020-07-27 05:00:00+00:00,0,1.1375,1.0534365357061448,False
2020-07-27 06:00:00+00:00,0,1.1375,1.0534365357061448,False
2020-07-27 07:00:00+00:00,0,1.1333333333333335,1.0582231003589027,False
2020-07-27 08:00:00+00:00,0,1.1333333333333335,1.0582231003589027,False
2020-07-27 09:00:00+00:00,0,1.1166666666666667,1.0480863742611286,False
2020-07-27 10:00:00+00:00,0,1.1000000000000001,1.0456921487804192,False
2020-07-27 11:00:00+00:00,0,1.0416666666666667,1.057436393260647,False
2020-07-27 12:00:00+00:00,0.10000000000000001,0.96250000000000002,1.0865030189138367,False
2020-07-27 13:00:00+00:00,0.20000000000000001,0.84166666666666679,1.0253123639863806,False
2020-07-27 14:00:00+00:00,0.10000000000000001,0.7583333333333333,1.0110021783466336,False
2020-07-27 15:00:00+00:00,0.10000000000000001,0.66250000000000009,0.99616843749053119,False
2020-07-27 16:00:00+00:00,0.40000000000000002,0.59166666666666679,1.0145818767607195,False
2020-07-27 17:00:00+00:00,0.5,0.51250000000000007,1.021395947309361,False
2020-07-27 18:00:00+00:00,0.29999999999999999,0.37916666666666671,1.0918750156870032,False
2020-07-27 19:00:00+00:00,0.59999999999999998,0.29166666666666674,1.0103263960438371,False
2020-07-27 20:00:00+00:00,0.20000000000000001,0.17083333333333339,1.0452161275620317,False
2020-07-27 21:00:00+00:00,0.20000000000000001,0.15000000000000005,1.0042115042035529,False
2020-07-27 22:00:00+00:00,0.90000000000000002,0.17500000000000004,0.99532954632850934,False
2020-07-27 23:00:00+00:00,0.80000000000000004,0.19583333333333339,0.9951420049252484,False
2020-07-28 00:00:00+00:00,0.40000000000000002,0.20416666666666672,1.0453011664648129,False
2020-07-28 01:00:00+00:00,1.6000000000000001,0.26666666666666677,1.0615617002062641,False
2020-07-28 02:00:00+00:00,0.80000000000000004,0.3000000000000001,1.006944483058182,False
2020-07-28 03:00:00+00:00,0.10000000000000001,0.30416666666666675,1.0794744299496759,False
2020-07-28 04:00:00+00:00,0.29999999999999999,0.31666666666666671,1.1036074706590795,False
2020-07-28 05:00:00+00:00,0.29999999999999999,0.32916666666666677,1.0881930872096719,False
2020-07-28 06:00:00+00:00,0.59999999999999998,0.35416666666666674,1.0035266419758302,False
2020-07-28 07:00:00+00:00,0.29999999999999999,0.36666666666666675,1.0747749895987975,False
2020-07-28 08:00:00+00:00,0.40000000000000002,0.38333333333333336,1.0118028520605378,False
2020-07-28 09:00:00+00:00,0.40000000000000002,0.40000000000000008,1.0050141275625237,False
2020-07-28 10:00:00+00:00,0.69999999999999996,0.42916666666666675,0.99022443981035613,False
2020-07-28 11:00:00+00:00,1.3999999999999999,0.48750000000000004,1.0136425687220119,False
2020-07-28 12:00:00+00:00,0.29999999999999999,0.4958333333333334,1.0363379934405956,False
2020-07-28 13:00:00+00:00,0.5,0.50833333333333341,1.0226449933736568,False
2020-07-28 14:00:00+00:00,1.1000000000000001,0.55000000000000004,1.0616672797959659,False
2020-07-28 15:00:00+00:00,0,0.54583333333333339,1.0617778676437337,False
2020-07-28 16:00:00+00:00,0,0.52916666666666667,1.0424025513365942,False
2020-07-28 17:00:00+00:00,0.29999999999999999,0.52083333333333337,1.0245466940107575,False
2020-07-28 18:00:00+00:00,0,0.50833333333333341,1.0034123607264458,False
2020-07-28 19:00:00+00:00,0,0.48333333333333339,0.98581489225003027,False
2020-07-28 20:00:00+00:00,0,0.47500000000000009,1.0087943323791668,False
2020-07-28 21:00:00+00:00,0,0.46666666666666673,1.0214174986443103,False
2020-07-28 22:00:00+00:00,0,0.42916666666666675,1.0148250272692656,False
2020-07-28 23:00:00+00:00,0,0.39583333333333343,1.0352873651302648,False
2020-07-29 00:00:00+00:00,0,0.37916666666666671,1.1054330973302036,False
2020-07-29 01:00:00+00:00,0.10000000000000001,0.31666666666666671,1.0713814501850851,False
2020-07-29 02:00:00+00:00,0.20000000000000001,0.29166666666666674,1.0146573486040082,False
2020-07-29 03:00:00+00:00,0.29999999999999999,0.30000000000000004,1.082430872159271,False
2020-07-29 04:00:00+00:00,0.10000000000000001,0.29166666666666674,1.0426436853402572,False
2020-07-29 05:00:00+00:00,0,0.27916666666666673,0.98657626641912011,False
2020-07-29 06:00:00+00:00,0,0.25416666666666671,0.95930773277687609,False
2020-07-29 07:00:00+00:00,0,0.24166666666666672,1.0050108322907556,False
2020-07-29 08:00:00+00:00,0,0.22500000000000009,0.99756460399508928,False
2020-07-29 09:00:00+00:00,0,0.2083333333333334,0.99999999999999933,False
2020-07-29 10:00:00+00:00,0.10000000000000001,0.18333333333333338,1.1563179002231376,False
2020-07-29 11:00:00+00:00,0.5,0.1458333333333334,0.94732072245488219,False
2020-07-29 12:00:00+00:00,0.10000000000000001,0.13750000000000007,1.0394446772920116,False
2020-07-29 13:00:00+00:00,0,0.11666666666666674,1.0000000000000004,False
2020-07-29 14:00:00+00:00,0,0.070833333333333387,0.99999999999999944,False
2020-07-29 15:00:00+00:00,0,0.070833333333333387,0.99999999999999944,False
2020-07-29 16:00:00+00:00,0.10000000000000001,0.075000000000000053,1.0000000000000007,False
2020-07-29 17:00:00+00:00,0,0.062500000000000056,0.99999999999999978,False
2020-07-29 18:00:00+00:00,0,0.062500000000000056,0.99999999999999978,False
2020-07-29 19:00:00+00:00,0,0.062500000000000056,0.99999999999999978,False
2020-07-29 20:00:00+00:00,0,0.062500000000000056,0.99999999999999978,False
2020-07-29 21:00:00+00:00,0,0.062500000000000056,0.99999999999999978,False
2020-07-29 22:00:00+00:00,0,0.062500000000000056,0.99999999999999978,False
2020-07-29 23:00:00+00:00,0,0.062500000000000056,0.99999999999999978,False
2020-07-30 00:00:00+00:00,0,0.062500000000000056,0.99999999999999978,False
2020-07-30 01:00:00+00:00,0,0.058333333333333397,1.000000000000002,False
2020-07-30 02:00:00+00:00,0,0.050000000000000051,1.0000000011564818,False
2020-07-30 03:00:00+00:00,0,0.037500000000000054,1,False
2020-07-30 04:00:00+00:00,0,0.033333333333333388,0.99999999651127935,False
2020-07-30 05:00:00+00:00,0,0.033333333333333388,0.99999999651127935,False
2020-07-30 06:00:00+00:00,0,0.033333333333333388,0.99999999651127935,False
2020-07-30 07:00:00+00:00,0.29999999999999999,0.045833333333333393,1.045570958226252,False
2020-07-30 08:00:00+00:00,0.5,0.066666666666666721,1.0642155397803277,False
2020-07-30 09:00:00+00:00,0.20000000000000001,0.075000000000000053,1.0319936097281748,False
2020-07-30 10:00:00+00:00,0.10000000000000001,0.075000000000000053,1.0000000000000007,False
2020-07-30 11:00:00+00:00,0,0.054166666666666724,1.0000000019852946,False
2020-07-30 12:00:00+00:00,0,0.050000000000000065,0.99999999880496893,False
2020-07-30 13:00:00+00:00,0,0.050000000000000065,0.99999999880496893,False
2020-07-30 14:00:00+00:00,0,0.050000000000000065,0.99999999880496893,False
2020-07-30 15:00:00+00:00,0,0.050000000000000065,0.99999999880496893,False
2020-07-30 16:00:00+00:00,0,0.045833333333333393,1.0000000232067416,False
2020-07-30 17:00:00+00:00,0,0.045833333333333393,1.0000000232067416,False
2020-07-30 18:00:00+00:00,0,0.045833333333333393,1.0000000232067416,False
2020-07-30 19:00:00+00:00,0,0.045833333333333393,1.0000000232067416,False
2020-07-30 20:00:00+00:00,0,0.045833333333333393,1.0000000232067416,False
2020-07-30 21:00:00+00:00,0,0.045833333333333393,1.0000000232067416,False
2020-07-30 22:00:00+00:00,0,0.045833333333333393,1.0000000232067416,False
2020-07-30 23:00:00+00:00,0,0.045833333333333393,1.0000000232067416,False
2020-07-31 00:00:00+00:00,0,0.045833333333333393,1.0000000232067416,False
2020-07-31 01:00:00+00:00,0,0.045833333333333393,1.0000000232067416,False
2020-07-31 02:00:00+00:00,0,0.045833333333333393,1.0000000232067416,False
2020-07-31 03:00:00+00:00,0,0.045833333333333393,1.0000000232067416,False
2020-07-31 04:00:00+00:00,0,0.045833333333333393,1.0000000232067416,False
2020-07-31 05:00:00+00:00,0,0.045833333333333393,1.0000000232067416,False
2020-07-31 06:00:00+00:00,0,0.045833333333333393,1.0000000232067416,False
2020-07-31 07:00:00+00:00,0,0.033333333333333388,0.99999999651127935,False
2020-07-31 08:00:00+00:00,0,0.012500000000000058,0.99999999760993863,False
2020-07-31 09:00:00+00:00,0,0.0041666666666667221,0.99999998810510082,False
2020-07-31 10:00:00+00:00,0,0,1,False
2020-07-31 11:00:00+00:00,0,0,1,False
2020-07-31 12:00:00+00:00,0,0,1,False
2020-07-31 13:00:00+00:00,0,0,1,False
2020-07-31 14:00:00+00:00,0,0,1,False
2020-07-31 15:00:00+00:00,0,0,1,False
2020-07-31 16:00:00+00:00,0,0,1,False
2020-07-31 17:00:00+00:00,0,0,1,False
2020-07-31 18:00:00+00:00,0,0,1,False
2020-07-31 19:00:00+00:00,0,0,1,False
2020-07-31 20:00:00+00:00,0,0,1,False
2020-07-31 21:00:00+00:00,0,0,1,False
2020-07-31 22:00:00+00:00,0,0,1,False
2020-07-31 23:00:00+00:00,0,0,1,False
2020-08-01 00:00:00+00:00,0,0,1,False
2020-08-01 01:00:00+00:00,0,0,1,False
2020-08-01 02:00:00+00:00,0,0,1,False
2020-08-01 03:00:00+00:00,0,0,1,False
2020-08-01 04:00:00+00:00,0,0,1,False
2020-08-01 05:00:00+00:00,0,0,1,False
2020-08-01 06:00:00+00:00,0,0,1,False
2020-08-01 07:00:00+00:00,0,0,1,False
2020-08-01 08:00:00+00:00,0,0,1,False
2020-08-01 09:00:00+00:00,0,0,1,False
2020-08-01 10:00:00+00:00,0,0,1,False
2020-08-01 11:00:00+00:00,0,0,1,False
2020-08-01 12:00:00+00:00,0,0,1,False
2020-08-01 13:00:00+00:00,0,0,1,False
2020-08-01 14:00:00+00:00,0,0,1,False
2020-08-01 15:00:00+00:00,0,0,1,False
2020-08-01 16:00:00+00:00,0,0,1,False
2020-08-01 17:00:00+00:00,0,0,1,False
2020-08-01 18:00:00+00:00,0,0,1,False
2020-08-01 19:00:00+00:00,0.10000000000000001,0.0041666666666667221,0.99689542488043092,False
2020-08-01 20:00:00+00:00,0.5,0.025000000000000053,1.1243033493733323,False
2020-08-01 21:00:00+00:00,0,0.025000000000000053,1.0000000000000004,False
2020-08-01 22:00:00+00:00,0,0.025000000000000053,1.0000000000000004,False
2020-08-01 23:00:00+00:00,0.20000000000000001,0.033333333333333388,0.92594837789350559,False
2020-08-02 00:00:00+00:00,0.90000000000000002,0.070833333333333387,1.0742327819873931,False
2020-08-02 01:00:00+00:00,0.10000000000000001,0.075000000000000053,1.0000000000000007,False
2020-08-02 02:00:00+00:00,0,0.075000000000000053,0.99999999999999978,False
2020-08-02 03:00:00+00:00,0,0.075000000000000053,0.99999999999999978,False
2020-08-02 04:00:00+00:00,1.5,0.13750000000000007,1.1509078814227331,False
2020-08-02 05:00:00+00:00,0.40000000000000002,0.15416666666666673,0.98065489881567391,False
2020-08-02 06:00:00+00:00,0.20000000000000001,0.16250000000000006,1.0253838062438978,False
2020-08-02 07:00:00+00:00,0,0.16250000000000006,1.1071932792576029,False
2020-08-02 08:00:00+00:00,0,0.16250000000000006,1.1071932792576029,False
2020-08-02 09:00:00+00:00,0,0.16250000000000006,1.1071932792576029,False
2020-08-02 10:00:00+00:00,0.10000000000000001,0.16666666666666674,1.045016450362364,False
2020-08-02 11:00:00+00:00,0,0.16666666666666674,0.94092095045826374,False
2020-08-02 12:00:00+00:00,0.10000000000000001,0.17083333333333339,1.0540190150070017,False
2020-08-02 13:00:00+00:00,0,0.17083333333333339,0.97690445372479817,False
2020-08-02 14:00:00+00:00,0,0.17083333333333339,0.97690445372479817,False
2020-08-02 15:00:00+00:00,0,0.17083333333333339,0.97690445372479817,False
2020-08-02 16:00:00+00:00,0,0.17083333333333339,0.97690445372479817,False
2020-08-02 17:00:00+00:00,0,0.17083333333333339,0.97690445372479817,False
2020-08-02 18:00:00+00:00,0.10000000000000001,0.17500000000000004,1.0758605174859641,False
2020-08-02 19:00:00+00:00,0.10000000000000001,0.17500000000000007,1.0758605174859646,False
2020-08-02 20:00:00+00:00,0.20000000000000001,0.16250000000000006,1.0253838062438978,False
2020-08-02 21:00:00+00:00,0.10000000000000001,0.16666666666666674,1.045016450362364,False
2020-08-02 22:00:00+00:00,0,0.16666666666666674,0.94092095045826374,False
2020-08-02 23:00:00+00:00,0.10000000000000001,0.16250000000000006,0.99632234595846192,False
2020-08-03 00:00:00+00:00,0.10000000000000001,0.12916666666666674,1.0267505228416298,False
2020-08-03 01:00:00+00:00,0,0.12500000000000008,1.0000000000000011,False
2020-08-03 02:00:00+00:00,0,0.12500000000000008,1.0000000000000011,False
2020-08-03 03:00:00+00:00,0.10000000000000001,0.12916666666666674,1.0267505228416298,False
2020-08-03 04:00:00+00:00,0.20000000000000001,0.075000000000000053,1.0319936097281748,False
2020-08-03 05:00:00+00:00,0.20000000000000001,0.066666666666666721,1.0091183359557727,False
2020-08-03 06:00:00+00:00,0.10000000000000001,0.062500000000000056,1.0000000000000011,False
2020-08-03 07:00:00+00:00,0.10000000000000001,0.066666666666666721,1.0000000000000011,False
2020-08-03 08:00:00+00:00,0.20000000000000001,0.075000000000000053,1.0319936097281748,False
2020-08-03 09:00:00+00:00,0.10000000000000001,0.079166666666666732,0.99999999999999989,False
2020-08-03 10:00:00+00:00,0,0.075000000000000067,0.99999999999999956,False
2020-08-03 11:00:00+00:00,0,0.075000000000000067,0.99999999999999956,False
2020-08-03 12:00:00+00:00,0,0.070833333333333401,0.99999999999999944,False
2020-08-03 13:00:00+00:00,0.10000000000000001,0.075000000000000053,1.0000000000000007,False
2020-08-03 14:00:00+00:00,0,0.075000000000000053,0.99999999999999978,False
2020-08-03 15:00:00+00:00,0,0.075000000000000053,0.99999999999999978,False
2020-08-03 16:00:00+00:00,0,0.075000000000000053,0.99999999999999978,False
2020-08-03 17:00:00+00:00,0,0.075000000000000053,0.99999999999999978,False
2020-08-03 18:00:00+00:00,0,0.070833333333333387,0.99999999999999944,False
2020-08-03 19:00:00+00:00,0,0.066666666666666721,1.0000000000000016,False
2020-08-03 20:00:00+00:00,0,0.058333333333333383,2083333.5213866443,False
2020-08-03 21:00:00+00:00,0,0.054166666666666724,1.0000000019852946,False
2020-08-03 22:00:00+00:00,0,0.054166666666666724,1.0000000019852946,False
2020-08-03 23:00:00+00:00,0,0.050000000000000051,1.0000000011564818,False
2020-08-04 00:00:00+00:00,0,0.045833333333333393,1.0000000232067416,False
2020-08-04 01:00:00+00:00,0,0.045833333333333393,1.0000000232067416,False
2020-08-04 02:00:00+00:00,0,0.045833333333333393,1.0000000232067416,False
2020-08-04 03:00:00+00:00,0,0.04166666666666672,12499996.54192275,True
2020-08-04 04:00:00+00:00,0,0.033333333333333388,0.99999999651127935,False
2020-08-04 05:00:00+00:00,0,0.02500000000000006,0.99999999999999967,False
2020-08-04 06:00:00+00:00,0,0.020833333333333388,0.99999999221302183,False
2020-08-04 07:00:00+00:00,0,0.016666666666666722,0.99999999540298579,False
2020-08-04 08:00:00+00:00,0,0.0083333333333333887,1.0000000219731631,False
2020-08-04 09:00:00+00:00,0,0.0041666666666667221,0.99999998810510082,False
2020-08-04 10:00:00+00:00,0,0.0041666666666667221,0.99999998810510082,False
2020-08-04 11:00:00+00:00,0,0.0041666666666667221,0.99999998810510082,False
2020-08-04 12:00:00+00:00,0,0.0041666666666667221,0.99999998810510082,False
2020-08-04 13:00:00+00:00,0,0,1,False
2020-08-04 14:00:00+00:00,0,0,1,False
2020-08-04 15:00:00+00:00,0,0,1,False
2020-08-04 16:00:00+00:00,0,0,1,False
2020-08-04 17:00:00+00:00,0,0,1,False
2020-08-04 18:00:00+00:00,0,0,1,False
2020-08-04 19:00:00+00:00,0,0,1,False
2020-08-04 20:00:00+00:00,0,0,1,False
2020-08-04 21:00:00+00:00,0,0,1,False
2020-08-04 22:00:00+00:00,0,0,1,False
2020-08-04 23:00:00+00:00,0,0,1,False
2020-08-05 00:00:00+00:00,0,0,1,False
2020-08-05 01:00:00+00:00,0.10000000000000001,0.0041666666666667221,0.99689542488043092,False
2020-08-05 02:00:00+00:00,0.69999999999999996,0.033333333333333388,1.04662778065716,False
2020-08-05 03:00:00+00:00,1.3,0.087500000000000064,1.1974358713354785,False
2020-08-05 04:00:00+00:00,1.3,0.14166666666666672,1.1384700613712522,False
2020-08-05 05:00:00+00:00,1,0.18333333333333338,1.0173196094852666,False
2020-08-05 06:00:00+00:00,0.40000000000000002,0.20000000000000007,1.0394614589641622,False
2020-08-05 07:00:00+00:00,1,0.24166666666666672,0.97617009204549843,False
2020-08-05 08:00:00+00:00,1.2,0.29166666666666674,1.0095114127205593,False
2020-08-05 09:00:00+00:00,2.1000000000000001,0.37916666666666671,1.0984132546127972,False
2020-08-05 10:00:00+00:00,2,0.46250000000000008,1.0501139522701919,False
2020-08-05 11:00:00+00:00,0.69999999999999996,0.4916666666666667,0.996461238769212,False
2020-08-05 12:00:00+00:00,0.40000000000000002,0.50833333333333341,1.0116865324097428,False
2020-08-05 13:00:00+00:00,0.10000000000000001,0.51250000000000007,1.156246955548113,False
2020-08-05 14:00:00+00:00,0,0.51250000000000007,0.99962048323784713,False
2020-08-05 15:00:00+00:00,0,0.51250000000000007,0.99962048323784713,False
2020-08-05 16:00:00+00:00,0,0.51250000000000007,0.99962048323784713,False
2020-08-05 17:00:00+00:00,0,0.51250000000000007,0.99962048323784713,False
2020-08-05 18:00:00+00:00,0,0.51250000000000007,0.99962048323784713,False
2020-08-05 19:00:00+00:00,0,0.51250000000000007,0.99962048323784713,False
2020-08-05 20:00:00+00:00,0,0.51250000000000007,0.99962048323784713,False
2020-08-05 21:00:00+00:00,0,0.51250000000000007,0.99962048323784713,False
2020-08-05 22:00:00+00:00,0,0.51250000000000007,0.99962048323784713,False
2020-08-05 23:00:00+00:00,0,0.51250000000000007,0.99962048323784713,False
2020-08-06 00:00:00+00:00,0,0.51250000000000007,0.99962048323784713,False
2020-08-06 01:00:00+00:00,0,0.50833333333333341,1.0034123607264458,False
2020-08-06 02:00:00+00:00,0,0.47916666666666669,1.021012793279644,False
2020-08-06 03:00:00+00:00,0,0.42500000000000004,0.98833666513915697,False
2020-08-06 04:00:00+00:00,0.10000000000000001,0.37500000000000006,0.98200126051863335,False
2020-08-06 05:00:00+00:00,0.10000000000000001,0.33750000000000008,1.0125892998076993,False
2020-08-06 06:00:00+00:00,0,0.32083333333333341,1.0419902783794919,False
2020-08-06 07:00:00+00:00,0,0.27916666666666673,0.98657626641912011,False
2020-08-06 08:00:00+00:00,0,0.22916666666666674,1.0394644567890203,False
2020-08-06 09:00:00+00:00,0,0.14166666666666669,1.0000000000000007,False
2020-08-06 10:00:00+00:00,0,0.058333333333333369,7638887.0723734563,True
2020-08-06 11:00:00+00:00,0,0.029166666666666705,3472221.1847263682,False
2020-08-06 12:00:00+00:00,0,0.012500000000000039,0.99999997765580317,False
2020-08-06 13:00:00+00:00,0,0.0083333333333333714,1.0000000073388435,False
2020-08-06 14:00:00+00:00,0,0.0083333333333333714,1.0000000073388435,False
2020-08-06 15:00:00+00:00,0,0.0083333333333333714,1.0000000073388435,False
2020-08-06 16:00:00+00:00,0,0.0083333333333333714,1.0000000073388435,False
2020-08-06 17:00:00+00:00,0,0.0083333333333333714,1.0000000073388435,False
2020-08-06 18:00:00+00:00,0,0.0083333333333333714,1.0000000073388435,False
2020-08-06 19:00:00+00:00,0,0.0083333333333333714,1.0000000073388435,False
2020-08-06 20:00:00+00:00,0,0.0083333333333333714,1.0000000073388435,False
2020-08-06 21:00:00+00:00,0,0.0083333333333333714,1.0000000073388435,False
2020-08-06 22:00:00+00:00,0,0.0083333333333333714,1.0000000073388435,False
2020-08-06 23:00:00+00:00,0,0.0083333333333333714,1.0000000073388435,False
2020-08-07 00:00:00+00:00,0,0.0083333333333333714,1.0000000073388435,False
2020-08-07 01:00:00+00:00,0,0.0083333333333333714,1.0000000073388435,False
2020-08-07 02:00:00+00:00,0,0.0083333333333333714,1.0000000073388435,False
2020-08-07 03:00:00+00:00,0,0.0083333333333333714,1.0000000073388435,False
2020-08-07 04:00:00+00:00,0,0.0041666666666667039,1.0000000223032446,False
2020-08-07 05:00:00+00:00,0,0,1,False
2020-08-07 06:00:00+00:00,0,0,1,False
2020-08-07 07:00:00+00:00,0,0,1,False
2020-08-07 08:00:00+00:00,0,0,1,False
2020-08-07 09:00:00+00:00,0,0,1,False
2020-08-07 10:00:00+00:00,0,0,1,False
2020-08-07 11:00:00+00:00,0,0,1,False
2020-08-07 12:00:00+00:00,0.20000000000000001,0.0083333333333333714,1.1507520866505876,False
2020-08-07 13:00:00+00:00,0.10000000000000001,0.012500000000000039,0.94939542545043121,False
2020-08-07 14:00:00+00:00,0.10000000000000001,0.016666666666666705,1.0736944272189513,False
2020-08-07 15:00:00+00:00,0,0.016666666666666705,0.99999999402484263,False
2020-08-07 16:00:00+00:00,0,0.016666666666666705,0.99999999402484263,False
2020-08-07 17:00:00+00:00,0,0.016666666666666705,0.99999999402484263,False
2020-08-07 18:00:00+00:00,0,0.016666666666666705,0.99999999402484263,False
2020-08-07 19:00:00+00:00,0,0.016666666666666705,0.99999999402484263,False
2020-08-07 20:00:00+00:00,0,0.016666666666666705,0.99999999402484263,False
2020-08-07 21:00:00+00:00,0,0.016666666666666705,0.99999999402484263,False
2020-08-07 22:00:00+00:00,0,0.016666666666666705,0.99999999402484263,False
2020-08-07 23:00:00+00:00,0,0.016666666666666705,0.99999999402484263,False
2020-08-08 00:00:00+00:00,0,0.016666666666666705,0.99999999402484263,False
2020-08-08 01:00:00+00:00,0,0.016666666666666705,0.99999999402484263,False
2020-08-08 02:00:00+00:00,0,0.016666666666666705,0.99999999402484263,False
2020-08-08 03:00:00+00:00,0,0.016666666666666705,0.99999999402484263,False
2020-08-08 04:00:00+00:00,0,0.016666666666666705,0.99999999402484263,False
2020-08-08 05:00:00+00:00,0.10000000000000001,0.02083333333333337,1.0188118809199092,False
2020-08-08 06:00:00+00:00,0.29999999999999999,0.033333333333333375,1.0608427451304772,False
2020-08-08 07:00:00+00:00,0.29999999999999999,0.045833333333333372,1.045570958226252,False
2020-08-08 08:00:00+00:00,0,0.045833333333333372,0.99999999841947429,False
2020-08-08 09:00:00+00:00,0,0.045833333333333372,0.99999999841947429,False
2020-08-08 10:00:00+00:00,0,0.045833333333333372,0.99999999841947429,False
2020-08-08 11:00:00+00:00,0.10000000000000001,0.050000000000000037,0.99999999999999922,False
2020-08-08 12:00:00+00:00,0.10000000000000001,0.045833333333333372,0.99999999999999978,False
2020-08-08 13:00:00+00:00,0.10000000000000001,0.045833333333333372,0.99999999999999978,False
2020-08-08 14:00:00+00:00,0.10000000000000001,0.045833333333333365,0.99999999999999989,False
2020-08-08 15:00:00+00:00,0,0.045833333333333372,0.99999999841947429,False
2020-08-08 16:00:00+00:00,0,0.045833333333333372,0.99999999841947429,False
2020-08-08 17:00:00+00:00,0,0.045833333333333372,0.99999999841947429,False
2020-08-08 18:00:00+00:00,0,0.045833333333333372,0.99999999841947429,False
2020-08-08 19:00:00+00:00,0,0.045833333333333372,0.99999999841947429,False
2020-08-08 20:00:00+00:00,0,0.045833333333333372,0.99999999841947429,False
2020-08-08 21:00:00+00:00,0,0.045833333333333372,0.99999999841947429,False
2020-08-08 22:00:00+00:00,0,0.045833333333333372,0.99999999841947429,False
2020-08-08 23:00:00+00:00,0,0.045833333333333372,0.99999999841947429,False
2020-08-09 00:00:00+00:00,0,0.045833333333333372,0.99999999841947429,False
2020-08-09 01:00:00+00:00,0,0.045833333333333372,0.99999999841947429,False
2020-08-09 02:00:00+00:00,0,0.045833333333333372,0.99999999841947429,False
2020-08-09 03:00:00+00:00,0,0.045833333333333372,0.99999999841947429,False
2020-08-09 04:00:00+00:00,0,0.045833333333333372,0.99999999841947429,False
2020-08-09 05:00:00+00:00,0,0.041666666666666706,5555554.1494307965,False
2020-08-09 06:00:00+00:00,0,0.029166666666666702,3472221.1847263672,False
2020-08-09 07:00:00+00:00,0,0.016666666666666705,0.99999999402484263,False
2020-08-09 08:00:00+00:00,0,0.016666666666666705,0.99999999402484263,False
2020-08-09 09:00:00+00:00,0,0.016666666666666705,0.99999999402484263,False
2020-08-09 10:00:00+00:00,0,0.016666666666666705,0.99999999402484263,False
2020-08-09 11:00:00+00:00,0,0.012500000000000039,0.99999997765580317,False
2020-08-09 12:00:00+00:00,0,0.0083333333333333714,1.0000000073388435,False
2020-08-09 13:00:00+00:00,0,0.0041666666666667039,1.0000000223032446,False
2020-08-09 14:00:00+00:00,0,0,1,False
2020-08-09 15:00:00+00:00,0,0,1,False
2020-08-09 16:00:00+00:00,0,0,1,False
2020-08-09 17:00:00+00:00,0,0,1,False
2020-08-09 18:00:00+00:00,0,0,1,False
2020-08-09 19:00:00+00:00,0,0,1,False
2020-08-09 20:00:00+00:00,0,0,1,False
2020-08-09 21:00:00+00:00,0,0,1,False
2020-08-09 22:00:00+00:00,0,0,1,False
2020-08-09 23:00:00+00:00,0,0,1,False
2020-08-10 00:00:00+00:00,0,0,1,False
2020-08-10 01:00:00+00:00,0,0,1,False
2020-08-10 02:00:00+00:00,0,0,1,False
2020-08-10 03:00:00+00:00,0,0,1,False
2020-08-10 04:00:00+00:00,0,0,1,False
2020-08-10 05:00:00+00:00,0,0,1,False
2020-08-10 06:00:00+00:00,0,0,1,False
2020-08-10 07:00:00+00:00,0,0,1,False
2020-08-10 08:00:00+00:00,0,0,1,False
2020-08-10 09:00:00+00:00,0,0,1,False
2020-08-10 10:00:00+00:00,0,0,1,False
2020-08-10 11:00:00+00:00,0,0,1,False
2020-08-10 12:00:00+00:00,0,0,1,False
2020-08-10 13:00:00+00:00,0,0,1,False
2020-08-10 14:00:00+00:00,0,0,1,False
2020-08-10 15:00:00+00:00,0,0,1,False
2020-08-10 16:00:00+00:00,0,0,1,False
2020-08-10 17:00:00+00:00,0,0,1,False
2020-08-10 18:00:00+00:00,0,0,1,False
2020-08-10 19:00:00+00:00,0,0,1,False
2020-08-10 20:00:00+00:00,0,0,1,False
2020-08-10 21:00:00+00:00,0,0,1,False
2020-08-10 22:00:00+00:00,0,0,1,False
2020-08-10 23:00:00+00:00,0,0,1,False
2020-08-11 00:00:00+00:00,0,0,1,False
2020-08-11 01:00:00+00:00,0,0,1,False
2020-08-11 02:00:00+00:00,0,0,1,False
2020-08-11 03:00:00+00:00,0,0,1,False
2020-08-11 04:00:00+00:00,0,0,1,False
2020-08-11 05:00:00+00:00,0,0,1,False
2020-08-11 06:00:00+00:00,0,0,1,False
2020-08-11 07:00:00+00:00,0,0,1,False
2020-08-11 08:00:00+00:00,0,0,1,False
2020-08-11 09:00:00+00:00,0,0,1,False
2020-08-11 10:00:00+00:00,0,0,1,False
2020-08-11 11:00:00+00:00,0,0,1,False
2020-08-11 12:00:00+00:00,0,0,1,False
2020-08-11 13:00:00+00:00,0,0,1,False
2020-08-11 14:00:00+00:00,0,0,1,False
2020-08-11 15:00:00+00:00,0,0,1,False
2020-08-11 16:00:00+00:00,0,0,1,False
2020-08-11 17:00:00+00:00,0,0,1,False
2020-08-11 18:00:00+00:00,0,0,1,False
2020-08-11 19:00:00+00:00,0,0,1,False
2020-08-11 20:00:00+00:00,0,0,1,False
2020-08-11 21:00:00+00:00,0,0,1,False
2020-08-11 22:00:00+00:00,0,0,1,False
2020-08-11 23:00:00+00:00,0,0,1,False
2020-08-12 00:00:00+00:00,0,0,1,False
2020-08-12 01:00:00+00:00,0,0,1,False
2020-08-12 02:00:00+00:00,0,0,1,False
2020-08-12 03:00:00+00:00,0,0,1,False
2020-08-12 04:00:00+00:00,0,0,1,False
2020-08-12 05:00:00+00:00,0,0,1,False
2020-08-12 06:00:00+00:00,0,0,1,False
2020-08-12 07:00:00+00:00,0,0,1,False
2020-08-12 08:00:00+00:00,0,0,1,False
2020-08-12 09:00:00+00:00,0,0,1,False
2020-08-12 10:00:00+00:00,0,0,1,False
2020-08-12 11:00:00+00:00,0,0,1,False
2020-08-12 12:00:00+00:00,0,0,1,False
2020-08-12 13:00:00+00:00,0,0,1,False
2020-08-12 14:00:00+00:00,0,0,1,False
2020-08-12 15:00:00+00:00,0,0,1,False
2020-08-12 16:00:00+00:00,0.20000000000000001,0.0083333333333333714,1.1507520866505876,False
2020-08-12 17:00:00+00:00,0.20000000000000001,0.016666666666666705,1.0540640308213389,False
2020-08-12 18:00:00+00:00,0,0.016666666666666705,0.99999999402484263,False
2020-08-12 19:00:00+00:00,0,0.016666666666666705,0.99999999402484263,False
2020-08-12 20:00:00+00:00,0,0.016666666666666705,0.99999999402484263,False
2020-08-12 21:00:00+00:00,0,0.016666666666666705,0.99999999402484263,False
2020-08-12 22:00:00+00:00,0.10000000000000001,0.02083333333333337,1.0188118809199092,False
2020-08-12 23:00:00+00:00,0,0.02083333333333337,0.99999999857367472,False
2020-08-13 00:00:00+00:00,0,0.02083333333333337,0.99999999857367472,False
2020-08-13 01:00:00+00:00,0,0.02083333333333337,0.99999999857367472,False
2020-08-13 02:00:00+00:00,0,0.02083333333333337,0.99999999857367472,False
2020-08-13 03:00:00+00:00,0,0.02083333333333337,0.99999999857367472,False
2020-08-13 04:00:00+00:00,0,0.02083333333333337,0.99999999857367472,False
2020-08-13 05:00:00+00:00,0,0.02083333333333337,0.99999999857367472,False
2020-08-13 06:00:00+00:00,0.10000000000000001,0.02500000000000004,0.99999999999999978,False
2020-08-13 07:00:00+00:00,0,0.02500000000000004,4861110.3852223763,False
2020-08-13 08:00:00+00:00,0,0.02500000000000004,4861110.3852223763,False
2020-08-13 09:00:00+00:00,0,0.02500000000000004,4861110.3852223763,False
2020-08-13 10:00:00+00:00,0.29999999999999999,0.03750000000000004,1.0506615538609934,False
2020-08-13 11:00:00+00:00,0,0.03750000000000004,1,False
2020-08-13 12:00:00+00:00,0,0.03750000000000004,1,False
2020-08-13 13:00:00+00:00,0.5,0.058333333333333369,1.0895482859606545,False
2020-08-13 14:00:00+00:00,0.20000000000000001,0.066666666666666707,1.017811249294055,False
2020-08-13 15:00:00+00:00,0.10000000000000001,0.070833333333333373,1.0000000000000009,False
2020-08-13 16:00:00+00:00,0,0.062500000000000042,0.99999999999999989,False
2020-08-13 17:00:00+00:00,0,0.054166666666666696,0.99999998768346809,False
2020-08-13 18:00:00+00:00,0,0.054166666666666696,0.99999998768346809,False
2020-08-13 19:00:00+00:00,0,0.054166666666666696,0.99999998768346809,False
2020-08-13 20:00:00+00:00,0,0.054166666666666696,0.99999998768346809,False
2020-08-13 21:00:00+00:00,0,0.054166666666666696,0.99999998768346809,False
2020-08-13 22:00:00+00:00,0,0.050000000000000037,1.0000000034694447,False
2020-08-13 23:00:00+00:00,0,0.050000000000000037,1.0000000034694447,False
2020-08-14 00:00:00+00:00,0,0.050000000000000037,1.0000000034694447,False
2020-08-14 01:00:00+00:00,0,0.050000000000000037,1.0000000034694447,False
2020-08-14 02:00:00+00:00,0,0.050000000000000037,1.0000000034694447,False
2020-08-14 03:00:00+00:00,0,0.050000000000000037,1.0000000034694447,False
2020-08-14 04:00:00+00:00,0,0.050000000000000037,1.0000000034694447,False
2020-08-14 05:00:00+00:00,0,0.050000000000000037,1.0000000034694447,False
2020-08-14 06:00:00+00:00,0,0.045833333333333365,0.99999999913263848,False
2020-08-14 07:00:00+00:00,0,0.045833333333333365,0.99999999913263848,False
2020-08-14 08:00:00+00:00,0,0.045833333333333365,0.99999999913263848,False
2020-08-14 09:00:00+00:00,0,0.045833333333333365,0.99999999913263848,False
2020-08-14 10:00:00+00:00,0,0.033333333333333375,0.99999999564391973,False
2020-08-14 11:00:00+00:00,0,0.033333333333333375,0.99999999564391973,False
2020-08-14 12:00:00+00:00,0,0.033333333333333375,0.99999999564391973,False
2020-08-14 13:00:00+00:00,0,0.012500000000000039,0.99999997765580317,False
2020-08-14 14:00:00+00:00,0,0.0041666666666667039,1.0000000223032446,False
2020-08-14 15:00:00+00:00,0,0,1,False
2020-08-14 16:00:00+00:00,0,0,1,False
2020-08-14 17:00:00+00:00,0,0,1,False
2020-08-14 18:00:00+00:00,0,0,1,False
2020-08-14 19:00:00+00:00,0,0,1,False
2020-08-14 20:00:00+00:00,0,0,1,False
2020-08-14 21:00:00+00:00,0,0,1,False
2020-08-14 22:00:00+00:00,0,0,1,False
2020-08-14 23:00:00+00:00,0,0,1,False
2020-08-15 00:00:00+00:00,0,0,1,False
2020-08-15 01:00:00+00:00,0,0,1,False
2020-08-15 02:00:00+00:00,0,0,1,False
2020-08-15 03:00:00+00:00,0,0,1,False
2020-08-15 04:00:00+00:00,0,0,1,False
2020-08-15 05:00:00+00:00,0,0,1,False
2020-08-15 06:00:00+00:00,0,0,1,False
2020-08-15 07:00:00+00:00,0,0,1,False
2020-08-15 08:00:00+00:00,0,0,1,False
2020-08-15 09:00:00+00:00,0,0,1,False
2020-08-15 10:00:00+00:00,0,0,1,False
2020-08-15 11:00:00+00:00,0,0,1,False
2020-08-15 12:00:00+00:00,0,0,1,False
2020-08-15 13:00:00+00:00,0,0,1,False
2020-08-15 14:00:00+00:00,0,0,1,False
2020-08-15 15:00:00+00:00,0,0,1,False
2020-08-15 16:00:00+00:00,0,0,1,False
2020-08-15 17:00:00+00:00,0,0,1,False
2020-08-15 18:00:00+00:00,0,0,1,False
2020-08-15 19:00:00+00:00,0,0,1,False
2020-08-15 20:00:00+00:00,0,0,1,False
2020-08-15 21:00:00+00:00,0,0,1,False
2020-08-15 22:00:00+00:00,0,0,1,False
2020-08-15 23:00:00+00:00,0,0,1,False
2020-08-16 00:00:00+00:00,0,0,1,False
2020-08-16 01:00:00+00:00,0,0,1,False
2020-08-16 02:00:00+00:00,0,0,1,False
2020-08-16 03:00:00+00:00,0,0,1,False
2020-08-16 04:00:00+00:00,0,0,1,False
2020-08-16 05:00:00+00:00,0,0,1,False
2020-08-16 06:00:00+00:00,0,0,1,False
2020-08-16 07:00:00+00:00,0,0,1,False
2020-08-16 08:00:00+00:00,0,0,1,False
2020-08-16 09:00:00+00:00,0,0,1,False
2020-08-16 10:00:00+00:00,0,0,1,False
2020-08-16 11:00:00+00:00,0,0,1,False
2020-08-16 12:00:00+00:00,0,0,1,False
2020-08-16 13:00:00+00:00,0,0,1,False
2020-08-16 14:00:00+00:00,0,0,1,False
2020-08-16 15:00:00+00:00,0,0,1,False
2020-08-16 16:00:00+00:00,0,0,1,False
2020-08-16 17:00:00+00:00,0,0,1,False
2020-08-16 18:00:00+00:00,0,0,1,False
2020-08-16 19:00:00+00:00,0,0,1,False
2020-08-16 20:00:00+00:00,0,0,1,False
2020-08-16 21:00:00+00:00,0,0,1,False
2020-08-16 22:00:00+00:00,0,0,1,False
2020-08-16 23:00:00+00:00,0,0,1,False
2020-08-17 00:00:00+00:00,0,0,1,False
2020-08-17 01:00:00+00:00,0,0,1,False
2020-08-17 02:00:00+00:00,0,0,1,False
2020-08-17 03:00:00+00:00,0,0,1,False
2020-08-17 04:00:00+00:00,0,0,1,False
2020-08-17 05:00:00+00:00,0,0,1,False
2020-08-17 06:00:00+00:00,0,0,1,False
2020-08-17 07:00:00+00:00,0,0,1,False
2020-08-17 08:00:00+00:00,0,0,1,False
2020-08-17 09:00:00+00:00,0,0,1,False
2020-08-17 10:00:00+00:00,0,0,1,False
2020-08-17 11:00:00+00:00,0,0,1,False
2020-08-17 12:00:00+00:00,0,0,1,False
2020-08-17 13:00:00+00:00,0,0,1,False
2020-08-17 14:00:00+00:00,0,0,1,False
2020-08-17 15:00:00+00:00,0,0,1,False
2020-08-17 16:00:00+00:00,0,0,1,False
2020-08-17 17:00:00+00:00,0,0,1,False
2020-08-17 18:00:00+00:00,0,0,1,False
2020-08-17 19:00:00+00:00,0,0,1,False
2020-08-17 20:00:00+00:00,0,0,1,False
2020-08-17 21:00:00+00:00,0,0,1,False
2020-08-17 22:00:00+00:00,0,0,1,False
2020-08-17 23:00:00+00:00,0,0,1,False
2020-08-18 00:00:00+00:00,0,0,1,False
2020-08-18 01:00:00+00:00,0,0,1,False
2020-08-18 02:00:00+00:00,0,0,1,False
2020-08-18 03:00:00+00:00,0,0,1,False
2020-08-18 04:00:00+00:00,0,0,1,False
2020-08-18 05:00:00+00:00,0,0,1,False
2020-08-18 06:00:00+00:00,0,0,1,False
2020-08-18 07:00:00+00:00,0,0,1,False
2020-08-18 08:00:00+00:00,0,0,1,False
2020-08-18 09:00:00+00:00,0,0,1,False
2020-08-18 10:00:00+00:00,0,0,1,False
2020-08-18 11:00:00+00:00,0,0,1,False
2020-08-18 12:00:00+00:00,0,0,1,False
2020-08-18 13:00:00+00:00,0,0,1,False
2020-08-18 14:00:00+00:00,0,0,1,False
2020-08-18 15:00:00+00:00,0,0,1,False
2020-08-18 16:00:00+00:00,0.10000000000000001,0.0041666666666667039,0.99689542488043059,False
2020-08-18 17:00:00+00:00,0.20000000000000001,0.012500000000000039,1.0755502654500613,False
2020-08-18 18:00:00+00:00,0,0.012500000000000039,0.99999997765580317,False
2020-08-18 19:00:00+00:00,0,0.012500000000000039,0.99999997765580317,False
2020-08-18 20:00:00+00:00,0,0.012500000000000039,0.99999997765580317,False
2020-08-18 21:00:00+00:00,0,0.012500000000000039,0.99999997765580317,False
2020-08-18 22:00:00+00:00,0,0.012500000000000039,0.99999997765580317,False
2020-08-18 23:00:00+00:00,0,0.012500000000000039,0.99999997765580317,False
2020-08-19 00:00:00+00:00,0,0.012500000000000039,0.99999997765580317,False
2020-08-19 01:00:00+00:00,0,0.012500000000000039,0.99999997765580317,False
2020-08-19 02:00:00+00:00,0,0.012500000000000039,0.99999997765580317,False
2020-08-19 03:00:00+00:00,0,0.012500000000000039,0.99999997765580317,False
2020-08-19 04:00:00+00:00,0,0.012500000000000039,0.99999997765580317,False
2020-08-19 05:00:00+00:00,0,0.012500000000000039,0.99999997765580317,False
2020-08-19 06:00:00+00:00,0,0.012500000000000039,0.99999997765580317,False
2020-08-19 07:00:00+00:00,0,0.012500000000000039,0.99999997765580317,False
2020-08-19 08:00:00+00:00,0,0.012500000000000039,0.99999997765580317,False
2020-08-19 09:00:00+00:00,0,0.012500000000000039,0.99999997765580317,False
2020-08-19 10:00:00+00:00,0,0.012500000000000039,0.99999997765580317,False
2020-08-19 11:00:00+00:00,0,0.012500000000000039,0.99999997765580317,False
2020-08-19 12:00:00+00:00,0,0.012500000000000039,0.99999997765580317,False
2020-08-19 13:00:00+00:00,0,0.012500000000000039,0.99999997765580317,False
2020-08-19 14:00:00+00:00,0.69999999999999996,0.041666666666666706,1.0291608843426971,False
2020-08-19 15:00:00+00:00,0.40000000000000002,0.058333333333333369,1.0517229942583597,False
2020-08-19 16:00:00+00:00,0,0.054166666666666696,0.99999998768346809,False
2020-08-19 17:00:00+00:00,0,0.045833333333333372,0.99999999841947429,False
2020-08-19 18:00:00+00:00,0,0.045833333333333372,0.99999999841947429,False
2020-08-19 19:00:00+00:00,0,0.045833333333333372,0.99999999841947429,False
2020-08-19 20:00:00+00:00,0,0.045833333333333372,0.99999999841947429,False
2020-08-19 21:00:00+00:00,0,0.045833333333333372,0.99999999841947429,False
2020-08-19 22:00:00+00:00,0,0.045833333333333372,0.99999999841947429,False
2020-08-19 23:00:00+00:00,0,0.045833333333333372,0.99999999841947429,False
2020-08-20 00:00:00+00:00,0,0.045833333333333372,0.99999999841947429,False
2020-08-20 01:00:00+00:00,0,0.045833333333333372,0.99999999841947429,False
2020-08-20 02:00:00+00:00,0,0.045833333333333372,0.99999999841947429,False
2020-08-20 03:00:00+00:00,0,0.045833333333333372,0.99999999841947429,False
2020-08-20 04:00:00+00:00,0,0.045833333333333372,0.99999999841947429,False
2020-08-20 05:00:00+00:00,0,0.045833333333333372,0.99999999841947429,False
2020-08-20 06:00:00+00:00,0,0.045833333333333372,0.99999999841947429,False
2020-08-20 07:00:00+00:00,0,0.045833333333333372,0.99999999841947429,False
2020-08-20 08:00:00+00:00,0,0.045833333333333372,0.99999999841947429,False
2020-08-20 09:00:00+00:00,0,0.045833333333333372,0.99999999841947429,False
2020-08-20 10:00:00+00:00,0,0.045833333333333372,0.99999999841947429,False
2020-08-20 11:00:00+00:00,0,0.045833333333333372,0.99999999841947429,False
2020-08-20 12:00:00+00:00,0,0.045833333333333372,0.99999999841947429,False
2020-08-20 13:00:00+00:00,0,0.045833333333333372,0.99999999841947429,False
2020-08-20 14:00:00+00:00,0,0.016666666666666705,0.99999999402484263,False
2020-08-20 15:00:00+00:00,0,0,1,False
2020-08-20 16:00:00+00:00,0,0,1,False
2020-08-20 17:00:00+00:00,0.10000000000000001,0.0041666666666667039,0.99689542488043059,False
2020-08-20 18:00:00+00:00,1.3,0.058333333333333376,1.2500802960366602,False
2020-08-20 19:00:00+00:00,0.40000000000000002,0.075000000000000053,1.0410291713692856,False
2020-08-20 20:00:00+00:00,0,0.075000000000000053,0.99999999999999978,False
2020-08-20 21:00:00+00:00,0,0.075000000000000053,0.99999999999999978,False
2020-08-20 22:00:00+00:00,0.20000000000000001,0.08333333333333337,1.0150582572695377,False
2020-08-20 23:00:00+00:00,0.29999999999999999,0.095833333333333381,1.0208025568371371,False
2020-08-21 00:00:00+00:00,0,0.095833333333333381,1.0000000000000004,False
2020-08-21 01:00:00+00:00,0,0.095833333333333381,1.0000000000000004,False
2020-08-21 02:00:00+00:00,0.10000000000000001,0.10000000000000005,1.0311236457876087,False
2020-08-21 03:00:00+00:00,0,0.10000000000000005,0.99999999999999978,False
2020-08-21 04:00:00+00:00,0,0.10000000000000005,0.99999999999999978,False
2020-08-21 05:00:00+00:00,0,0.10000000000000005,0.99999999999999978,False
2020-08-21 06:00:00+00:00,0,0.10000000000000005,0.99999999999999978,False
2020-08-21 07:00:00+00:00,0,0.10000000000000005,0.99999999999999978,False
2020-08-21 08:00:00+00:00,0,0.10000000000000005,0.99999999999999978,False
2020-08-21 09:00:00+00:00,0,0.10000000000000005,0.99999999999999978,False
2020-08-21 10:00:00+00:00,0,0.10000000000000005,0.99999999999999978,False
2020-08-21 11:00:00+00:00,0,0.10000000000000005,0.99999999999999978,False
2020-08-21 12:00:00+00:00,2.6000000000000001,0.2083333333333334,1.2323088216367994,False
2020-08-21 13:00:00+00:00,3,0.33333333333333343,1.1833267163403496,False
2020-08-21 14:00:00+00:00,1,0.37500000000000006,1.0061316877035784,False
2020-08-21 15:00:00+00:00,0.40000000000000002,0.39166666666666677,1.0081467606719738,False
2020-08-21 16:00:00+00:00,0.80000000000000004,0.42500000000000004,0.98835798801721131,False
2020-08-21 17:00:00+00:00,0,0.42083333333333339,0.97275376660671542,False
2020-08-21 18:00:00+00:00,0,0.3666666666666667,1.0811605860125171,False
2020-08-21 19:00:00+00:00,0.10000000000000001,0.35416666666666669,0.98497530346023798,False
2020-08-21 20:00:00+00:00,0,0.35416666666666669,0.99882637725571555,False
2020-08-21 21:00:00+00:00,0.10000000000000001,0.35833333333333339,0.98504916739703241,False
2020-08-21 22:00:00+00:00,0.40000000000000002,0.3666666666666667,1.0112039242576829,False
2020-08-21 23:00:00+00:00,0.69999999999999996,0.38333333333333336,0.99165270628353563,False
2020-08-22 00:00:00+00:00,0.29999999999999999,0.39583333333333331,1.0811002347343293,False
2020-08-22 01:00:00+00:00,0.29999999999999999,0.40833333333333338,1.100251768880945,False
2020-08-22 02:00:00+00:00,0.10000000000000001,0.40833333333333338,1.0431614854023035,False
2020-08-22 03:00:00+00:00,0.20000000000000001,0.41666666666666674,1.0026392013997361,False
2020-08-22 04:00:00+00:00,0,0.41666666666666674,0.96372979809987602,False
2020-08-22 05:00:00+00:00,0,0.41666666666666674,0.96372979809987602,False
2020-08-22 06:00:00+00:00,0.20000000000000001,0.42500000000000004,1.006509127775606,False
2020-08-22 07:00:00+00:00,0.29999999999999999,0.43750000000000006,1.0569774072309608,False
2020-08-22 08:00:00+00:00,0.5,0.45833333333333343,1.011707426891554,False
2020-08-22 09:00:00+00:00,0.40000000000000002,0.47500000000000003,1.0095349908922056,False
2020-08-22 10:00:00+00:00,0.20000000000000001,0.48333333333333339,1.0371856614597113,False
2020-08-22 11:00:00+00:00,0.40000000000000002,0.50000000000000011,1.0117398568814846,False
2020-08-22 12:00:00+00:00,0.10000000000000001,0.39583333333333343,1.0120726122754626,False
2020-08-22 13:00:00+00:00,0.29999999999999999,0.28333333333333338,1.0613357911090704,False
2020-08-22 14:00:00+00:00,0.59999999999999998,0.26666666666666666,1.022212563141955,False
2020-08-22 15:00:00+00:00,0.69999999999999996,0.27916666666666673,1.0089177437085004,False
2020-08-22 16:00:00+00:00,0.59999999999999998,0.27083333333333337,1.0220459648884566,False
2020-08-22 17:00:00+00:00,0.5,0.29166666666666669,1.0824692295143834,False
2020-08-22 18:00:00+00:00,0.20000000000000001,0.30000000000000004,1.0275386620080742,False
2020-08-22 19:00:00+00:00,0.20000000000000001,0.3041666666666667,1.0322448886837339,False
2020-08-22 20:00:00+00:00,0,0.3041666666666667,1.0067108513838359,False
2020-08-22 21:00:00+00:00,0.10000000000000001,0.3041666666666667,1.0931997226440964,False
2020-08-22 22:00:00+00:00,0.10000000000000001,0.29166666666666669,1.049967142566709,False
2020-08-22 23:00:00+00:00,0.10000000000000001,0.26666666666666666,0.98470072741024484,False
2020-08-23 00:00:00+00:00,0.10000000000000001,0.25833333333333336,0.98272728601622439,False
2020-08-23 01:00:00+00:00,0.10000000000000001,0.25000000000000006,0.95890085295396876,False
2020-08-23 02:00:00+00:00,0.10000000000000001,0.25000000000000006,0.95890085295396876,False
2020-08-23 03:00:00+00:00,0.10000000000000001,0.24583333333333338,0.97707038221578368,False
2020-08-23 04:00:00+00:00,0.10000000000000001,0.25000000000000006,0.95890085295396876,False
2020-08-23 05:00:00+00:00,0,0.25000000000000006,0.9747130642504378,False
2020-08-23 06:00:00+00:00,0,0.2416666666666667,1.0057649875790502,False
2020-08-23 07:00:00+00:00,0,0.22916666666666671,1.0394644567890197,False
2020-08-23 08:00:00+00:00,0,0.20833333333333337,0.99999999999999933,False
2020-08-23 09:00:00+00:00,0.10000000000000001,0.19583333333333339,1.1623824921049262,False
2020-08-23 10:00:00+00:00,0.59999999999999998,0.21250000000000002,1.0493932068053484,False
2020-08-23 11:00:00+00:00,0.90000000000000002,0.23333333333333339,0.97991318113371251,False
2020-08-23 12:00:00+00:00,0.80000000000000004,0.26250000000000001,1.0026868303166829,False
2020-08-23 13:00:00+00:00,0.10000000000000001,0.25416666666666671,0.97118813704057161,False
2020-08-23 14:00:00+00:00,0,0.22916666666666671,1.0394644567890197,False
2020-08-23 15:00:00+00:00,0,0.20000000000000004,1.0826194104380038,False
2020-08-23 16:00:00+00:00,0.10000000000000001,0.17916666666666672,1.1071930483589958,False
2020-08-23 17:00:00+00:00,0.10000000000000001,0.16250000000000006,0.99632234595846192,False
2020-08-23 18:00:00+00:00,0.10000000000000001,0.15833333333333338,0.9765578398154765,False
2020-08-23 19:00:00+00:00,0.10000000000000001,0.1541666666666667,1.0220034494346948,False
2020-08-23 20:00:00+00:00,0,0.1541666666666667,0.96677061739037795,False
2020-08-23 21:00:00+00:00,0,0.15000000000000005,0.99999999999999878,False
2020-08-23 22:00:00+00:00,0,0.1458333333333334,1.0000000000000011,False
2020-08-23 23:00:00+00:00,0,0.14166666666666672,1.0000000000000011,False
2020-08-24 00:00:00+00:00,0,0.13750000000000004,0.999999999999999,False
2020-08-24 01:00:00+00:00,0,0.13333333333333339,0.99999999999999989,False
2020-08-24 02:00:00+00:00,0,0.12916666666666671,0.99999999999999989,False
2020-08-24 03:00:00+00:00,0,0.12500000000000006,1.0000000000000007,False
2020-08-24 04:00:00+00:00,0,0.12083333333333339,1,False
2020-08-24 05:00:00+00:00,0,0.12083333333333339,1,False
2020-08-24 06:00:00+00:00,0,0.12083333333333339,1,False
2020-08-24 07:00:00+00:00,0,0.12083333333333339,1,False
2020-08-24 08:00:00+00:00,0,0.12083333333333339,1,False
2020-08-24 09:00:00+00:00,0,0.11666666666666671,1.0000000000000002,False
2020-08-24 10:00:00+00:00,0,0.091666666666666716,1.0000000000000002,False
2020-08-24 11:00:00+00:00,0,0.054166666666666703,0.99999998475371288,False
2020-08-24 12:00:00+00:00,0,0.02083333333333337,0.99999999857367472,False
2020-08-24 13:00:00+00:00,0,0.016666666666666705,0.99999999402484263,False
2020-08-24 14:00:00+00:00,0.10000000000000001,0.02083333333333337,1.0188118809199092,False
2020-08-24 15:00:00+00:00,0.10000000000000001,0.02500000000000004,0.99999999999999978,False
2020-08-24 16:00:00+00:00,0.29999999999999999,0.033333333333333368,1.0608427451304776,False
2020-08-24 17:00:00+00:00,0.10000000000000001,0.033333333333333368,1.0000000000000007,False
2020-08-24 18:00:00+00:00,0.10000000000000001,0.033333333333333375,1.0000000000000009,False
2020-08-24 19:00:00+00:00,0.10000000000000001,0.033333333333333375,1.0000000000000009,False
2020-08-24 20:00:00+00:00,0,0.033333333333333375,0.99999999564391973,False
2020-08-24 21:00:00+00:00,0,0.033333333333333375,0.99999999564391973,False
2020-08-24 22:00:00+00:00,0,0.033333333333333375,0.99999999564391973,False
2020-08-24 23:00:00+00:00,0,0.033333333333333375,0.99999999564391973,False
2020-08-25 00:00:00+00:00,0,0.033333333333333375,0.99999999564391973,False
2020-08-25 01:00:00+00:00,0,0.033333333333333375,0.99999999564391973,False
2020-08-25 02:00:00+00:00,0,0.033333333333333375,0.99999999564391973,False
2020-08-25 03:00:00+00:00,0,0.033333333333333375,0.99999999564391973,False
2020-08-25 04:00:00+00:00,0,0.033333333333333375,0.99999999564391973,False
2020-08-25 05:00:00+00:00,0,0.033333333333333375,0.99999999564391973,False
2020-08-25 06:00:00+00:00,0.10000000000000001,0.03750000000000004,1.0000000000000016,False
2020-08-25 07:00:00+00:00,0.10000000000000001,0.041666666666666706,1.0000000000000013,False
2020-08-25 08:00:00+00:00,0.10000000000000001,0.045833333333333372,0.99999999999999978,False
2020-08-25 09:00:00+00:00,0,0.045833333333333372,0.99999999841947429,False
2020-08-25 10:00:00+00:00,0,0.045833333333333372,0.99999999841947429,False
2020-08-25 11:00:00+00:00,0,0.045833333333333372,0.99999999841947429,False
2020-08-25 12:00:00+00:00,0,0.045833333333333372,0.99999999841947429,False
2020-08-25 13:00:00+00:00,0,0.045833333333333372,0.99999999841947429,False
2020-08-25 14:00:00+00:00,0,0.041666666666666706,5555554.1494307965,False
2020-08-25 15:00:00+00:00,0,0.037500000000000033,1388889.4536018989,False
2020-08-25 16:00:00+00:00,0,0.02500000000000004,4861110.3852223763,False
2020-08-25 17:00:00+00:00,0,0.02083333333333337,0.99999999857367472,False
2020-08-25 18:00:00+00:00,0,0.016666666666666705,0.99999999402484263,False
2020-08-25 19:00:00+00:00,0,0.012500000000000039,0.99999997765580317,False
2020-08-25 20:00:00+00:00,0,0.012500000000000039,0.99999997765580317,False
2020-08-25 21:00:00+00:00,0,0.012500000000000039,0.99999997765580317,False
2020-08-25 22:00:00+00:00,0,0.012500000000000039,0.99999997765580317,False
2020-08-25 23:00:00+00:00,0,0.012500000000000039,0.99999997765580317,False
2020-08-26 00:00:00+00:00,0,0.012500000000000039,0.99999997765580317,False
2020-08-26 01:00:00+00:00,0,0.012500000000000039,0.99999997765580317,False
2020-08-26 02:00:00+00:00,0,0.012500000000000039,0.99999997765580317,False
2020-08-26 03:00:00+00:00,0,0.012500000000000039,0.99999997765580317,False
2020-08-26 04:00:00+00:00,0,0.012500000000000039,0.99999997765580317,False
2020-08-26 05:00:00+00:00,0,0.012500000000000039,0.99999997765580317,False
2020-08-26 06:00:00+00:00,0,0.0083333333333333714,1.0000000073388435,False
2020-08-26 07:00:00+00:00,0,0.0041666666666667039,1.0000000223032446,False
2020-08-26 08:00:00+00:00,0,0,1,False
2020-08-26 09:00:00+00:00,0,0,1,False
2020-08-26 10:00:00+00:00,0,0,1,False
2020-08-26 11:00:00+00:00,0,0,1,False
2020-08-26 12:00:00+00:00,0,0,1,False
2020-08-26 13:00:00+00:00,0,0,1,False
2020-08-26 14:00:00+00:00,0,0,1,False
2020-08-26 15:00:00+00:00,0,0,1,False
2020-08-26 16:00:00+00:00,0,0,1,False
2020-08-26 17:00:00+00:00,0,0,1,False
2020-08-26 18:00:00+00:00,0,0,1,False
2020-08-26 19:00:00+00:00,0,0,1,False
2020-08-26 20:00:00+00:00,0,0,1,False
2020-08-26 21:00:00+00:00,0,0,1,False
2020-08-26 22:00:00+00:00,0,0,1,False
2020-08-26 23:00:00+00:00,0,0,1,False
2020-08-27 00:00:00+00:00,0,0,1,False
2020-08-27 01:00:00+00:00,0,0,1,False
2020-08-27 02:00:00+00:00,0,0,1,False
2020-08-27 03:00:00+00:00,0,0,1,False
2020-08-27 04:00:00+00:00,0,0,1,False
2020-08-27 05:00:00+00:00,0,0,1,False
2020-08-27 06:00:00+00:00,0,0,1,False
2020-08-27 07:00:00+00:00,0,0,1,False
2020-08-27 08:00:00+00:00,0,0,1,False
2020-08-27 09:00:00+00:00,0,0,1,False
2020-08-27 10:00:00+00:00,0,0,1,False
2020-08-27 11:00:00+00:00,0,0,1,False
2020-08-27 12:00:00+00:00,0,0,1,False
2020-08-27 13:00:00+00:00,0,0,1,False
2020-08-27 14:00:00+00:00,0,0,1,False
2020-08-27 15:00:00+00:00,0,0,1,False
2020-08-27 16:00:00+00:00,0,0,1,False
2020-08-27 17:00:00+00:00,0,0,1,False
2020-08-27 18:00:00+00:00,0,0,1,False
2020-08-27 19:00:00+00:00,0,0,1,False
2020-08-27 20:00:00+00:00,0,0,1,False
2020-08-27 21:00:00+00:00,0,0,1,False
2020-08-27 22:00:00+00:00,0,0,1,False
2020-08-27 23:00:00+00:00,0,0,1,False
2020-08-28 00:00:00+00:00,0,0,1,False
2020-08-28 01:00:00+00:00,0,0,1,False
2020-08-28 02:00:00+00:00,0,0,1,False
2020-08-28 03:00:00+00:00,0,0,1,False
2020-08-28 04:00:00+00:00,0,0,1,False
2020-08-28 05:00:00+00:00,0,0,1,False
2020-08-28 06:00:00+00:00,0,0,1,False
2020-08-28 07:00:00+00:00,0,0,1,False
2020-08-28 08:00:00+00:00,0,0,1,False
2020-08-28 09:00:00+00:00,0,0,1,False
2020-08-28 10:00:00+00:00,0,0,1,False
2020-08-28 11:00:00+00:00,0,0,1,False
2020-08-28 12:00:00+00:00,0.10000000000000001,0.0041666666666667039,0.99689542488043059,False
2020-08-28 13:00:00+00:00,0.29999999999999999,0.016666666666666705,1.1745327143063746,False
2020-08-28 14:00:00+00:00,0.5,0.037500000000000033,1.1180429113801333,False
2020-08-28 15:00:00+00:00,0.20000000000000001,0.045833333333333372,0.99921590220736478,False
2020-08-28 16:00:00+00:00,0,0.045833333333333372,0.99999999841947429,False
2020-08-28 17:00:00+00:00,0,0.045833333333333372,0.99999999841947429,False
2020-08-28 18:00:00+00:00,0.10000000000000001,0.050000000000000037,0.99999999999999922,False
2020-08-28 19:00:00+00:00,0.10000000000000001,0.054166666666666703,0.99999999999999944,False
2020-08-28 20:00:00+00:00,0,0.054166666666666703,0.99999998475371288,False
2020-08-28 21:00:00+00:00,0,0.054166666666666703,0.99999998475371288,False
2020-08-28 22:00:00+00:00,0,0.054166666666666703,0.99999998475371288,False
2020-08-28 23:00:00+00:00,0,0.054166666666666703,0.99999998475371288,False
2020-08-29 00:00:00+00:00,0,0.054166666666666703,0.99999998475371288,False
2020-08-29 01:00:00+00:00,0,0.054166666666666703,0.99999998475371288,False
2020-08-29 02:00:00+00:00,0,0.054166666666666703,0.99999998475371288,False
2020-08-29 03:00:00+00:00,0,0.054166666666666703,0.99999998475371288,False
2020-08-29 04:00:00+00:00,0,0.054166666666666703,0.99999998475371288,False
2020-08-29 05:00:00+00:00,0,0.054166666666666703,0.99999998475371288,False
2020-08-29 06:00:00+00:00,0,0.054166666666666703,0.99999998475371288,False
2020-08-29 07:00:00+00:00,0,0.054166666666666703,0.99999998475371288,False
2020-08-29 08:00:00+00:00,0,0.054166666666666703,0.99999998475371288,False
2020-08-29 09:00:00+00:00,0,0.054166666666666703,0.99999998475371288,False
2020-08-29 10:00:00+00:00,0,0.054166666666666703,0.99999998475371288,False
2020-08-29 11:00:00+00:00,0,0.054166666666666703,0.99999998475371288,False
2020-08-29 12:00:00+00:00,0,0.050000000000000037,1.0000000034694447,False
2020-08-29 13:00:00+00:00,0,0.037500000000000033,1388889.4536018989,False
2020-08-29 14:00:00+00:00,0.20000000000000001,0.025000000000000036,0.99559773657824302,False
2020-08-29 15:00:00+00:00,0.20000000000000001,0.025000000000000036,0.99559773657824302,False
2020-08-29 16:00:00+00:00,0,0.025000000000000036,5555554.5851190677,False
2020-08-29 17:00:00+00:00,0,0.025000000000000036,5555554.5851190677,False
2020-08-29 18:00:00+00:00,0,0.02083333333333337,0.99999999857367472,False
2020-08-29 19:00:00+00:00,0,0.016666666666666701,1.0000000020913051,False
2020-08-29 20:00:00+00:00,0,0.016666666666666701,1.0000000020913051,False
2020-08-29 21:00:00+00:00,0,0.016666666666666701,1.0000000020913051,False
2020-08-29 22:00:00+00:00,0,0.016666666666666701,1.0000000020913051,False
2020-08-29 23:00:00+00:00,0,0.016666666666666701,1.0000000020913051,False
2020-08-30 00:00:00+00:00,0,0.016666666666666701,1.0000000020913051,False
2020-08-30 01:00:00+00:00,0,0.016666666666666701,1.0000000020913051,False
2020-08-30 02:00:00+00:00,0,0.016666666666666701,1.0000000020913051,False
2020-08-30 03:00:00+00:00,0,0.016666666666666701,1.0000000020913051,False
2020-08-30 04:00:00+00:00,0,0.016666666666666701,1.0000000020913051,False
2020-08-30 05:00:00+00:00,0,0.016666666666666701,1.0000000020913051,False
2020-08-30 06:00:00+00:00,0,0.016666666666666701,1.0000000020913051,False
2020-08-30 07:00:00+00:00,0,0.016666666666666701,1.0000000020913051,False
2020-08-30 08:00:00+00:00,0,0.016666666666666701,1.0000000020913051,False
2020-08-30 09:00:00+00:00,0,0.016666666666666701,1.0000000020913051,False
2020-08-30 10:00:00+00:00,0,0.016666666666666701,1.0000000020913051,False
2020-08-30 11:00:00+00:00,0,0.016666666666666701,1.0000000020913051,False
2020-08-30 12:00:00+00:00,0,0.016666666666666701,1.0000000020913051,False
2020-08-30 13:00:00+00:00,0,0.016666666666666701,1.0000000020913051,False
2020-08-30 14:00:00+00:00,0,0.0083333333333333679,0.99999999547044527,False
2020-08-30 15:00:00+00:00,0,0,1,False
2020-08-30 16:00:00+00:00,0,0,1,False
2020-08-30 17:00:00+00:00,0,0,1,False
2020-08-30 18:00:00+00:00,0,0,1,False
2020-08-30 19:00:00+00:00,0,0,1,False
2020-08-30 20:00:00+00:00,0,0,1,False
2020-08-30 21:00:00+00:00,0,0,1,False
2020-08-30 22:00:00+00:00,0,0,1,False
2020-08-30 23:00:00+00:00,0,0,1,False
2020-08-31 00:00:00+00:00,0,0,1,False
2020-08-31 01:00:00+00:00,0,0,1,False
2020-08-31 02:00:00+00:00,0,0,1,False
2020-08-31 03:00:00+00:00,0,0,1,False
2020-08-31 04:00:00+00:00,0,0,1,False
2020-08-31 05:00:00+00:00,0,0,1,False
2020-08-31 06:00:00+00:00,0,0,1,False
2020-08-31 07:00:00+00:00,0,0,1,False
2020-08-31 08:00:00+00:00,0,0,1,False
2020-08-31 09:00:00+00:00,0,0,1,False
2020-08-31 10:00:00+00:00,0,0,1,False
2020-08-31 11:00:00+00:00,0,0,1,False
2020-08-31 12:00:00+00:00,0,0,1,False
2020-08-31 13:00:00+00:00,0,0,1,False
2020-08-31 14:00:00+00:00,0,0,1,False
2020-08-31 15:00:00+00:00,0,0,1,False
2020-08-31 16:00:00+00:00,0,0,1,False
2020-08-31 17:00:00+00:00,0,0,1,False
2020-08-31 18:00:00+00:00,0,0,1,False
2020-08-31 19:00:00+00:00,0,0,1,False
2020-08-31 20:00:00+00:00,0,0,1,False
2020-08-31 21:00:00+00:00,0,0,1,False
2020-08-31 22:00:00+00:00,0,0,1,False
2020-08-31 23:00:00+00:00,0,0,1,False
2020-09-01 00:00:00+00:00,0,0,1,False
2020-09-01 01:00:00+00:00,0,0,1,False
2020-09-01 02:00:00+00:00,0,0,1,False
2020-09-01 03:00:00+00:00,0,0,1,False
2020-09-01 04:00:00+00:00,0,0,1,False
2020-09-01 05:00:00+00:00,0,0,1,False
2020-09-01 06:00:00+00:00,0,0,1,False
2020-09-01 07:00:00+00:00,0,0,1,False
2020-09-01 08:00:00+00:00,0,0,1,False
2020-09-01 09:00:00+00:00,0,0,1,False
2020-09-01 10:00:00+00:00,0,0,1,False
2020-09-01 11:00:00+00:00,0,0,1,False
2020-09-01 12:00:00+00:00,0,0,1,False
2020-09-01 13:00:00+00:00,0,0,1,False
2020-09-01 14:00:00+00:00,0,0,1,False
2020-09-01 15:00:00+00:00,0,0,1,False
2020-09-01 16:00:00+00:00,0,0,1,False
2020-09-01 17:00:00+00:00,0,0,1,False
2020-09-01 18:00:00+00:00,0,0,1,False
2020-09-01 19:00:00+00:00,0,0,1,False
2020-09-01 20:00:00+00:00,0,0,1,False
2020-09-01 21:00:00+00:00,0,0,1,False
2020-09-01 22:00:00+00:00,0,0,1,False
2020-09-01 23:00:00+00:00,0,0,1,False
2020-09-02 00:00:00+00:00,0,0,1,False
2020-09-02 01:00:00+00:00,0,0,1,False
2020-09-02 02:00:00+00:00,0,0,1,False
2020-09-02 03:00:00+00:00,0,0,1,False
2020-09-02 04:00:00+00:00,0,0,1,False
2020-09-02 05:00:00+00:00,0,0,1,False
2020-09-02 06:00:00+00:00,0,0,1,False
2020-09-02 07:00:00+00:00,0,0,1,False
2020-09-02 08:00:00+00:00,0,0,1,False
2020-09-02 09:00:00+00:00,0,0,1,False
2020-09-02 10:00:00+00:00,0,0,1,False
2020-09-02 11:00:00+00:00,0,0,1,False
2020-09-02 12:00:00+00:00,0,0,1,False
2020-09-02 13:00:00+00:00,0,0,1,False
2020-09-02 14:00:00+00:00,0,0,1,False
2020-09-02 15:00:00+00:00,0,0,1,False
2020-09-02 16:00:00+00:00,0,0,1,False
2020-09-02 17:00:00+00:00,0,0,1,False
2020-09-02 18:00:00+00:00,0,0,1,False
2020-09-02 19:00:00+00:00,0,0,1,False
2020-09-02 20:00:00+00:00,0,0,1,False
2020-09-02 21:00:00+00:00,0,0,1,False
2020-09-02 22:00:00+00:00,0.10000000000000001,0.0041666666666667013,0.99689542488043059,False
2020-09-02 23:00:00+00:00,0,0.0041666666666667013,1.0000000281820283,False
2020-09-03 00:00:00+00:00,0,0.0041666666666667013,1.0000000281820283,False
2020-09-03 01:00:00+00:00,0,0.0041666666666667013,1.0000000281820283,False
2020-09-03 02:00:00+00:00,0,0.0041666666666667013,1.0000000281820283,False
2020-09-03 03:00:00+00:00,0,0.0041666666666667013,1.0000000281820283,False
2020-09-03 04:00:00+00:00,0,0.0041666666666667013,1.0000000281820283,False
2020-09-03 05:00:00+00:00,0,0.0041666666666667013,1.0000000281820283,False
2020-09-03 06:00:00+00:00,0,0.0041666666666667013,1.0000000281820283,False
2020-09-03 07:00:00+00:00,0,0.0041666666666667013,1.0000000281820283,False
2020-09-03 08:00:00+00:00,0,0.0041666666666667013,1.0000000281820283,False
2020-09-03 09:00:00+00:00,0,0.0041666666666667013,1.0000000281820283,False
2020-09-03 10:00:00+00:00,0,0.0041666666666667013,1.0000000281820283,False
2020-09-03 11:00:00+00:00,0,0.0041666666666667013,1.0000000281820283,False
2020-09-03 12:00:00+00:00,0.69999999999999996,0.033333333333333368,1.04662778065716,False
2020-09-03 13:00:00+00:00,1.8,0.10833333333333338,1.2041042541670772,False
2020-09-03 14:00:00+00:00,0.29999999999999999,0.12083333333333336,0.96247836763210459,False
2020-09-03 15:00:00+00:00,0.10000000000000001,0.12500000000000003,0.93972431117063704,False
2020-09-03 16:00:00+00:00,2.1000000000000001,0.21250000000000005,1.1907173960186783,False
2020-09-03 17:00:00+00:00,2.6000000000000001,0.32083333333333336,1.1658552802358271,False
2020-09-03 18:00:00+00:00,3.7999999999999998,0.47916666666666669,1.3157504825006383,False
2020-09-03 19:00:00+00:00,0.69999999999999996,0.50833333333333341,1.0002196712696483,False
2020-09-03 20:00:00+00:00,0.40000000000000002,0.52500000000000002,1.0188042723177004,False
2020-09-03 21:00:00+00:00,0.29999999999999999,0.53749999999999998,1.0233299396121138,False
2020-09-03 22:00:00+00:00,0.20000000000000001,0.54166666666666674,1.0414734641419321,False
2020-09-03 23:00:00+00:00,1,0.58333333333333337,1.0276088949287956,False
2020-09-04 00:00:00+00:00,0.5,0.60416666666666674,1.0129430232057504,False
2020-09-04 01:00:00+00:00,0.10000000000000001,0.60833333333333339,1.0114367030455953,False
2020-09-04 02:00:00+00:00,0,0.60833333333333339,0.97077648471915434,False
2020-09-04 03:00:00+00:00,0,0.60833333333333339,0.97077648471915434,False
2020-09-04 04:00:00+00:00,0,0.60833333333333339,0.97077648471915434,False
2020-09-04 05:00:00+00:00,0.10000000000000001,0.61250000000000004,1.0114367030455953,False
2020-09-04 06:00:00+00:00,0,0.61250000000000004,0.96665619422711713,False
2020-09-04 07:00:00+00:00,0,0.61250000000000004,0.96665619422711713,False
2020-09-04 08:00:00+00:00,0,0.61250000000000004,0.96665619422711713,False
2020-09-04 09:00:00+00:00,0,0.61250000000000004,0.96665619422711713,False
2020-09-04 10:00:00+00:00,0,0.61250000000000004,0.96665619422711713,False
2020-09-04 11:00:00+00:00,0.10000000000000001,0.6166666666666667,1.0105521898799521,False
2020-09-04 12:00:00+00:00,0.29999999999999999,0.59999999999999998,1.0031986358135734,False
2020-09-04 13:00:00+00:00,0.29999999999999999,0.53749999999999998,1.0233299396121138,False
2020-09-04 14:00:00+00:00,0.40000000000000002,0.54166666666666663,1.0175213102162819,False
2020-09-04 15:00:00+00:00,0.69999999999999996,0.56666666666666676,1.0230703899958786,False
2020-09-04 16:00:00+00:00,0.80000000000000004,0.51250000000000007,1.0063648660796285,False
2020-09-04 17:00:00+00:00,2.7000000000000002,0.51666666666666672,1.0805915398217112,False
2020-09-04 18:00:00+00:00,1.7,0.4291666666666667,1.0093566885809997,False
2020-09-04 19:00:00+00:00,0.40000000000000002,0.41666666666666674,1.0037098518752474,False
2020-09-04 20:00:00+00:00,0.20000000000000001,0.40833333333333338,1.0038337656382452,False
2020-09-04 21:00:00+00:00,0.20000000000000001,0.40416666666666673,1.0088067718088738,False
2020-09-04 22:00:00+00:00,0.20000000000000001,0.40416666666666673,1.0088067718088738,False
2020-09-04 23:00:00+00:00,0.20000000000000001,0.3708333333333334,1.0322530938769459,False
2020-09-05 00:00:00+00:00,0.10000000000000001,0.35416666666666674,0.98286046635595026,False
2020-09-05 01:00:00+00:00,0,0.35000000000000009,0.97745686742743865,False
2020-09-05 02:00:00+00:00,0,0.35000000000000009,0.97745686742743865,False
2020-09-05 03:00:00+00:00,0.10000000000000001,0.35416666666666674,0.98286046635595026,False
2020-09-05 04:00:00+00:00,0,0.35416666666666674,0.99882637725571599,False
2020-09-05 05:00:00+00:00,0,0.35000000000000003,0.9764790191980387,False
2020-09-05 06:00:00+00:00,0,0.35000000000000003,0.9764790191980387,False
2020-09-05 07:00:00+00:00,0.10000000000000001,0.35416666666666669,0.98497530346023798,False
2020-09-05 08:00:00+00:00,0.10000000000000001,0.35833333333333334,0.98504916739703241,False
2020-09-05 09:00:00+00:00,0,0.35833333333333334,1.028232100449006,False
2020-09-05 10:00:00+00:00,0.10000000000000001,0.36250000000000004,0.98281949323242679,False
2020-09-05 11:00:00+00:00,0.20000000000000001,0.3666666666666667,1.0307791911961119,False
2020-09-05 12:00:00+00:00,0.10000000000000001,0.35833333333333339,0.98504916739703241,False
2020-09-05 13:00:00+00:00,0.10000000000000001,0.35000000000000003,0.9894812995347686,False
2020-09-05 14:00:00+00:00,0.10000000000000001,0.33750000000000008,1.0125892998076993,False
2020-09-05 15:00:00+00:00,0.10000000000000001,0.31250000000000006,1.0892175174239249,False
2020-09-05 16:00:00+00:00,0,0.27916666666666673,0.98657626641912011,False
2020-09-05 17:00:00+00:00,0,0.16666666666666671,0.97234260166698971,False
2020-09-05 18:00:00+00:00,0.10000000000000001,0.10000000000000002,1.0311236457876085,False
2020-09-05 19:00:00+00:00,0.10000000000000001,0.087500000000000022,0.99354838717169625,False
2020-09-05 20:00:00+00:00,0.20000000000000001,0.087500000000000022,1.006547619015125,False
2020-09-05 21:00:00+00:00,0.10000000000000001,0.083333333333333356,0.99999999999999978,False
2020-09-05 22:00:00+00:00,0.29999999999999999,0.087500000000000022,1.0201711642086646,False
2020-09-05 23:00:00+00:00,0.29999999999999999,0.091666666666666674,1.0271327548956739,False
2020-09-06 00:00:00+00:00,0.20000000000000001,0.09583333333333334,1.0000000000000002,False
2020-09-06 01:00:00+00:00,0,0.09583333333333334,0.99999999999999956,False
2020-09-06 02:00:00+00:00,0,0.09583333333333334,0.99999999999999956,False
2020-09-06 03:00:00+00:00,0,0.091666666666666688,0.99999999999999967,False
2020-09-06 04:00:00+00:00,0,0.091666666666666688,0.99999999999999967,False
2020-09-06 05:00:00+00:00,0.10000000000000001,0.095833333333333368,0.97593589104208911,False
2020-09-06 06:00:00+00:00,0.10000000000000001,0.10000000000000003,1.0311236457876085,False
2020-09-06 07:00:00+00:00,0.20000000000000001,0.10416666666666669,0.99999999999999956,False
2020-09-06 08:00:00+00:00,0.20000000000000001,0.10833333333333335,1.0000000000000002,False
2020-09-06 09:00:00+00:00,0.10000000000000001,0.11250000000000003,1.1067575779538024,False
2020-09-06 10:00:00+00:00,0,0.10833333333333335,1.0000000000000011,False
2020-09-06 11:00:00+00:00,0,0.10000000000000003,1.0000000000000009,False
2020-09-06 12:00:00+00:00,0,0.095833333333333368,1.0000000000000007,False
2020-09-06 13:00:00+00:00,0.20000000000000001,0.10000000000000002,1.0000000000000002,False
2020-09-06 14:00:00+00:00,0,0.09583333333333334,0.99999999999999956,False
2020-09-06 15:00:00+00:00,0,0.091666666666666674,0.99999999999999967,False
2020-09-06 16:00:00+00:00,0,0.091666666666666674,0.99999999999999967,False
2020-09-06 17:00:00+00:00,0,0.091666666666666674,0.99999999999999967,False
2020-09-06 18:00:00+00:00,0,0.087500000000000022,1.0000000000000013,False
2020-09-06 19:00:00+00:00,0,0.083333333333333356,1.0000000000000007,False
2020-09-06 20:00:00+00:00,0,0.075000000000000025,1.0000000000000007,False
2020-09-06 21:00:00+00:00,0,0.070833333333333359,0.99999999999999956,False
2020-09-06 22:00:00+00:00,0,0.058333333333333355,11111108.207181325,True
2020-09-06 23:00:00+00:00,0,0.045833333333333358,0.99999999878569457,False
2020-09-07 00:00:00+00:00,0,0.037500000000000026,2777777.9184473688,False
2020-09-07 01:00:00+00:00,0,0.037500000000000026,2777777.9184473688,False
2020-09-07 02:00:00+00:00,0,0.037500000000000026,2777777.9184473688,False
2020-09-07 03:00:00+00:00,0,0.037500000000000026,2777777.9184473688,False
2020-09-07 04:00:00+00:00,0,0.037500000000000026,2777777.9184473688,False
2020-09-07 05:00:00+00:00,0,0.033333333333333354,1.0000000811464886,False
2020-09-07 06:00:00+00:00,0,0.029166666666666688,1.0000000000000013,False
2020-09-07 07:00:00+00:00,0,0.020833333333333353,1.0000000744099782,False
2020-09-07 08:00:00+00:00,0,0.01250000000000002,1.0000000019756605,False
2020-09-07 09:00:00+00:00,0,0.0083333333333333523,1.0000000013829602,False
2020-09-07 10:00:00+00:00,0,0.0083333333333333523,1.0000000013829602,False
2020-09-07 11:00:00+00:00,0,0.0083333333333333523,1.0000000013829602,False
2020-09-07 12:00:00+00:00,0,0.0083333333333333523,1.0000000013829602,False
2020-09-07 13:00:00+00:00,0.10000000000000001,0.0041666666666666857,0.99689542488043115,False
2020-09-07 14:00:00+00:00,0.29999999999999999,0.016666666666666687,1.1745327143063753,False
2020-09-07 15:00:00+00:00,0.69999999999999996,0.045833333333333358,1.0221738539556209,False
2020-09-07 16:00:00+00:00,0.40000000000000002,0.062500000000000014,1.0464811861011696,False
2020-09-07 17:00:00+00:00,0.40000000000000002,0.079166666666666677,1.0208552954986576,False
2020-09-07 18:00:00+00:00,0.40000000000000002,0.095833333333333368,0.97572617354202651,False
2020-09-07 19:00:00+00:00,0.29999999999999999,0.10833333333333335,0.98003696530835926,False
2020-09-07 20:00:00+00:00,0.20000000000000001,0.1166666666666667,0.99983498349913436,False
2020-09-07 21:00:00+00:00,0.20000000000000001,0.12500000000000003,0.99168178006746366,False
2020-09-07 22:00:00+00:00,0.20000000000000001,0.13333333333333336,0.96447856526890141,False
2020-09-07 23:00:00+00:00,0.20000000000000001,0.14166666666666669,0.97543707472062746,False
2020-09-08 00:00:00+00:00,0.29999999999999999,0.1541666666666667,0.99285252414472036,False
2020-09-08 01:00:00+00:00,0.10000000000000001,0.15833333333333335,0.97655783981547661,False
2020-09-08 02:00:00+00:00,0.20000000000000001,0.16666666666666671,1.034086809689946,False
2020-09-08 03:00:00+00:00,0.10000000000000001,0.17083333333333336,1.0540190150070017,False
2020-09-08 04:00:00+00:00,0.40000000000000002,0.18750000000000003,1.0191658815714892,False
2020-09-08 05:00:00+00:00,0.5,0.20833333333333337,1.0153455947480907,False
2020-09-08 06:00:00+00:00,0.69999999999999996,0.23750000000000002,1.0022207067655491,False
2020-09-08 07:00:00+00:00,0.90000000000000002,0.27500000000000002,0.99441582707193099,False
2020-09-08 08:00:00+00:00,1,0.31666666666666671,0.98256274892150297,False
2020-09-08 09:00:00+00:00,0.59999999999999998,0.34166666666666673,1.0064798102587997,False
2020-09-08 10:00:00+00:00,0.5,0.36250000000000004,1.0156319221989749,False
2020-09-08 11:00:00+00:00,0.59999999999999998,0.38750000000000001,0.99372825036672341,False
2020-09-08 12:00:00+00:00,0.59999999999999998,0.41250000000000003,0.99071247225500991,False
2020-09-08 13:00:00+00:00,0.69999999999999996,0.4375,0.99118799865117979,False
2020-09-08 14:00:00+00:00,0.80000000000000004,0.45833333333333331,0.98782724507450725,False
2020-09-08 15:00:00+00:00,0.90000000000000002,0.46666666666666673,1.007222954349718,False
2020-09-08 16:00:00+00:00,0.69999999999999996,0.47916666666666669,0.99398600101203571,False
2020-09-08 17:00:00+00:00,0.80000000000000004,0.49583333333333335,1.0000885266613708,False
2020-09-08 18:00:00+00:00,0.59999999999999998,0.50416666666666665,1.0094941077575017,False
2020-09-08 19:00:00+00:00,0.20000000000000001,0.5,1.0607970137297196,False
2020-09-08 20:00:00+00:00,0.10000000000000001,0.49583333333333335,1.2014955595622612,False
2020-09-08 21:00:00+00:00,0.10000000000000001,0.4916666666666667,1.2293754960526624,False
2020-09-08 22:00:00+00:00,0.20000000000000001,0.4916666666666667,1.0610854297370789,False
2020-09-08 23:00:00+00:00,0.10000000000000001,0.48749999999999999,1.2382285586957147,False
2020-09-09 00:00:00+00:00,0,0.47500000000000003,1.0136232705556127,False
2020-09-09 01:00:00+00:00,0,0.47083333333333327,1.0319687859491198,False
2020-09-09 02:00:00+00:00,0.10000000000000001,0.46666666666666673,1.2292804001538624,False
2020-09-09 03:00:00+00:00,0.29999999999999999,0.47500000000000003,1.0612277973155542,False
2020-09-09 04:00:00+00:00,0.59999999999999998,0.48333333333333339,1.0038159660304879,False
2020-09-09 05:00:00+00:00,0.80000000000000004,0.49583333333333335,1.0000885266613708,False
2020-09-09 06:00:00+00:00,0.29999999999999999,0.47916666666666674,1.0509755209265306,False
2020-09-09 07:00:00+00:00,0,0.44166666666666671,1.0517264733644127,False
2020-09-09 08:00:00+00:00,0,0.40000000000000008,1.027195115344306,False
2020-09-09 09:00:00+00:00,0,0.37500000000000006,1.1176306341700988,False
2020-09-09 10:00:00+00:00,0.10000000000000001,0.35833333333333339,0.98504916739703241,False
2020-09-09 11:00:00+00:00,0.40000000000000002,0.35000000000000003,1.0154687650448651,False
2020-09-09 12:00:00+00:00,0.29999999999999999,0.33749999999999997,1.0827604055940334,False
2020-09-09 13:00:00+00:00,0.5,0.32916666666666672,1.0268841049893347,False
2020-09-09 14:00:00+00:00,0.90000000000000002,0.33333333333333331,1.0068805624535146,False
2020-09-09 15:00:00+00:00,0.5,0.31666666666666671,1.0357960524347314,False
2020-09-09 16:00:00+00:00,0.5,0.30833333333333335,1.0559578554590514,False
2020-09-09 17:00:00+00:00,0.5,0.29583333333333334,1.067241569324743,False
2020-09-09 18:00:00+00:00,0.20000000000000001,0.27916666666666667,0.99641294061108987,False
2020-09-09 19:00:00+00:00,0.10000000000000001,0.27500000000000008,0.99449211001655646,False
2020-09-09 20:00:00+00:00,0.10000000000000001,0.27500000000000002,0.99320702518937065,False
2020-09-09 21:00:00+00:00,0.10000000000000001,0.27500000000000002,0.99320702518937065,False
2020-09-09 22:00:00+00:00,0.10000000000000001,0.27083333333333337,0.99223820082725878,False
2020-09-09 23:00:00+00:00,0.10000000000000001,0.27083333333333337,0.99223820082725878,False
2020-09-10 00:00:00+00:00,0.10000000000000001,0.27500000000000008,0.99449211001655646,False
2020-09-10 01:00:00+00:00,0.10000000000000001,0.27916666666666673,1.0162884952986111,False
2020-09-10 02:00:00+00:00,0.10000000000000001,0.27916666666666667,1.0169395294478893,False
2020-09-10 03:00:00+00:00,0.10000000000000001,0.27083333333333337,0.99223820082725878,False
2020-09-10 04:00:00+00:00,0,0.24583333333333335,0.97524765600162822,False
2020-09-10 05:00:00+00:00,0,0.21250000000000002,0.99999999999999933,False
2020-09-10 06:00:00+00:00,0,0.20000000000000004,1.0826194104380038,False
2020-09-10 07:00:00+00:00,0,0.20000000000000004,1.0826194104380038,False
2020-09-10 08:00:00+00:00,0,0.20000000000000004,1.0826194104380038,False
2020-09-10 09:00:00+00:00,0,0.20000000000000004,1.0826194104380038,False
2020-09-10 10:00:00+00:00,0,0.19583333333333339,1.2666463582935834,False
2020-09-10 11:00:00+00:00,0,0.1791666666666667,1.290301688067321,False
2020-09-10 12:00:00+00:00,0,0.16666666666666671,0.97234260166698971,False
2020-09-10 13:00:00+00:00,0,0.14583333333333337,1.0000000000000013,False
2020-09-10 14:00:00+00:00,0,0.10833333333333335,1.0000000000000011,False
2020-09-10 15:00:00+00:00,0,0.087500000000000022,1.0000000000000013,False
2020-09-10 16:00:00+00:00,0,0.06666666666666668,1.0000000000000011,False
2020-09-10 17:00:00+00:00,0,0.045833333333333358,0.99999999878569457,False
2020-09-10 18:00:00+00:00,0,0.037500000000000019,2777777.9184473678,False
2020-09-10 19:00:00+00:00,0,0.033333333333333354,1.0000000811464886,False
2020-09-10 20:00:00+00:00,0,0.029166666666666688,1.0000000000000013,False
2020-09-10 21:00:00+00:00,0,0.025000000000000022,5555554.5851190658,False
2020-09-10 22:00:00+00:00,0,0.020833333333333353,1.0000000744099782,False
2020-09-10 23:00:00+00:00,0,0.016666666666666687,1.0000000001541973,False
2020-09-11 00:00:00+00:00,0,0.01250000000000002,1.0000000019756605,False
2020-09-11 01:00:00+00:00,0,0.0083333333333333523,1.0000000013829602,False
2020-09-11 02:00:00+00:00,0,0.0041666666666666857,1.00000008393169,False
2020-09-11 03:00:00+00:00,0,0,1,False
2020-09-11 04:00:00+00:00,0.10000000000000001,0.0041666666666666857,0.99689542488043115,False
2020-09-11 05:00:00+00:00,0.10000000000000001,0.0083333333333333523,1.0069306929704931,False
2020-09-11 06:00:00+00:00,0.10000000000000001,0.01250000000000002,0.95995098087931963,False
2020-09-11 07:00:00+00:00,0,0.01250000000000002,1.0000000019756605,False
2020-09-11 08:00:00+00:00,0,0.01250000000000002,1.0000000019756605,False
2020-09-11 09:00:00+00:00,0,0.01250000000000002,1.0000000019756605,False
2020-09-11 10:00:00+00:00,0.10000000000000001,0.016666666666666687,1.0854591329352132,False
2020-09-11 11:00:00+00:00,0.90000000000000002,0.054166666666666689,1.1219346505223342,False
2020-09-11 12:00:00+00:00,0.80000000000000004,0.087500000000000022,1.0303823888359733,False
2020-09-11 13:00:00+00:00,1.2,0.13750000000000004,1.1366938239757749,False
2020-09-11 14:00:00+00:00,0.5,0.15833333333333335,0.95595476538650648,False
2020-09-11 15:00:00+00:00,0.69999999999999996,0.1875,0.98908352333165028,False
2020-09-11 16:00:00+00:00,1.6000000000000001,0.25416666666666671,1.0687295231572553,False
2020-09-11 17:00:00+00:00,1.2,0.3041666666666667,1.0048132870848039,False
2020-09-11 18:00:00+00:00,0.90000000000000002,0.34166666666666673,1.0080418888258504,False
2020-09-11 19:00:00+00:00,1.3,0.39583333333333331,1.0117161807747306,False
2020-09-11 20:00:00+00:00,2,0.47916666666666669,1.0484058350489169,False
2020-09-11 21:00:00+00:00,1.8,0.5541666666666667,1.0081581599404676,False
2020-09-11 22:00:00+00:00,0.80000000000000004,0.58750000000000002,1.0454848326948958,False
2020-09-11 23:00:00+00:00,0.59999999999999998,0.61250000000000004,1.0186605521616088,False
2020-09-12 00:00:00+00:00,0.40000000000000002,0.62916666666666676,1.0069548636405856,False
2020-09-12 01:00:00+00:00,0.5,0.65000000000000002,0.99773809818221826,False
2020-09-12 02:00:00+00:00,0.90000000000000002,0.6875,0.99636671080973638,False
2020-09-12 03:00:00+00:00,0.5,0.70833333333333337,0.98416539597019992,False
2020-09-12 04:00:00+00:00,0.10000000000000001,0.70833333333333337,1.0014280996636158,False
2020-09-12 05:00:00+00:00,0.20000000000000001,0.71250000000000002,1.0018170266794466,False
2020-09-12 06:00:00+00:00,0.20000000000000001,0.71666666666666667,0.99973940433732322,False
2020-09-12 07:00:00+00:00,0.20000000000000001,0.72499999999999998,0.99799834113638752,False
2020-09-12 08:00:00+00:00,0.40000000000000002,0.7416666666666667,0.98737377086960376,False
2020-09-12 09:00:00+00:00,1.5,0.8041666666666667,1.0329404925810359,False
2020-09-12 10:00:00+00:00,1,0.84166666666666679,1.0017844213832894,False
2020-09-12 11:00:00+00:00,0.59999999999999998,0.82916666666666661,1.0546720857813225,False
2020-09-12 12:00:00+00:00,0.5,0.81666666666666654,1.0244257804859507,False
2020-09-12 13:00:00+00:00,0.29999999999999999,0.77916666666666667,0.99304010964352751,False
2020-09-12 14:00:00+00:00,1,0.79999999999999993,0.99626090617028884,False
2020-09-12 15:00:00+00:00,0.20000000000000001,0.77916666666666667,0.99332573299978644,False
2020-09-12 16:00:00+00:00,0.29999999999999999,0.72499999999999998,0.98352654113463578,False
2020-09-12 17:00:00+00:00,0.80000000000000004,0.70833333333333337,0.99777523495148301,False
2020-09-12 18:00:00+00:00,0.80000000000000004,0.70416666666666672,1.0010373816768299,False
2020-09-12 19:00:00+00:00,1.1000000000000001,0.6958333333333333,1.0175109786560779,False
2020-09-12 20:00:00+00:00,1.1000000000000001,0.65833333333333333,1.0307035561973474,False
2020-09-12 21:00:00+00:00,1,0.625,1.0243147628061324,False
2020-09-12 22:00:00+00:00,0.80000000000000004,0.62500000000000011,1.0334292003914607,False
2020-09-12 23:00:00+00:00,0.69999999999999996,0.62916666666666676,1.0407965011283487,False
2020-09-13 00:00:00+00:00,0.29999999999999999,0.62500000000000011,1.0028146753628164,False
2020-09-13 01:00:00+00:00,0.5,0.62500000000000011,1.0055552316460947,False
2020-09-13 02:00:00+00:00,1,0.62916666666666676,1.0221576314305605,False
2020-09-13 03:00:00+00:00,0.40000000000000002,0.625,1.0070328855236605,False
2020-09-13 04:00:00+00:00,0.5,0.64166666666666672,0.99843035649798162,False
2020-09-13 05:00:00+00:00,0.5,0.65416666666666667,0.99581025339895846,False
2020-09-13 06:00:00+00:00,0.40000000000000002,0.66249999999999998,0.99841059695769863,False
2020-09-13 07:00:00+00:00,0.80000000000000004,0.6875,1.0120841573799344,False
2020-09-13 08:00:00+00:00,0.20000000000000001,0.6791666666666667,1.0045556961830693,False
2020-09-13 09:00:00+00:00,0,0.6166666666666667,0.96107329370349925,False
2020-09-13 10:00:00+00:00,0,0.57500000000000007,1.0221602508431935,False
2020-09-13 11:00:00+00:00,0.10000000000000001,0.5541666666666667,1.1412577915304649,False
2020-09-13 12:00:00+00:00,0.10000000000000001,0.53750000000000009,1.1321338248886013,False
2020-09-13 13:00:00+00:00,0.10000000000000001,0.52916666666666667,1.1187381119399042,False
2020-09-13 14:00:00+00:00,0,0.48750000000000004,0.99133916376204567,False
2020-09-13 15:00:00+00:00,0,0.47916666666666674,0.99140612059469047,False
2020-09-13 16:00:00+00:00,0.20000000000000001,0.47500000000000003,1.0239591235497671,False
2020-09-13 17:00:00+00:00,0.29999999999999999,0.45416666666666666,1.0554130801258361,False
2020-09-13 18:00:00+00:00,0.20000000000000001,0.4291666666666667,1.0070082421469622,False
2020-09-13 19:00:00+00:00,0.20000000000000001,0.39166666666666666,1.0132851079750804,False
2020-09-13 20:00:00+00:00,0.20000000000000001,0.35416666666666669,1.053575554069329,False
2020-09-13 21:00:00+00:00,0,0.3125,1.0354424938817657,False
2020-09-13 22:00:00+00:00,0,0.27916666666666667,0.99056536095268799,False
2020-09-13 23:00:00+00:00,0,0.25,0.97563623911494801,False
2020-09-14 00:00:00+00:00,0,0.23750000000000002,1.0877396812219757,False
2020-09-14 01:00:00+00:00,0.10000000000000001,0.22083333333333335,1.032289836240762,False
2020-09-14 02:00:00+00:00,0.20000000000000001,0.1875,1.1506014012151193,False
2020-09-14 03:00:00+00:00,0.29999999999999999,0.18333333333333338,1.0865274564324712,False
2020-09-14 04:00:00+00:00,0.90000000000000002,0.20000000000000004,0.97619856791351833,False
2020-09-14 05:00:00+00:00,1,0.22083333333333335,0.9724353330504335,False
2020-09-14 06:00:00+00:00,0.5,0.22500000000000001,1.0476195642844897,False
2020-09-14 07:00:00+00:00,0.29999999999999999,0.20416666666666669,1.1178771475864586,False
2020-09-14 08:00:00+00:00,0.40000000000000002,0.21250000000000002,1.0556786615756677,False
2020-09-14 09:00:00+00:00,0.59999999999999998,0.23750000000000002,1.0393391439119612,False
2020-09-14 10:00:00+00:00,0.40000000000000002,0.25416666666666671,1.0575813064053097,False
2020-09-14 11:00:00+00:00,0.29999999999999999,0.26250000000000001,1.0623923481849111,False
2020-09-14 12:00:00+00:00,0.20000000000000001,0.26666666666666672,0.99181985874062295,False
2020-09-14 13:00:00+00:00,0.29999999999999999,0.27500000000000002,1.0615540899309495,False
2020-09-14 14:00:00+00:00,0.20000000000000001,0.28333333333333338,1.0030258756776587,False
2020-09-14 15:00:00+00:00,0.20000000000000001,0.29166666666666669,1.0162337664945251,False
2020-09-14 16:00:00+00:00,0.10000000000000001,0.28750000000000003,1.0425884886521695,False
2020-09-14 17:00:00+00:00,0.10000000000000001,0.27916666666666667,1.0169395294478893,False
2020-09-14 18:00:00+00:00,0.10000000000000001,0.27500000000000002,0.99320702518937065,False
2020-09-14 19:00:00+00:00,0,0.26666666666666672,1.0732843126513869,False
2020-09-14 20:00:00+00:00,0,0.25833333333333336,0.99787145893923113,False
2020-09-14 21:00:00+00:00,0,0.25833333333333336,0.99787145893923113,False
2020-09-14 22:00:00+00:00,0,0.25833333333333336,0.99787145893923113,False
2020-09-14 23:00:00+00:00,0,0.25833333333333336,0.99787145893923113,False
2020-09-15 00:00:00+00:00,0,0.25833333333333336,0.99787145893923113,False
2020-09-15 01:00:00+00:00,0,0.25416666666666671,0.95930773277687609,False
2020-09-15 02:00:00+00:00,0,0.24583333333333338,0.9752476560016281,False
2020-09-15 03:00:00+00:00,0,0.23333333333333336,1.1326067717062727,False
2020-09-15 04:00:00+00:00,0,0.19583333333333339,1.2666463582935834,False
2020-09-15 05:00:00+00:00,0,0.1541666666666667,0.96677061739037795,False
2020-09-15 06:00:00+00:00,0,0.13333333333333333,1.0000000000000002,False
2020-09-15 07:00:00+00:00,0.10000000000000001,0.12500000000000003,0.93972431117063704,False
2020-09-15 08:00:00+00:00,0.20000000000000001,0.1166666666666667,0.99983498349913436,False
2020-09-15 09:00:00+00:00,0.40000000000000002,0.10833333333333335,0.95648338145618195,False
2020-09-15 10:00:00+00:00,0.80000000000000004,0.12500000000000003,0.99127191162393935,False
2020-09-15 11:00:00+00:00,0.5,0.13333333333333333,0.94740628289442164,False
2020-09-15 12:00:00+00:00,0.10000000000000001,0.12916666666666668,0.98440800715730392,False
2020-09-15 13:00:00+00:00,0.10000000000000001,0.12083333333333335,0.98963221493951825,False
2020-09-15 14:00:00+00:00,0.10000000000000001,0.1166666666666667,1.0314572138494873,False
2020-09-15 15:00:00+00:00,0.10000000000000001,0.11250000000000003,1.1067575779538024,False
2020-09-15 16:00:00+00:00,0.20000000000000001,0.11666666666666668,0.99983498349913436,False
2020-09-15 17:00:00+00:00,0.29999999999999999,0.12500000000000003,0.96899472954607968,False
2020-09-15 18:00:00+00:00,0.29999999999999999,0.13333333333333336,0.98470617898706214,False
2020-09-15 19:00:00+00:00,0.20000000000000001,0.14166666666666669,0.97543707472062746,False
2020-09-15 20:00:00+00:00,0.10000000000000001,0.14583333333333337,0.98101799862569206,False
2020-09-15 21:00:00+00:00,0.10000000000000001,0.15000000000000002,0.96994863354465011,False
2020-09-15 22:00:00+00:00,0.20000000000000001,0.15833333333333335,1.0159995817002505,False
2020-09-15 23:00:00+00:00,0.20000000000000001,0.16666666666666671,1.034086809689946,False
2020-09-16 00:00:00+00:00,0.40000000000000002,0.18333333333333335,1.0204125655284164,False
2020-09-16 01:00:00+00:00,0.5,0.20416666666666669,1.0098705434717563,False
2020-09-16 02:00:00+00:00,0.5,0.22500000000000001,1.0476195642844897,False
2020-09-16 03:00:00+00:00,0.29999999999999999,0.23750000000000004,1.0567789874089393,False
2020-09-16 04:00:00+00:00,0,0.23750000000000004,1.084272562366561,False
2020-09-16 05:00:00+00:00,0,0.23750000000000004,1.084272562366561,False
2020-09-16 06:00:00+00:00,0,0.23750000000000004,1.084272562366561,False
2020-09-16 07:00:00+00:00,0,0.23333333333333336,1.1326067717062727,False
2020-09-16 08:00:00+00:00,0,0.22500000000000006,0.99756460399508906,False
2020-09-16 09:00:00+00:00,0,0.20833333333333337,0.99999999999999933,False
2020-09-16 10:00:00+00:00,0,0.17500000000000004,1.0680809925508385,False
2020-09-16 11:00:00+00:00,0,0.1541666666666667,0.96677061739037795,False
2020-09-16 12:00:00+00:00,0,0.15000000000000002,0.99999999999999845,False
2020-09-16 13:00:00+00:00,0,0.14583333333333334,1.000000000000002,False
2020-09-16 14:00:00+00:00,0,0.14166666666666669,1.0000000000000007,False
2020-09-16 15:00:00+00:00,0,0.13750000000000001,0.99999999999999867,False
2020-09-16 16:00:00+00:00,0,0.12916666666666668,1.0000000000000011,False
2020-09-16 17:00:00+00:00,0,0.11666666666666668,1.0000000000000007,False
2020-09-16 18:00:00+00:00,0,0.10416666666666669,1.000000000000002,False
2020-09-16 19:00:00+00:00,0,0.09583333333333334,0.99999999999999956,False
2020-09-16 20:00:00+00:00,0,0.091666666666666674,0.99999999999999967,False
2020-09-16 21:00:00+00:00,0,0.087500000000000022,1.0000000000000013,False
2020-09-16 22:00:00+00:00,0,0.079166666666666691,1.0000000000000018,False
2020-09-16 23:00:00+00:00,0,0.070833333333333359,0.99999999999999956,False
2020-09-17 00:00:00+00:00,0,0.054166666666666689,1.0000000260208481,False
2020-09-17 01:00:00+00:00,0,0.033333333333333354,1.0000000811464886,False
2020-09-17 02:00:00+00:00,0,0.01250000000000002,1.0000000019756605,False
2020-09-17 03:00:00+00:00,0,0,1,False
2020-09-17 04:00:00+00:00,0,0,1,False
2020-09-17 05:00:00+00:00,0,0,1,False
2020-09-17 06:00:00+00:00,0,0,1,False
2020-09-17 07:00:00+00:00,0,0,1,False
2020-09-17 08:00:00+00:00,0,0,1,False
2020-09-17 09:00:00+00:00,0,0,1,False
2020-09-17 10:00:00+00:00,0,0,1,False
2020-09-17 11:00:00+00:00,0,0,1,False
2020-09-17 12:00:00+00:00,0,0,1,False
2020-09-17 13:00:00+00:00,0,0,1,False
2020-09-17 14:00:00+00:00,0,0,1,False
2020-09-17 15:00:00+00:00,0,0,1,False
2020-09-17 16:00:00+00:00,0,0,1,False
2020-09-17 17:00:00+00:00,0,0,1,False
2020-09-17 18:00:00+00:00,0,0,1,False
2020-09-17 19:00:00+00:00,0,0,1,False
2020-09-17 20:00:00+00:00,0,0,1,False
2020-09-17 21:00:00+00:00,0,0,1,False
2020-09-17 22:00:00+00:00,0,0,1,False
2020-09-17 23:00:00+00:00,0,0,1,False
2020-09-18 00:00:00+00:00,0,0,1,False
2020-09-18 01:00:00+00:00,0,0,1,False
2020-09-18 02:00:00+00:00,0,0,1,False
2020-09-18 03:00:00+00:00,0,0,1,False
2020-09-18 04:00:00+00:00,0,0,1,False
2020-09-18 05:00:00+00:00,0,0,1,False
2020-09-18 06:00:00+00:00,0,0,1,False
2020-09-18 07:00:00+00:00,0,0,1,False
2020-09-18 08:00:00+00:00,0,0,1,False
2020-09-18 09:00:00+00:00,0,0,1,False
2020-09-18 10:00:00+00:00,0,0,1,False
2020-09-18 11:00:00+00:00,0,0,1,False
2020-09-18 12:00:00+00:00,0,0,1,False
2020-09-18 13:00:00+00:00,0,0,1,False
2020-09-18 14:00:00+00:00,0,0,1,False
2020-09-18 15:00:00+00:00,0,0,1,False
2020-09-18 16:00:00+00:00,0,0,1,False
2020-09-18 17:00:00+00:00,0,0,1,False
2020-09-18 18:00:00+00:00,0,0,1,False
2020-09-18 19:00:00+00:00,0,0,1,False
2020-09-18 20:00:00+00:00,0,0,1,False
2020-09-18 21:00:00+00:00,0,0,1,False
2020-09-18 22:00:00+00:00,0,0,1,False
2020-09-18 23:00:00+00:00,0,0,1,False
2020-09-19 00:00:00+00:00,0,0,1,False
2020-09-19 01:00:00+00:00,0,0,1,False
2020-09-19 02:00:00+00:00,0,0,1,False
2020-09-19 03:00:00+00:00,0,0,1,False
2020-09-19 04:00:00+00:00,0,0,1,False
2020-09-19 05:00:00+00:00,0,0,1,False
2020-09-19 06:00:00+00:00,0,0,1,False
2020-09-19 07:00:00+00:00,0,0,1,False
2020-09-19 08:00:00+00:00,0,0,1,False
2020-09-19 09:00:00+00:00,0,0,1,False
2020-09-19 10:00:00+00:00,0,0,1,False
2020-09-19 11:00:00+00:00,0,0,1,False
2020-09-19 12:00:00+00:00,0,0,1,False
2020-09-19 13:00:00+00:00,0,0,1,False
2020-09-19 14:00:00+00:00,0,0,1,False
2020-09-19 15:00:00+00:00,0,0,1,False
2020-09-19 16:00:00+00:00,0,0,1,False
2020-09-19 17:00:00+00:00,0,0,1,False
2020-09-19 18:00:00+00:00,0,0,1,False
2020-09-19 19:00:00+00:00,0,0,1,False
2020-09-19 20:00:00+00:00,0,0,1,False
2020-09-19 21:00:00+00:00,0,0,1,False
2020-09-19 22:00:00+00:00,0,0,1,False
2020-09-19 23:00:00+00:00,0,0,1,False
2020-09-20 00:00:00+00:00,0,0,1,False
2020-09-20 01:00:00+00:00,0,0,1,False
2020-09-20 02:00:00+00:00,0,0,1,False
2020-09-20 03:00:00+00:00,0,0,1,False
2020-09-20 04:00:00+00:00,0,0,1,False
2020-09-20 05:00:00+00:00,0,0,1,False
2020-09-20 06:00:00+00:00,0,0,1,False
2020-09-20 07:00:00+00:00,0,0,1,False
2020-09-20 08:00:00+00:00,0,0,1,False
2020-09-20 09:00:00+00:00,0,0,1,False
2020-09-20 10:00:00+00:00,0,0,1,False
2020-09-20 11:00:00+00:00,0,0,1,False
2020-09-20 12:00:00+00:00,0,0,1,False
2020-09-20 13:00:00+00:00,0,0,1,False
2020-09-20 14:00:00+00:00,0,0,1,False
2020-09-20 15:00:00+00:00,0,0,1,False
2020-09-20 16:00:00+00:00,0,0,1,False
2020-09-20 17:00:00+00:00,0,0,1,False
2020-09-20 18:00:00+00:00,0,0,1,False
2020-09-20 19:00:00+00:00,0,0,1,False
2020-09-20 20:00:00+00:00,0,0,1,False
2020-09-20 21:00:00+00:00,0,0,1,False
2020-09-20 22:00:00+00:00,0,0,1,False
2020-09-20 23:00:00+00:00,0,0,1,False
2020-09-21 00:00:00+00:00,0,0,1,False
2020-09-21 01:00:00+00:00,0,0,1,False
2020-09-21 02:00:00+00:00,0,0,1,False
2020-09-21 03:00:00+00:00,0,0,1,False
2020-09-21 04:00:00+00:00,0,0,1,False
2020-09-21 05:00:00+00:00,0,0,1,False
2020-09-21 06:00:00+00:00,0,0,1,False
2020-09-21 07:00:00+00:00,0,0,1,False
2020-09-21 08:00:00+00:00,0,0,1,False
2020-09-21 09:00:00+00:00,0,0,1,False
2020-09-21 10:00:00+00:00,0,0,1,False
2020-09-21 11:00:00+00:00,0,0,1,False
2020-09-21 12:00:00+00:00,0,0,1,False
2020-09-21 13:00:00+00:00,0,0,1,False
2020-09-21 14:00:00+00:00,0,0,1,False
2020-09-21 15:00:00+00:00,0,0,1,False
2020-09-21 16:00:00+00:00,0,0,1,False
2020-09-21 17:00:00+00:00,0,0,1,False
2020-09-21 18:00:00+00:00,0.20000000000000001,0.008333333333333354,1.150752086650588,False
2020-09-21 19:00:00+00:00,0.20000000000000001,0.016666666666666687,1.0540640308213394,False
2020-09-21 20:00:00+00:00,0.20000000000000001,0.025000000000000022,0.99559773657824313,False
2020-09-21 21:00:00+00:00,0.10000000000000001,0.029166666666666688,1,False
2020-09-21 22:00:00+00:00,0.10000000000000001,0.033333333333333354,1.0000000000000007,False
2020-09-21 23:00:00+00:00,0.10000000000000001,0.037500000000000026,1.0000000000000016,False
2020-09-22 00:00:00+00:00,0.10000000000000001,0.041666666666666685,1.0000000000000013,False
2020-09-22 01:00:00+00:00,0.40000000000000002,0.058333333333333355,1.0517229942583601,False
2020-09-22 02:00:00+00:00,0.5,0.079166666666666691,1.0294745372240397,False
2020-09-22 03:00:00+00:00,0.29999999999999999,0.091666666666666688,1.0271327548956741,False
2020-09-22 04:00:00+00:00,0.29999999999999999,0.10416666666666669,1.0011560203058825,False
2020-09-22 05:00:00+00:00,0.20000000000000001,0.11250000000000003,1.0000000000000002,False
2020-09-22 06:00:00+00:00,0.20000000000000001,0.12083333333333335,0.99702499482203477,False
2020-09-22 07:00:00+00:00,0.10000000000000001,0.12500000000000003,0.93972431117063704,False
2020-09-22 08:00:00+00:00,0,0.12500000000000003,1.000000000000002,False
2020-09-22 09:00:00+00:00,0,0.12500000000000003,1.000000000000002,False
2020-09-22 10:00:00+00:00,0.10000000000000001,0.12916666666666668,0.98440800715730392,False
2020-09-22 11:00:00+00:00,0.10000000000000001,0.13333333333333336,0.99992005593364131,False
2020-09-22 12:00:00+00:00,0,0.13333333333333336,0.99999999999999978,False
2020-09-22 13:00:00+00:00,0,0.13333333333333336,0.99999999999999978,False
2020-09-22 14:00:00+00:00,0,0.13333333333333336,0.99999999999999978,False
2020-09-22 15:00:00+00:00,0,0.13333333333333336,0.99999999999999978,False
2020-09-22 16:00:00+00:00,0,0.13333333333333336,0.99999999999999978,False
2020-09-22 17:00:00+00:00,0,0.13333333333333336,0.99999999999999978,False
2020-09-22 18:00:00+00:00,0,0.12500000000000003,1.000000000000002,False
2020-09-22 19:00:00+00:00,0,0.1166666666666667,1.0000000000000004,False
2020-09-22 20:00:00+00:00,0,0.10833333333333335,1.0000000000000011,False
2020-09-22 21:00:00+00:00,0,0.10416666666666669,1.000000000000002,False
2020-09-22 22:00:00+00:00,0,0.10000000000000002,1.0000000000000004,False
2020-09-22 23:00:00+00:00,0.10000000000000001,0.10000000000000003,1.0311236457876085,False
2020-09-23 00:00:00+00:00,0.20000000000000001,0.10416666666666669,0.99999999999999956,False
2020-09-23 01:00:00+00:00,0.20000000000000001,0.095833333333333368,1.0000000000000004,False
2020-09-23 02:00:00+00:00,0.10000000000000001,0.079166666666666691,1,False
2020-09-23 03:00:00+00:00,0.10000000000000001,0.070833333333333345,1.0000000000000007,False
2020-09-23 04:00:00+00:00,0.29999999999999999,0.070833333333333345,0.96879815975011241,False
2020-09-23 05:00:00+00:00,0.69999999999999996,0.091666666666666674,0.99818012944383194,False
2020-09-23 06:00:00+00:00,0.69999999999999996,0.1125,1.00153395640256,False
2020-09-23 07:00:00+00:00,0.90000000000000002,0.14583333333333334,1.0200450506901966,False
2020-09-23 08:00:00+00:00,0.5,0.16666666666666671,0.96312474430460138,False
2020-09-23 09:00:00+00:00,0.20000000000000001,0.17500000000000002,1.0654179196026363,False
2020-09-23 10:00:00+00:00,0.5,0.19166666666666665,0.99830865995816942,False
2020-09-23 11:00:00+00:00,0.5,0.20833333333333334,1.0153455947480907,False
2020-09-23 12:00:00+00:00,0.29999999999999999,0.22083333333333335,1.081717535119249,False
2020-09-23 13:00:00+00:00,0,0.22083333333333335,0.98886286767474851,False
2020-09-23 14:00:00+00:00,0,0.22083333333333335,0.98886286767474851,False
2020-09-23 15:00:00+00:00,0,0.22083333333333335,0.98886286767474851,False
2020-09-23 16:00:00+00:00,0,0.22083333333333335,0.98886286767474851,False
2020-09-23 17:00:00+00:00,0,0.22083333333333335,0.98886286767474851,False
2020-09-23 18:00:00+00:00,0,0.22083333333333335,0.98886286767474851,False
2020-09-23 19:00:00+00:00,0,0.22083333333333335,0.98886286767474851,False
2020-09-23 20:00:00+00:00,0.10000000000000001,0.22500000000000001,1.0389420561569809,False
2020-09-23 21:00:00+00:00,0.80000000000000004,0.25833333333333336,1.0039227884634812,False
2020-09-23 22:00:00+00:00,1.5,0.32083333333333336,1.0388181788341497,False
2020-09-23 23:00:00+00:00,1.8999999999999999,0.39583333333333331,1.0458981237097764,False
2020-09-24 00:00:00+00:00,2.2999999999999998,0.48333333333333334,1.1232544477834239,False
2020-09-24 01:00:00+00:00,2.5,0.57916666666666672,1.0874463974800896,False
2020-09-24 02:00:00+00:00,2.7999999999999998,0.69166666666666676,1.0627026645891602,False
2020-09-24 03:00:00+00:00,2,0.77083333333333337,1.0826678927705129,False
2020-09-24 04:00:00+00:00,1.2,0.80833333333333346,1.0253050512551585,False
2020-09-24 05:00:00+00:00,1.3,0.83333333333333337,1.028843617178272,False
2020-09-24 06:00:00+00:00,2,0.88750000000000007,1.1272506454901825,False
2020-09-24 07:00:00+00:00,2.7999999999999998,0.96666666666666679,1.0679926584157087,False
2020-09-24 08:00:00+00:00,2.2999999999999998,1.0416666666666667,1.1381539664961642,False
2020-09-24 09:00:00+00:00,3,1.1583333333333334,1.1100762271926863,False
2020-09-24 10:00:00+00:00,3,1.2625,1.1282739948261737,False
2020-09-24 11:00:00+00:00,1.2,1.2916666666666665,1.262278182927447,False
2020-09-24 12:00:00+00:00,0.90000000000000002,1.3166666666666667,1.076533271090913,False
2020-09-24 13:00:00+00:00,0,1.3166666666666667,1.2142843114420805,False
2020-09-24 14:00:00+00:00,1.1000000000000001,1.3625,1.2052240976027793,False
2020-09-24 15:00:00+00:00,1,1.4041666666666668,1.1305808760931737,False
2020-09-24 16:00:00+00:00,0.20000000000000001,1.4124999999999999,1.2430002254733892,False
2020-09-24 17:00:00+00:00,0.29999999999999999,1.425,1.204410991137121,False
2020-09-24 18:00:00+00:00,0.10000000000000001,1.4291666666666669,1.3432092030479048,False
2020-09-24 19:00:00+00:00,0.10000000000000001,1.4333333333333333,1.3520364739969826,False
2020-09-24 20:00:00+00:00,0.10000000000000001,1.4333333333333333,1.3520364739969826,False
2020-09-24 21:00:00+00:00,0.40000000000000002,1.4166666666666667,1.1097335374527857,False
2020-09-24 22:00:00+00:00,0.59999999999999998,1.3791666666666667,1.0679577227446055,False
2020-09-24 23:00:00+00:00,0.69999999999999996,1.3291666666666666,1.0513138664329864,False
2020-09-25 00:00:00+00:00,0.90000000000000002,1.2708333333333333,1.0847903967763317,False
2020-09-25 01:00:00+00:00,0.5,1.1875,1.023523945408789,False
2020-09-25 02:00:00+00:00,0.10000000000000001,1.075,1.0143498816144805,False
2020-09-25 03:00:00+00:00,0,0.9916666666666667,1.0490980776986274,False
2020-09-25 04:00:00+00:00,0,0.94166666666666676,1.0848049357435874,False
2020-09-25 05:00:00+00:00,0,0.88750000000000007,1.1087609109045788,False
2020-09-25 06:00:00+00:00,0,0.8041666666666667,1.1659224347858586,False
2020-09-25 07:00:00+00:00,0,0.68750000000000011,1.294934744268279,False
2020-09-25 08:00:00+00:00,0,0.59166666666666667,1.0131285560760384,False
2020-09-25 09:00:00+00:00,0,0.46666666666666673,1.0214174986443103,False
2020-09-25 10:00:00+00:00,0,0.34166666666666673,0.97794448715970905,False
2020-09-25 11:00:00+00:00,0,0.29166666666666669,1.009305197257258,False
2020-09-25 12:00:00+00:00,0,0.25416666666666671,0.95930773277687609,False
2020-09-25 13:00:00+00:00,0,0.25416666666666671,0.95930773277687609,False
2020-09-25 14:00:00+00:00,0,0.20833333333333334,0.99999999999999978,False
2020-09-25 15:00:00+00:00,0,0.16666666666666666,1.033456158432607,False
2020-09-25 16:00:00+00:00,0,0.15833333333333335,1.0986990510402426,False
2020-09-25 17:00:00+00:00,0,0.14583333333333334,1.000000000000002,False
2020-09-25 18:00:00+00:00,0,0.14166666666666669,1.0000000000000007,False
2020-09-25 19:00:00+00:00,0.10000000000000001,0.14166666666666669,1.0136057121124302,False
2020-09-25 20:00:00+00:00,0.10000000000000001,0.14166666666666669,1.0136057121124302,False
2020-09-25 21:00:00+00:00,0.10000000000000001,0.12916666666666668,0.98440800715730392,False
2020-09-25 22:00:00+00:00,0.10000000000000001,0.10833333333333335,1.0728033999529849,False
2020-09-25 23:00:00+00:00,0.10000000000000001,0.083333333333333356,0.99999999999999978,False
2020-09-26 00:00:00+00:00,0.10000000000000001,0.050000000000000024,0.999999999999999,False
2020-09-26 01:00:00+00:00,0.10000000000000001,0.033333333333333354,1.0000000000000007,False
2020-09-26 02:00:00+00:00,0.20000000000000001,0.037500000000000026,0.91919258560458428,False
2020-09-26 03:00:00+00:00,0.40000000000000002,0.054166666666666689,1.0622066105727408,False
2020-09-26 04:00:00+00:00,1,0.095833333333333368,1.1202378591865545,False
2020-09-26 05:00:00+00:00,1,0.13750000000000004,1.0590498768405541,False
2020-09-26 06:00:00+00:00,0.80000000000000004,0.17083333333333336,0.97936075918436505,False
2020-09-26 07:00:00+00:00,0.40000000000000002,0.18750000000000003,1.0191658815714892,False
2020-09-26 08:00:00+00:00,0.40000000000000002,0.20416666666666669,1.0453011664648129,False
2020-09-26 09:00:00+00:00,0.20000000000000001,0.21250000000000002,1.1234296179519094,False
2020-09-26 10:00:00+00:00,0.10000000000000001,0.21666666666666667,1.0397441742617919,False
2020-09-26 11:00:00+00:00,0.10000000000000001,0.22083333333333335,1.032289836240762,False
2020-09-26 12:00:00+00:00,0,0.22083333333333335,0.98886286767474851,False
2020-09-26 13:00:00+00:00,0,0.22083333333333335,0.98886286767474851,False
2020-09-26 14:00:00+00:00,0,0.22083333333333335,0.98886286767474851,False
2020-09-26 15:00:00+00:00,0,0.22083333333333335,0.98886286767474851,False
2020-09-26 16:00:00+00:00,0,0.22083333333333335,0.98886286767474851,False
2020-09-26 17:00:00+00:00,0,0.22083333333333335,0.98886286767474851,False
2020-09-26 18:00:00+00:00,0,0.22083333333333335,0.98886286767474851,False
2020-09-26 19:00:00+00:00,0,0.2166666666666667,0.99945355191901752,False
2020-09-26 20:00:00+00:00,0,0.21250000000000002,0.99999999999999933,False
2020-09-26 21:00:00+00:00,0,0.20833333333333337,0.99999999999999933,False
2020-09-26 22:00:00+00:00,0,0.20416666666666669,1.0110062891586569,False
2020-09-26 23:00:00+00:00,0,0.20000000000000004,1.0826194104380038,False
2020-09-27 00:00:00+00:00,0,0.19583333333333339,1.2666463582935834,False
2020-09-27 01:00:00+00:00,0,0.19166666666666668,1.0460870286747486,False
2020-09-27 02:00:00+00:00,0,0.18333333333333335,1.0424160824694282,False
2020-09-27 03:00:00+00:00,0,0.16666666666666671,0.97234260166698971,False
2020-09-27 04:00:00+00:00,0,0.12500000000000003,1.000000000000002,False
2020-09-27 05:00:00+00:00,0,0.08333333333333337,1.0000000000000007,False
2020-09-27 06:00:00+00:00,0,0.050000000000000024,1.0000000019274693,False
2020-09-27 07:00:00+00:00,0,0.033333333333333354,1.0000000811464886,False
2020-09-27 08:00:00+00:00,0,0.016666666666666687,1.0000000001541973,False
2020-09-27 09:00:00+00:00,0,0.0083333333333333523,1.0000000013829602,False
2020-09-27 10:00:00+00:00,0,0.0041666666666666857,1.00000008393169,False
2020-09-27 11:00:00+00:00,0,0,1,False
2020-09-27 12:00:00+00:00,0,0,1,False
2020-09-27 13:00:00+00:00,0,0,1,False
2020-09-27 14:00:00+00:00,0.20000000000000001,0.0083333333333333523,1.150752086650588,False
2020-09-27 15:00:00+00:00,0.20000000000000001,0.016666666666666687,1.0540640308213394,False
2020-09-27 16:00:00+00:00,0,0.016666666666666687,1.0000000001541973,False
2020-09-27 17:00:00+00:00,0,0.016666666666666687,1.0000000001541973,False
2020-09-27 18:00:00+00:00,0,0.016666666666666687,1.0000000001541973,False
2020-09-27 19:00:00+00:00,0,0.016666666666666687,1.0000000001541973,False
2020-09-27 20:00:00+00:00,0,0.016666666666666687,1.0000000001541973,False
2020-09-27 21:00:00+00:00,0,0.016666666666666687,1.0000000001541973,False
2020-09-27 22:00:00+00:00,0,0.016666666666666687,1.0000000001541973,False
2020-09-27 23:00:00+00:00,0,0.016666666666666687,1.0000000001541973,False
2020-09-28 00:00:00+00:00,0,0.016666666666666687,1.0000000001541973,False
2020-09-28 01:00:00+00:00,0,0.016666666666666687,1.0000000001541973,False
2020-09-28 02:00:00+00:00,0,0.016666666666666687,1.0000000001541973,False
2020-09-28 03:00:00+00:00,0,0.016666666666666687,1.0000000001541973,False
2020-09-28 04:00:00+00:00,0,0.016666666666666687,1.0000000001541973,False
2020-09-28 05:00:00+00:00,0,0.016666666666666687,1.0000000001541973,False
2020-09-28 06:00:00+00:00,0,0.016666666666666687,1.0000000001541973,False
2020-09-28 07:00:00+00:00,0,0.016666666666666687,1.0000000001541973,False
2020-09-28 08:00:00+00:00,0,0.016666666666666687,1.0000000001541973,False
2020-09-28 09:00:00+00:00,0,0.016666666666666687,1.0000000001541973,False
2020-09-28 10:00:00+00:00,0,0.016666666666666687,1.0000000001541973,False
2020-09-28 11:00:00+00:00,0,0.016666666666666687,1.0000000001541973,False
2020-09-28 12:00:00+00:00,0,0.016666666666666687,1.0000000001541973,False
2020-09-28 13:00:00+00:00,0,0.016666666666666687,1.0000000001541973,False
2020-09-28 14:00:00+00:00,0,0.0083333333333333523,1.0000000013829602,False
2020-09-28 15:00:00+00:00,0,0,1,False
2020-09-28 16:00:00+00:00,0,0,1,False
2020-09-28 17:00:00+00:00,0,0,1,False
2020-09-28 18:00:00+00:00,0,0,1,False
2020-09-28 19:00:00+00:00,0,0,1,False
2020-09-28 20:00:00+00:00,0,0,1,False
2020-09-28 21:00:00+00:00,0,0,1,False
2020-09-28 22:00:00+00:00,0.10000000000000001,0.0041666666666666857,0.99689542488043115,False
2020-09-28 23:00:00+00:00,0.10000000000000001,0.0083333333333333523,1.0069306929704931,False
2020-09-29 00:00:00+00:00,0.10000000000000001,0.01250000000000002,0.95995098087931963,False
2020-09-29 01:00:00+00:00,0.10000000000000001,0.016666666666666687,1.0854591329352132,False
2020-09-29 02:00:00+00:00,0,0.016666666666666687,1.0000000001541973,False
2020-09-29 03:00:00+00:00,0,0.016666666666666687,1.0000000001541973,False
2020-09-29 04:00:00+00:00,0,0.016666666666666687,1.0000000001541973,False
2020-09-29 05:00:00+00:00,0,0.016666666666666687,1.0000000001541973,False
2020-09-29 06:00:00+00:00,0.10000000000000001,0.020833333333333353,1.0344884483531671,False
2020-09-29 07:00:00+00:00,0.10000000000000001,0.025000000000000022,0.99999999999999989,False
2020-09-29 08:00:00+00:00,0,0.025000000000000022,5555554.5851190658,False
2020-09-29 09:00:00+00:00,0,0.025000000000000022,5555554.5851190658,False
2020-09-29 10:00:00+00:00,0.10000000000000001,0.029166666666666688,1,False
2020-09-29 11:00:00+00:00,0,0.029166666666666688,1.0000000000000013,False
2020-09-29 12:00:00+00:00,0,0.029166666666666688,1.0000000000000013,False
2020-09-29 13:00:00+00:00,0.10000000000000001,0.033333333333333354,1.0000000000000007,False
2020-09-29 14:00:00+00:00,0.10000000000000001,0.037500000000000019,1.0000000000000011,False
2020-09-29 15:00:00+00:00,0.10000000000000001,0.041666666666666685,1.0000000000000013,False
2020-09-29 16:00:00+00:00,0.20000000000000001,0.050000000000000024,1.0114675477383119,False
2020-09-29 17:00:00+00:00,0.29999999999999999,0.062500000000000014,0.98556687029599943,False
2020-09-29 18:00:00+00:00,0,0.062500000000000014,1,False
2020-09-29 19:00:00+00:00,0,0.062500000000000014,1,False
2020-09-29 20:00:00+00:00,0,0.062500000000000014,1,False
2020-09-29 21:00:00+00:00,0,0.062500000000000014,1,False
2020-09-29 22:00:00+00:00,0,0.058333333333333348,11805552.437997825,True
2020-09-29 23:00:00+00:00,0,0.054166666666666689,1.0000000260208481,False
2020-09-30 00:00:00+00:00,0,0.050000000000000017,1.0000000007517134,False
2020-09-30 01:00:00+00:00,0,0.045833333333333358,0.99999999878569457,False
2020-09-30 02:00:00+00:00,0,0.045833333333333358,0.99999999878569457,False
2020-09-30 03:00:00+00:00,0,0.045833333333333358,0.99999999878569457,False
2020-09-30 04:00:00+00:00,0.10000000000000001,0.050000000000000024,0.999999999999999,False
2020-09-30 05:00:00+00:00,0.10000000000000001,0.054166666666666696,0.99999999999999956,False
2020-09-30 06:00:00+00:00,0.10000000000000001,0.054166666666666689,0.99999999999999956,False
2020-09-30 07:00:00+00:00,0.10000000000000001,0.054166666666666689,0.99999999999999956,False
2020-09-30 08:00:00+00:00,0.10000000000000001,0.058333333333333348,0.99999999999999978,False
2020-09-30 09:00:00+00:00,0.10000000000000001,0.062500000000000014,1.0000000000000009,False
2020-09-30 10:00:00+00:00,0.10000000000000001,0.062500000000000028,1.0000000000000013,False
2020-09-30 11:00:00+00:00,0.10000000000000001,0.066666666666666693,1.0000000000000013,False
2020-09-30 12:00:00+00:00,0.10000000000000001,0.070833333333333359,1.0000000000000007,False
2020-09-30 13:00:00+00:00,0.10000000000000001,0.070833333333333359,1.0000000000000007,False
2020-09-30 14:00:00+00:00,0,0.066666666666666693,1.000000000000002,False
2020-09-30 15:00:00+00:00,0,0.062500000000000014,1,False
2020-09-30 16:00:00+00:00,0,0.054166666666666675,1.0000000705261294,False
2020-09-30 17:00:00+00:00,0,0.041666666666666685,1.000000000000002,False
2020-09-30 18:00:00+00:00,0,0.041666666666666685,1.000000000000002,False
2020-09-30 19:00:00+00:00,0,0.041666666666666685,1.000000000000002,False
2020-09-30 20:00:00+00:00,0.40000000000000002,0.058333333333333355,1.0517229942583601,False
2020-09-30 21:00:00+00:00,0.40000000000000002,0.075000000000000025,1.0410291713692856,False
2020-09-30 22:00:00+00:00,0.5,0.095833333333333368,1.0040178262687427,False
2020-09-30 23:00:00+00:00,0.29999999999999999,0.10833333333333335,0.98003696530835926,False
2020-10-01 00:00:00+00:00,0.10000000000000001,0.11250000000000003,1.1067575779538024,False
2020-10-01 01:00:00+00:00,0.29999999999999999,0.12500000000000003,0.96899472954607968,False
2020-10-01 02:00:00+00:00,0.80000000000000004,0.15833333333333335,0.97860342624429875,False
2020-10-01 03:00:00+00:00,0.40000000000000002,0.17500000000000004,1.0160930442310105,False
2020-10-01 04:00:00+00:00,0,0.17083333333333339,0.97690445372479817,False
2020-10-01 05:00:00+00:00,0,0.16666666666666666,1.033456158432607,False
2020-10-01 06:00:00+00:00,0,0.16250000000000001,1.1263442959338212,False
2020-10-01 07:00:00+00:00,0.10000000000000001,0.16250000000000003,0.998627288416989,False
2020-10-01 08:00:00+00:00,0.10000000000000001,0.16250000000000003,0.998627288416989,False
2020-10-01 09:00:00+00:00,0,0.15833333333333335,1.0986990510402426,False
2020-10-01 10:00:00+00:00,0.10000000000000001,0.15833333333333335,0.97655783981547661,False
2020-10-01 11:00:00+00:00,0,0.15416666666666667,0.99684684690820602,False
2020-10-01 12:00:00+00:00,0,0.15000000000000002,0.99999999999999845,False
2020-10-01 13:00:00+00:00,0.20000000000000001,0.1541666666666667,1.0073428570605303,False
2020-10-01 14:00:00+00:00,0,0.1541666666666667,0.96677061739037795,False
2020-10-01 15:00:00+00:00,0,0.1541666666666667,0.96677061739037795,False
2020-10-01 16:00:00+00:00,0,0.1541666666666667,0.96677061739037795,False
2020-10-01 17:00:00+00:00,0,0.1541666666666667,0.96677061739037795,False
2020-10-01 18:00:00+00:00,0,0.1541666666666667,0.96677061739037795,False
2020-10-01 19:00:00+00:00,0,0.1541666666666667,0.96677061739037795,False
2020-10-01 20:00:00+00:00,0,0.13750000000000004,0.999999999999999,False
2020-10-01 21:00:00+00:00,0,0.12083333333333335,1.0000000000000009,False
2020-10-01 22:00:00+00:00,0,0.10000000000000002,1.0000000000000004,False
2020-10-01 23:00:00+00:00,0,0.087500000000000022,1.0000000000000013,False
2020-10-02 00:00:00+00:00,0,0.083333333333333356,1.0000000000000007,False
2020-10-02 01:00:00+00:00,0,0.070833333333333359,0.99999999999999956,False
2020-10-02 02:00:00+00:00,0,0.037500000000000019,2777777.9184473678,False
2020-10-02 03:00:00+00:00,0,0.020833333333333353,1.0000000744099782,False
2020-10-02 04:00:00+00:00,0,0.020833333333333353,1.0000000744099782,False
2020-10-02 05:00:00+00:00,0,0.020833333333333353,1.0000000744099782,False
2020-10-02 06:00:00+00:00,0,0.020833333333333353,1.0000000744099782,False
2020-10-02 07:00:00+00:00,0,0.016666666666666687,1.0000000001541973,False
2020-10-02 08:00:00+00:00,0.10000000000000001,0.016666666666666687,1.0854591329352132,False
2020-10-02 09:00:00+00:00,0.10000000000000001,0.020833333333333353,1.0344884483531671,False
2020-10-02 10:00:00+00:00,0.10000000000000001,0.020833333333333353,1.0344884483531671,False
2020-10-02 11:00:00+00:00,0.10000000000000001,0.025000000000000022,0.99999999999999989,False
2020-10-02 12:00:00+00:00,0.10000000000000001,0.029166666666666688,1,False
2020-10-02 13:00:00+00:00,0.20000000000000001,0.029166666666666684,0.96616080284063277,False
2020-10-02 14:00:00+00:00,0,0.029166666666666684,1.0000000000000013,False
2020-10-02 15:00:00+00:00,0.20000000000000001,0.037500000000000019,0.91919258560458428,False
2020-10-02 16:00:00+00:00,0.40000000000000002,0.054166666666666689,1.0622066105727408,False
2020-10-02 17:00:00+00:00,0.10000000000000001,0.058333333333333355,1.0000000000000002,False
2020-10-02 18:00:00+00:00,0.10000000000000001,0.062500000000000014,1.0000000000000009,False
2020-10-02 19:00:00+00:00,0.20000000000000001,0.070833333333333359,1.0279032711654232,False
2020-10-02 20:00:00+00:00,0.20000000000000001,0.079166666666666691,1.0237539093980821,False
2020-10-02 21:00:00+00:00,0.20000000000000001,0.087500000000000022,1.006547619015125,False
2020-10-02 22:00:00+00:00,0.40000000000000002,0.10416666666666669,0.96179204069115942,False
2020-10-02 23:00:00+00:00,0.40000000000000002,0.12083333333333335,0.94029877802378126,False
2020-10-03 00:00:00+00:00,0.10000000000000001,0.12500000000000003,0.93972431117063704,False
2020-10-03 01:00:00+00:00,0,0.12500000000000003,1.000000000000002,False
2020-10-03 02:00:00+00:00,0,0.12500000000000003,1.000000000000002,False
2020-10-03 03:00:00+00:00,0,0.12500000000000003,1.000000000000002,False
2020-10-03 04:00:00+00:00,0.10000000000000001,0.12916666666666668,0.98440800715730392,False
2020-10-03 05:00:00+00:00,0.10000000000000001,0.13333333333333336,0.99992005593364131,False
2020-10-03 06:00:00+00:00,0.20000000000000001,0.14166666666666669,0.97543707472062746,False
2020-10-03 07:00:00+00:00,0.29999999999999999,0.1541666666666667,0.99285252414472036,False
2020-10-03 08:00:00+00:00,0.29999999999999999,0.16250000000000001,1.0293441071837046,False
2020-10-03 09:00:00+00:00,0,0.15833333333333335,1.0986990510402426,False
2020-10-03 10:00:00+00:00,0,0.1541666666666667,0.96677061739037795,False
2020-10-03 11:00:00+00:00,0.10000000000000001,0.1541666666666667,1.0220034494346948,False
2020-10-03 12:00:00+00:00,0.20000000000000001,0.15833333333333335,1.0159995817002505,False
2020-10-03 13:00:00+00:00,0.10000000000000001,0.1541666666666667,1.0220034494346948,False
2020-10-03 14:00:00+00:00,0.10000000000000001,0.15833333333333335,0.97655783981547661,False
2020-10-03 15:00:00+00:00,0.20000000000000001,0.15833333333333335,1.0159995817002505,False
2020-10-03 16:00:00+00:00,0.10000000000000001,0.14583333333333334,0.98389306601228677,False
2020-10-03 17:00:00+00:00,0.10000000000000001,0.14583333333333337,0.98101799862569206,False
2020-10-03 18:00:00+00:00,0.10000000000000001,0.14583333333333337,0.98101799862569206,False
2020-10-03 19:00:00+00:00,0.20000000000000001,0.14583333333333334,0.99005549686876493,False
2020-10-03 20:00:00+00:00,0.10000000000000001,0.14166666666666669,1.0136057121124302,False
2020-10-03 21:00:00+00:00,0.10000000000000001,0.13750000000000004,1.0394446772920116,False
2020-10-03 22:00:00+00:00,0.10000000000000001,0.12500000000000003,0.93972431117063704,False
2020-10-03 23:00:00+00:00,0.10000000000000001,0.1125,1.0955256940434681,False
2020-10-04 00:00:00+00:00,0,0.10833333333333335,1.0000000000000011,False
2020-10-04 01:00:00+00:00,0.10000000000000001,0.11250000000000003,1.1067575779538024,False
2020-10-04 02:00:00+00:00,0.10000000000000001,0.1166666666666667,1.0314572138494873,False
2020-10-04 03:00:00+00:00,0.10000000000000001,0.12083333333333336,0.98963221493951814,False
2020-10-04 04:00:00+00:00,0,0.1166666666666667,1.0000000000000004,False
2020-10-04 05:00:00+00:00,0,0.11250000000000003,1.0000000000000007,False
2020-10-04 06:00:00+00:00,0,0.10416666666666669,1.000000000000002,False
2020-10-04 07:00:00+00:00,0,0.091666666666666688,0.99999999999999967,False
2020-10-04 08:00:00+00:00,0,0.079166666666666691,1.0000000000000018,False
2020-10-04 09:00:00+00:00,0.10000000000000001,0.083333333333333356,0.99999999999999978,False
2020-10-04 10:00:00+00:00,0.10000000000000001,0.087500000000000022,0.99354838717169625,False
2020-10-04 11:00:00+00:00,0,0.083333333333333356,1.0000000000000007,False
2020-10-04 12:00:00+00:00,0.10000000000000001,0.079166666666666677,1,False
2020-10-04 13:00:00+00:00,0.10000000000000001,0.079166666666666691,1,False
2020-10-04 14:00:00+00:00,0.10000000000000001,0.079166666666666691,1,False
2020-10-04 15:00:00+00:00,0.20000000000000001,0.079166666666666691,1.0237539093980821,False
2020-10-04 16:00:00+00:00,0.20000000000000001,0.083333333333333356,1.0150582572695377,False
2020-10-04 17:00:00+00:00,0.20000000000000001,0.087500000000000022,1.006547619015125,False
2020-10-04 18:00:00+00:00,0.5,0.10416666666666669,0.98977560625388372,False
2020-10-04 19:00:00+00:00,1.1000000000000001,0.14166666666666669,1.0966005151683977,False
2020-10-04 20:00:00+00:00,1.1000000000000001,0.18333333333333335,1.0499042118323327,False
2020-10-04 21:00:00+00:00,1.3,0.23333333333333336,1.0594893200050517,False
2020-10-04 22:00:00+00:00,1.1000000000000001,0.27500000000000002,0.99997599153606609,False
2020-10-04 23:00:00+00:00,1.2,0.32083333333333336,1.0070335801375672,False
2020-10-05 00:00:00+00:00,0.69999999999999996,0.35000000000000003,0.98803876662209722,False
2020-10-05 01:00:00+00:00,0.90000000000000002,0.38333333333333336,0.9994907984717083,False
2020-10-05 02:00:00+00:00,0.40000000000000002,0.39583333333333331,1.0063246856666861,False
2020-10-05 03:00:00+00:00,0.40000000000000002,0.40833333333333338,1.0035822240967363,False
2020-10-05 04:00:00+00:00,0.20000000000000001,0.41666666666666669,1.0026392013997356,False
2020-10-05 05:00:00+00:00,0,0.41666666666666669,0.95894661416643912,False
2020-10-05 06:00:00+00:00,0,0.41666666666666669,0.95894661416643912,False
2020-10-05 07:00:00+00:00,0,0.41666666666666669,0.95894661416643912,False
2020-10-05 08:00:00+00:00,0,0.41666666666666669,0.95894661416643912,False
2020-10-05 09:00:00+00:00,0,0.41250000000000003,0.95972842509295986,False
2020-10-05 10:00:00+00:00,0,0.40833333333333338,0.99289385976806988,False
2020-10-05 11:00:00+00:00,0,0.40833333333333338,0.99289385976806988,False
2020-10-05 12:00:00+00:00,0,0.40416666666666673,1.0130824936637197,False
2020-10-05 13:00:00+00:00,0,0.39999999999999997,1.030891443161742,False
2020-10-05 14:00:00+00:00,0,0.39583333333333331,1.0384635889605243,False
2020-10-05 15:00:00+00:00,0,0.38750000000000001,1.0755874032060107,False
2020-10-05 16:00:00+00:00,0,0.37916666666666665,1.1101827527902897,False
2020-10-05 17:00:00+00:00,0,0.37083333333333335,1.1342850878840864,False
2020-10-05 18:00:00+00:00,0,0.35000000000000003,0.9764790191980387,False
2020-10-05 19:00:00+00:00,0,0.3041666666666667,1.0067108513838359,False
2020-10-05 20:00:00+00:00,0,0.25833333333333336,0.99787145893923113,False
2020-10-05 21:00:00+00:00,0,0.20416666666666669,1.0110062891586569,False
2020-10-05 22:00:00+00:00,0,0.15833333333333335,1.0986990510402426,False
2020-10-05 23:00:00+00:00,0.10000000000000001,0.11250000000000003,1.1067575779538024,False
2020-10-06 00:00:00+00:00,0,0.08333333333333337,1.0000000000000007,False
2020-10-06 01:00:00+00:00,0,0.045833333333333344,1.000000088779281,False
2020-10-06 02:00:00+00:00,0,0.029166666666666688,1.0000000000000013,False
2020-10-06 03:00:00+00:00,0,0.01250000000000002,1.0000000019756605,False
2020-10-06 04:00:00+00:00,0,0.0041666666666666857,1.00000008393169,False
2020-10-06 05:00:00+00:00,0,0.0041666666666666857,1.00000008393169,False
2020-10-06 06:00:00+00:00,0.20000000000000001,0.01250000000000002,1.0755502654500613,False
2020-10-06 07:00:00+00:00,0.20000000000000001,0.020833333333333353,1.0504829917165521,False
2020-10-06 08:00:00+00:00,0.20000000000000001,0.029166666666666688,0.96616080284063277,False
2020-10-06 09:00:00+00:00,0.20000000000000001,0.037500000000000019,0.91919258560458428,False
2020-10-06 10:00:00+00:00,0.29999999999999999,0.050000000000000024,1.0340295536025652,False
2020-10-06 11:00:00+00:00,0.10000000000000001,0.054166666666666689,0.99999999999999956,False
2020-10-06 12:00:00+00:00,0.10000000000000001,0.058333333333333355,1.0000000000000002,False
2020-10-06 13:00:00+00:00,0.10000000000000001,0.062500000000000014,1.0000000000000009,False
2020-10-06 14:00:00+00:00,0,0.062500000000000014,1,False
2020-10-06 15:00:00+00:00,0,0.062500000000000014,1,False
2020-10-06 16:00:00+00:00,0,0.062500000000000014,1,False
2020-10-06 17:00:00+00:00,0,0.062500000000000014,1,False
2020-10-06 18:00:00+00:00,0,0.062500000000000014,1,False
2020-10-06 19:00:00+00:00,0,0.062500000000000014,1,False
2020-10-06 20:00:00+00:00,0,0.062500000000000014,1,False
2020-10-06 21:00:00+00:00,0,0.062500000000000014,1,False
2020-10-06 22:00:00+00:00,0,0.062500000000000014,1,False
2020-10-06 23:00:00+00:00,0,0.058333333333333348,11805552.437997825,True
2020-10-07 00:00:00+00:00,0,0.058333333333333348,11805552.437997825,True
2020-10-07 01:00:00+00:00,0,0.058333333333333348,11805552.437997825,True
2020-10-07 02:00:00+00:00,0,0.058333333333333348,11805552.437997825,True
2020-10-07 03:00:00+00:00,0,0.058333333333333348,11805552.437997825,True
2020-10-07 04:00:00+00:00,0,0.058333333333333348,11805552.437997825,True
2020-10-07 05:00:00+00:00,0,0.058333333333333348,11805552.437997825,True
2020-10-07 06:00:00+00:00,0,0.050000000000000017,1.0000000007517134,False
2020-10-07 07:00:00+00:00,0,0.041666666666666685,1.000000000000002,False
2020-10-07 08:00:00+00:00,0,0.033333333333333354,1.0000000811464886,False
2020-10-07 09:00:00+00:00,0,0.025000000000000022,5555554.5851190658,False
2020-10-07 10:00:00+00:00,0,0.01250000000000002,1.0000000019756605,False
2020-10-07 11:00:00+00:00,0,0.0083333333333333523,1.0000000013829602,False
2020-10-07 12:00:00+00:00,0,0.0041666666666666857,1.00000008393169,False
2020-10-07 13:00:00+00:00,0,0,1,False
2020-10-07 14:00:00+00:00,0,0,1,False
2020-10-07 15:00:00+00:00,0,0,1,False
2020-10-07 16:00:00+00:00,0,0,1,False
2020-10-07 17:00:00+00:00,0.10000000000000001,0.0041666666666666857,0.99689542488043115,False
2020-10-07 18:00:00+00:00,0.20000000000000001,0.01250000000000002,1.0755502654500613,False
2020-10-07 19:00:00+00:00,0.40000000000000002,0.029166666666666688,1.1562025842910137,False
2020-10-07 20:00:00+00:00,0.29999999999999999,0.041666666666666685,1.0438740930146715,False
2020-10-07 21:00:00+00:00,1.2,0.091666666666666674,1.2332643319944199,False
2020-10-07 22:00:00+00:00,1.1000000000000001,0.13750000000000004,1.1053002043939526,False
2020-10-07 23:00:00+00:00,0.29999999999999999,0.15000000000000002,0.99009257887713242,False
2020-10-08 00:00:00+00:00,0,0.15000000000000002,0.99999999999999845,False
2020-10-08 01:00:00+00:00,0,0.15000000000000002,0.99999999999999845,False
2020-10-08 02:00:00+00:00,0,0.15000000000000002,0.99999999999999845,False
2020-10-08 03:00:00+00:00,0,0.15000000000000002,0.99999999999999845,False
2020-10-08 04:00:00+00:00,0,0.15000000000000002,0.99999999999999845,False
2020-10-08 05:00:00+00:00,0,0.15000000000000002,0.99999999999999845,False
2020-10-08 06:00:00+00:00,0,0.15000000000000002,0.99999999999999845,False
2020-10-08 07:00:00+00:00,0,0.15000000000000002,0.99999999999999845,False
2020-10-08 08:00:00+00:00,0,0.15000000000000002,0.99999999999999845,False
2020-10-08 09:00:00+00:00,0,0.15000000000000002,0.99999999999999845,False
2020-10-08 10:00:00+00:00,0,0.15000000000000002,0.99999999999999845,False
2020-10-08 11:00:00+00:00,0,0.15000000000000002,0.99999999999999845,False
2020-10-08 12:00:00+00:00,0,0.15000000000000002,0.99999999999999845,False
2020-10-08 13:00:00+00:00,0,0.15000000000000002,0.99999999999999845,False
2020-10-08 14:00:00+00:00,0,0.15000000000000002,0.99999999999999845,False
2020-10-08 15:00:00+00:00,0,0.15000000000000002,0.99999999999999845,False
2020-10-08 16:00:00+00:00,0,0.15000000000000002,0.99999999999999845,False
2020-10-08 17:00:00+00:00,0,0.14583333333333334,1.000000000000002,False
2020-10-08 18:00:00+00:00,0.10000000000000001,0.14166666666666669,1.0136057121124302,False
2020-10-08 19:00:00+00:00,0.40000000000000002,0.14166666666666669,0.95116518793707461,False
2020-10-08 20:00:00+00:00,0.80000000000000004,0.16250000000000001,0.97826694761768063,False
2020-10-08 21:00:00+00:00,1.5,0.17500000000000002,1.1038111243654627,False
2020-10-08 22:00:00+00:00,1.6000000000000001,0.19583333333333339,1.1185671923390004,False
2020-10-08 23:00:00+00:00,0.90000000000000002,0.22083333333333335,0.97776798274759236,False
2020-10-09 00:00:00+00:00,0.59999999999999998,0.24583333333333338,1.033120971478992,False
2020-10-09 01:00:00+00:00,0.5,0.26666666666666672,1.0816755484509413,False
2020-10-09 02:00:00+00:00,0.59999999999999998,0.29166666666666669,1.0094094210154134,False
2020-10-09 03:00:00+00:00,0.69999999999999996,0.32083333333333336,0.99648625139060576,False
2020-10-09 04:00:00+00:00,1.2,0.37083333333333335,1.0234228709573641,False
2020-10-09 05:00:00+00:00,0.59999999999999998,0.39583333333333331,0.99217963911715856,False
2020-10-09 06:00:00+00:00,0.20000000000000001,0.40416666666666673,1.0088067718088738,False
2020-10-09 07:00:00+00:00,0.20000000000000001,0.41250000000000003,1.0003552900446382,False
2020-10-09 08:00:00+00:00,0,0.41250000000000003,0.95972842509295986,False
2020-10-09 09:00:00+00:00,0,0.41250000000000003,0.95972842509295986,False
2020-10-09 10:00:00+00:00,0,0.41250000000000003,0.95972842509295986,False
2020-10-09 11:00:00+00:00,0,0.41250000000000003,0.95972842509295986,False
2020-10-09 12:00:00+00:00,0,0.41250000000000003,0.95972842509295986,False
2020-10-09 13:00:00+00:00,0,0.41250000000000003,0.95972842509295986,False
2020-10-09 14:00:00+00:00,0,0.41250000000000003,0.95972842509295986,False
2020-10-09 15:00:00+00:00,0,0.41250000000000003,0.95972842509295986,False
2020-10-09 16:00:00+00:00,0,0.41250000000000003,0.95972842509295986,False
2020-10-09 17:00:00+00:00,0.10000000000000001,0.41666666666666669,1.0638727077276087,False
2020-10-09 18:00:00+00:00,0.10000000000000001,0.41666666666666674,1.0638727077276089,False
2020-10-09 19:00:00+00:00,0.10000000000000001,0.40416666666666673,1.0353000353341384,False
2020-10-09 20:00:00+00:00,0.10000000000000001,0.375,0.98200126051863357,False
2020-10-09 21:00:00+00:00,0.20000000000000001,0.32083333333333336,1.0692969188547872,False
2020-10-09 22:00:00+00:00,0.59999999999999998,0.27916666666666667,1.0166189524451865,False
2020-10-09 23:00:00+00:00,0.59999999999999998,0.26666666666666666,1.022212563141955,False
2020-10-10 00:00:00+00:00,0.5,0.26250000000000001,1.0765594830616307,False
2020-10-10 01:00:00+00:00,0.40000000000000002,0.25833333333333336,1.0681131492661737,False
2020-10-10 02:00:00+00:00,0.40000000000000002,0.25,1.0516395044068696,False
2020-10-10 03:00:00+00:00,0.40000000000000002,0.23750000000000004,1.0587825289361812,False
2020-10-10 04:00:00+00:00,0.40000000000000002,0.20416666666666669,1.0453011664648129,False
2020-10-10 05:00:00+00:00,0.80000000000000004,0.21250000000000002,1.0015399134788816,False
2020-10-10 06:00:00+00:00,0.90000000000000002,0.2416666666666667,0.9822457145362089,False
2020-10-10 07:00:00+00:00,0.59999999999999998,0.25833333333333336,1.0237885673192682,False
2020-10-10 08:00:00+00:00,0.90000000000000002,0.29583333333333334,1.0019875655930035,False
2020-10-10 09:00:00+00:00,1,0.33750000000000008,0.99230892951023242,False
2020-10-10 10:00:00+00:00,0.29999999999999999,0.35000000000000003,1.0754932633926555,False
2020-10-10 11:00:00+00:00,0.10000000000000001,0.35416666666666669,0.98497530346023798,False
2020-10-10 12:00:00+00:00,0.29999999999999999,0.3666666666666667,1.08138756138099,False
2020-10-10 13:00:00+00:00,0.40000000000000002,0.38333333333333336,1.0118028520605378,False
2020-10-10 14:00:00+00:00,0.40000000000000002,0.40000000000000008,1.0050141275625237,False
2020-10-10 15:00:00+00:00,0.29999999999999999,0.41250000000000003,1.1020055060539233,False
2020-10-10 16:00:00+00:00,0.29999999999999999,0.42500000000000004,1.07681840244116,False
2020-10-10 17:00:00+00:00,0.29999999999999999,0.43333333333333335,1.0737197088650525,False
2020-10-10 18:00:00+00:00,0.10000000000000001,0.43333333333333335,1.1147462739418379,False
2020-10-10 19:00:00+00:00,0,0.42916666666666664,1.0104204178413061,False
2020-10-10 20:00:00+00:00,0,0.42499999999999999,0.98833666513915686,False
2020-10-10 21:00:00+00:00,0,0.41666666666666669,0.95894661416643912,False
2020-10-10 22:00:00+00:00,0,0.39166666666666666,1.0457414261288189,False
2020-10-10 23:00:00+00:00,0,0.36666666666666664,1.0811605860125164,False
2020-10-11 00:00:00+00:00,0,0.34583333333333327,0.97524171189751685,False
2020-10-11 01:00:00+00:00,0,0.32916666666666666,0.99705774592576213,False
2020-10-11 02:00:00+00:00,0,0.31250000000000006,1.0326121144963805,False
2020-10-11 03:00:00+00:00,0,0.29583333333333334,1.0154219772422763,False
2020-10-11 04:00:00+00:00,0,0.27916666666666667,0.99056536095268799,False
2020-10-11 05:00:00+00:00,0,0.24583333333333335,0.97524765600162822,False
2020-10-11 06:00:00+00:00,0,0.20833333333333334,0.99999999999999978,False
2020-10-11 07:00:00+00:00,0,0.18333333333333335,1.0424160824694282,False
2020-10-11 08:00:00+00:00,0,0.14583333333333334,1.000000000000002,False
2020-10-11 09:00:00+00:00,0,0.10416666666666669,1.000000000000002,False
2020-10-11 10:00:00+00:00,0,0.091666666666666688,0.99999999999999967,False
2020-10-11 11:00:00+00:00,0,0.087500000000000022,1.0000000000000013,False
2020-10-11 12:00:00+00:00,0,0.075000000000000025,1.0000000000000007,False
2020-10-11 13:00:00+00:00,0,0.058333333333333348,11805552.437997825,True
2020-10-11 14:00:00+00:00,0,0.041666666666666685,1.000000000000002,False
2020-10-11 15:00:00+00:00,0,0.029166666666666684,1.0000000000000013,False
2020-10-11 16:00:00+00:00,0,0.016666666666666687,1.0000000001541973,False
2020-10-11 17:00:00+00:00,0,0.0041666666666666857,1.00000008393169,False
2020-10-11 18:00:00+00:00,0,0,1,False
2020-10-11 19:00:00+00:00,0,0,1,False
2020-10-11 20:00:00+00:00,0,0,1,False
2020-10-11 21:00:00+00:00,0,0,1,False
2020-10-11 22:00:00+00:00,0,0,1,False
2020-10-11 23:00:00+00:00,0,0,1,False
2020-10-12 00:00:00+00:00,0,0,1,False
2020-10-12 01:00:00+00:00,0,0,1,False
2020-10-12 02:00:00+00:00,0,0,1,False
2020-10-12 03:00:00+00:00,0,0,1,False
2020-10-12 04:00:00+00:00,0,0,1,False
2020-10-12 05:00:00+00:00,0,0,1,False
2020-10-12 06:00:00+00:00,0,0,1,False
2020-10-12 07:00:00+00:00,0,0,1,False
2020-10-12 08:00:00+00:00,0,0,1,False
2020-10-12 09:00:00+00:00,0,0,1,False
2020-10-12 10:00:00+00:00,0,0,1,False
2020-10-12 11:00:00+00:00,0,0,1,False
2020-10-12 12:00:00+00:00,0,0,1,False
2020-10-12 13:00:00+00:00,0,0,1,False
2020-10-12 14:00:00+00:00,0,0,1,False
2020-10-12 15:00:00+00:00,0,0,1,False
2020-10-12 16:00:00+00:00,0,0,1,False
2020-10-12 17:00:00+00:00,0,0,1,False
2020-10-12 18:00:00+00:00,0,0,1,False
2020-10-12 19:00:00+00:00,0,0,1,False
2020-10-12 20:00:00+00:00,0,0,1,False
2020-10-12 21:00:00+00:00,0,0,1,False
2020-10-12 22:00:00+00:00,0,0,1,False
2020-10-12 23:00:00+00:00,0,0,1,False
2020-10-13 00:00:00+00:00,0,0,1,False
2020-10-13 01:00:00+00:00,0,0,1,False
2020-10-13 02:00:00+00:00,0,0,1,False
2020-10-13 03:00:00+00:00,0,0,1,False
2020-10-13 04:00:00+00:00,0,0,1,False
2020-10-13 05:00:00+00:00,0,0,1,False
2020-10-13 06:00:00+00:00,0,0,1,False
2020-10-13 07:00:00+00:00,0,0,1,False
2020-10-13 08:00:00+00:00,0,0,1,False
2020-10-13 09:00:00+00:00,0,0,1,False
2020-10-13 10:00:00+00:00,0,0,1,False
2020-10-13 11:00:00+00:00,0,0,1,False
2020-10-13 12:00:00+00:00,0,0,1,False
2020-10-13 13:00:00+00:00,0,0,1,False
2020-10-13 14:00:00+00:00,0,0,1,False
2020-10-13 15:00:00+00:00,0,0,1,False
2020-10-13 16:00:00+00:00,0,0,1,False
2020-10-13 17:00:00+00:00,0,0,1,False
2020-10-13 18:00:00+00:00,0,0,1,False
2020-10-13 19:00:00+00:00,0,0,1,False
2020-10-13 20:00:00+00:00,0,0,1,False
2020-10-13 21:00:00+00:00,0,0,1,False
2020-10-13 22:00:00+00:00,0,0,1,False
2020-10-13 23:00:00+00:00,0,0,1,False
2020-10-14 00:00:00+00:00,0,0,1,False
2020-10-14 01:00:00+00:00,0,0,1,False
2020-10-14 02:00:00+00:00,0,0,1,False
2020-10-14 03:00:00+00:00,0,0,1,False
2020-10-14 04:00:00+00:00,0,0,1,False
2020-10-14 05:00:00+00:00,0,0,1,False
2020-10-14 06:00:00+00:00,0,0,1,False
2020-10-14 07:00:00+00:00,0,0,1,False
2020-10-14 08:00:00+00:00,0,0,1,False
2020-10-14 09:00:00+00:00,0,0,1,False
2020-10-14 10:00:00+00:00,0,0,1,False
2020-10-14 11:00:00+00:00,0,0,1,False
2020-10-14 12:00:00+00:00,0,0,1,False
2020-10-14 13:00:00+00:00,0,0,1,False
2020-10-14 14:00:00+00:00,0,0,1,False
2020-10-14 15:00:00+00:00,0,0,1,False
2020-10-14 16:00:00+00:00,0,0,1,False
2020-10-14 17:00:00+00:00,0,0,1,False
2020-10-14 18:00:00+00:00,0,0,1,False
2020-10-14 19:00:00+00:00,0,0,1,False
2020-10-14 20:00:00+00:00,0,0,1,False
2020-10-14 21:00:00+00:00,0,0,1,False
2020-10-14 22:00:00+00:00,0,0,1,False
2020-10-14 23:00:00+00:00,0,0,1,False
2020-10-15 00:00:00+00:00,0,0,1,False
2020-10-15 01:00:00+00:00,0,0,1,False
2020-10-15 02:00:00+00:00,0,0,1,False
2020-10-15 03:00:00+00:00,0,0,1,False
2020-10-15 04:00:00+00:00,0,0,1,False
2020-10-15 05:00:00+00:00,0,0,1,False
2020-10-15 06:00:00+00:00,0,0,1,False
2020-10-15 07:00:00+00:00,0,0,1,False
2020-10-15 08:00:00+00:00,0,0,1,False
2020-10-15 09:00:00+00:00,0,0,1,False
2020-10-15 10:00:00+00:00,0,0,1,False
2020-10-15 11:00:00+00:00,0,0,1,False
2020-10-15 12:00:00+00:00,0,0,1,False
2020-10-15 13:00:00+00:00,0,0,1,False
2020-10-15 14:00:00+00:00,0,0,1,False
2020-10-15 15:00:00+00:00,0,0,1,False
2020-10-15 16:00:00+00:00,0,0,1,False
2020-10-15 17:00:00+00:00,0,0,1,False
2020-10-15 18:00:00+00:00,0,0,1,False
2020-10-15 19:00:00+00:00,0,0,1,False
2020-10-15 20:00:00+00:00,0,0,1,False
2020-10-15 21:00:00+00:00,0,0,1,False
2020-10-15 22:00:00+00:00,0,0,1,False
2020-10-15 23:00:00+00:00,0,0,1,False
2020-10-16 00:00:00+00:00,0,0,1,False
2020-10-16 01:00:00+00:00,0,0,1,False
2020-10-16 02:00:00+00:00,0,0,1,False
2020-10-16 03:00:00+00:00,0,0,1,False
2020-10-16 04:00:00+00:00,0,0,1,False
2020-10-16 05:00:00+00:00,0,0,1,False
2020-10-16 06:00:00+00:00,0,0,1,False
2020-10-16 07:00:00+00:00,0,0,1,False
2020-10-16 08:00:00+00:00,0,0,1,False
2020-10-16 09:00:00+00:00,0,0,1,False
2020-10-16 10:00:00+00:00,0,0,1,False
2020-10-16 11:00:00+00:00,0,0,1,False
2020-10-16 12:00:00+00:00,0,0,1,False
2020-10-16 13:00:00+00:00,0,0,1,False
2020-10-16 14:00:00+00:00,0,0,1,False
2020-10-16 15:00:00+00:00,0,0,1,False
2020-10-16 16:00:00+00:00,0,0,1,False
2020-10-16 17:00:00+00:00,0,0,1,False
2020-10-16 18:00:00+00:00,0,0,1,False
2020-10-16 19:00:00+00:00,0,0,1,False
2020-10-16 20:00:00+00:00,0,0,1,False
2020-10-16 21:00:00+00:00,0,0,1,False
2020-10-16 22:00:00+00:00,0,0,1,False
2020-10-16 23:00:00+00:00,0,0,1,False
2020-10-17 00:00:00+00:00,0,0,1,False
2020-10-17 01:00:00+00:00,0,0,1,False
2020-10-17 02:00:00+00:00,0,0,1,False
2020-10-17 03:00:00+00:00,0,0,1,False
2020-10-17 04:00:00+00:00,0,0,1,False
2020-10-17 05:00:00+00:00,0,0,1,False
2020-10-17 06:00:00+00:00,0,0,1,False
2020-10-17 07:00:00+00:00,0,0,1,False
2020-10-17 08:00:00+00:00,0,0,1,False
2020-10-17 09:00:00+00:00,0,0,1,False
2020-10-17 10:00:00+00:00,0,0,1,False
2020-10-17 11:00:00+00:00,0,0,1,False
2020-10-17 12:00:00+00:00,0,0,1,False
2020-10-17 13:00:00+00:00,0,0,1,False
2020-10-17 14:00:00+00:00,0,0,1,False
2020-10-17 15:00:00+00:00,0.10000000000000001,0.0041666666666666857,0.99689542488043115,False
2020-10-17 16:00:00+00:00,0.10000000000000001,0.0083333333333333523,1.0069306929704931,False
2020-10-17 17:00:00+00:00,0,0.0083333333333333523,1.0000000013829602,False
2020-10-17 18:00:00+00:00,0,0.0083333333333333523,1.0000000013829602,False
2020-10-17 19:00:00+00:00,0,0.0083333333333333523,1.0000000013829602,False
2020-10-17 20:00:00+00:00,0,0.0083333333333333523,1.0000000013829602,False
2020-10-17 21:00:00+00:00,0,0.0083333333333333523,1.0000000013829602,False
2020-10-17 22:00:00+00:00,0,0.0083333333333333523,1.0000000013829602,False
2020-10-17 23:00:00+00:00,0,0.0083333333333333523,1.0000000013829602,False
2020-10-18 00:00:00+00:00,0,0.0083333333333333523,1.0000000013829602,False
2020-10-18 01:00:00+00:00,0,0.0083333333333333523,1.0000000013829602,False
2020-10-18 02:00:00+00:00,0,0.0083333333333333523,1.0000000013829602,False
2020-10-18 03:00:00+00:00,0,0.0083333333333333523,1.0000000013829602,False
2020-10-18 04:00:00+00:00,0,0.0083333333333333523,1.0000000013829602,False
2020-10-18 05:00:00+00:00,0,0.0083333333333333523,1.0000000013829602,False
2020-10-18 06:00:00+00:00,0,0.0083333333333333523,1.0000000013829602,False
2020-10-18 07:00:00+00:00,0,0.0083333333333333523,1.0000000013829602,False
2020-10-18 08:00:00+00:00,0,0.0083333333333333523,1.0000000013829602,False
2020-10-18 09:00:00+00:00,0,0.0083333333333333523,1.0000000013829602,False
2020-10-18 10:00:00+00:00,0,0.0083333333333333523,1.0000000013829602,False
2020-10-18 11:00:00+00:00,0,0.0083333333333333523,1.0000000013829602,False
2020-10-18 12:00:00+00:00,0,0.0083333333333333523,1.0000000013829602,False
2020-10-18 13:00:00+00:00,0,0.0083333333333333523,1.0000000013829602,False
2020-10-18 14:00:00+00:00,0,0.0083333333333333523,1.0000000013829602,False
2020-10-18 15:00:00+00:00,0,0.0041666666666666857,1.00000008393169,False
2020-10-18 16:00:00+00:00,0,0,1,False
2020-10-18 17:00:00+00:00,0,0,1,False
2020-10-18 18:00:00+00:00,0,0,1,False
2020-10-18 19:00:00+00:00,0,0,1,False
2020-10-18 20:00:00+00:00,0,0,1,False
2020-10-18 21:00:00+00:00,0,0,1,False
2020-10-18 22:00:00+00:00,0,0,1,False
2020-10-18 23:00:00+00:00,0,0,1,False
2020-10-19 00:00:00+00:00,0,0,1,False
2020-10-19 01:00:00+00:00,0,0,1,False
2020-10-19 02:00:00+00:00,0,0,1,False
2020-10-19 03:00:00+00:00,0,0,1,False
2020-10-19 04:00:00+00:00,0,0,1,False
2020-10-19 05:00:00+00:00,0,0,1,False
2020-10-19 06:00:00+00:00,0,0,1,False
2020-10-19 07:00:00+00:00,0,0,1,False
2020-10-19 08:00:00+00:00,0,0,1,False
2020-10-19 09:00:00+00:00,0,0,1,False
2020-10-19 10:00:00+00:00,0,0,1,False
2020-10-19 11:00:00+00:00,0,0,1,False
2020-10-19 12:00:00+00:00,0,0,1,False
2020-10-19 13:00:00+00:00,0,0,1,False
2020-10-19 14:00:00+00:00,0,0,1,False
2020-10-19 15:00:00+00:00,0,0,1,False
2020-10-19 16:00:00+00:00,0,0,1,False
2020-10-19 17:00:00+00:00,0,0,1,False
2020-10-19 18:00:00+00:00,0,0,1,False
2020-10-19 19:00:00+00:00,0,0,1,False
2020-10-19 20:00:00+00:00,0.10000000000000001,0.0041666666666666857,0.99689542488043115,False
2020-10-19 21:00:00+00:00,0.40000000000000002,0.020833333333333353,1.2277952215040622,False
2020-10-19 22:00:00+00:00,1.1000000000000001,0.066666666666666693,1.3020765839434185,False
2020-10-19 23:00:00+00:00,1.3,0.12083333333333335,1.1569476267616428,False
2020-10-20 00:00:00+00:00,1.7,0.19166666666666668,1.1024176157192778,False
2020-10-20 01:00:00+00:00,2,0.27500000000000002,1.1052441491711027,False
2020-10-20 02:00:00+00:00,2,0.35833333333333339,1.0729469911749816,False
2020-10-20 03:00:00+00:00,2,0.44166666666666671,1.0532347918340392,False
2020-10-20 04:00:00+00:00,2,0.52500000000000002,1.0437674045445458,False
2020-10-20 05:00:00+00:00,1.5,0.58750000000000002,1.0085054804909421,False
2020-10-20 06:00:00+00:00,1.5,0.65000000000000002,1.0088712002876965,False
2020-10-20 07:00:00+00:00,1.6000000000000001,0.71666666666666667,1.0179312479514284,False
2020-10-20 08:00:00+00:00,1.3,0.77083333333333337,1.0211762062821237,False
2020-10-20 09:00:00+00:00,1.2,0.8208333333333333,1.0295472093983249,False
2020-10-20 10:00:00+00:00,1.1000000000000001,0.8666666666666667,1.0491443431020007,False
2020-10-20 11:00:00+00:00,0.90000000000000002,0.90416666666666667,1.0308742904231851,False
2020-10-20 12:00:00+00:00,1,0.9458333333333333,1.0748426257979538,False
2020-10-20 13:00:00+00:00,1.8,1.0208333333333333,1.2161846829624525,False
2020-10-20 14:00:00+00:00,1.3999999999999999,1.0791666666666668,1.2010127863541551,False
2020-10-20 15:00:00+00:00,1.1000000000000001,1.125,1.2178320513090808,False
2020-10-20 16:00:00+00:00,1.1000000000000001,1.1708333333333334,1.204008256473557,False
2020-10-20 17:00:00+00:00,0.80000000000000004,1.2041666666666668,1.0620550034172591,False
2020-10-20 18:00:00+00:00,1,1.2458333333333333,1.1435430881329813,False
2020-10-20 19:00:00+00:00,1.1000000000000001,1.2916666666666667,1.239560530117678,False
2020-10-20 20:00:00+00:00,0.69999999999999996,1.3166666666666667,1.0463303994243653,False
2020-10-20 21:00:00+00:00,0.69999999999999996,1.3291666666666668,1.0513138664329866,False
2020-10-20 22:00:00+00:00,1.6000000000000001,1.3499999999999999,1.3466224925326356,False
2020-10-20 23:00:00+00:00,1.3999999999999999,1.3541666666666667,1.3320206226620548,False
2020-10-21 00:00:00+00:00,0.80000000000000004,1.3166666666666667,1.078870335299875,False
2020-10-21 01:00:00+00:00,1.5,1.2958333333333332,1.3145282073982416,False
2020-10-21 02:00:00+00:00,0.80000000000000004,1.2458333333333333,1.0542346600826691,False
2020-10-21 03:00:00+00:00,0.40000000000000002,1.1791666666666667,1.0058702044434737,False
2020-10-21 04:00:00+00:00,0.29999999999999999,1.1083333333333332,1.0263899638801772,False
2020-10-21 05:00:00+00:00,0.20000000000000001,1.0541666666666667,1.0443920150216786,False
2020-10-21 06:00:00+00:00,0.10000000000000001,0.99583333333333324,1.0541352222618761,False
2020-10-21 07:00:00+00:00,0,0.9291666666666667,1.1000162708270416,False
2020-10-21 08:00:00+00:00,0.20000000000000001,0.8833333333333333,1.0825954707071086,False
2020-10-21 09:00:00+00:00,0.29999999999999999,0.84583333333333333,1.0327440997280961,False
2020-10-21 10:00:00+00:00,0.10000000000000001,0.8041666666666667,1.0271976577582997,False
2020-10-21 11:00:00+00:00,0.10000000000000001,0.77083333333333337,1.0134141024199816,False
2020-10-21 12:00:00+00:00,0,0.72916666666666663,1.4325165369594224,False
2020-10-21 13:00:00+00:00,0.10000000000000001,0.65833333333333333,0.99797883277170718,False
2020-10-21 14:00:00+00:00,0,0.59999999999999998,0.99466033582275371,False
2020-10-21 15:00:00+00:00,0.29999999999999999,0.56666666666666676,1.0083528215967568,False
2020-10-21 16:00:00+00:00,0.59999999999999998,0.54583333333333339,1.0215601286587157,False
2020-10-21 17:00:00+00:00,0.80000000000000004,0.54583333333333339,1.0274416538396143,False
2020-10-21 18:00:00+00:00,0.59999999999999998,0.52916666666666667,1.0211988528527176,False
2020-10-21 19:00:00+00:00,0.59999999999999998,0.50833333333333341,1.0112043126818777,False
2020-10-21 20:00:00+00:00,0.5,0.5,1.0187976510229779,False
2020-10-21 21:00:00+00:00,0.20000000000000001,0.47916666666666669,1.0315157194924716,False
2020-10-21 22:00:00+00:00,0.29999999999999999,0.42500000000000004,1.07681840244116,False
2020-10-21 23:00:00+00:00,0.20000000000000001,0.375,1.0374767978562247,False
2020-10-22 00:00:00+00:00,0.10000000000000001,0.34583333333333327,0.99209667394972201,False
2020-10-22 01:00:00+00:00,0.10000000000000001,0.28750000000000003,1.0425884886521695,False
2020-10-22 02:00:00+00:00,0.20000000000000001,0.26250000000000001,0.99458294367422717,False
2020-10-22 03:00:00+00:00,0,0.24583333333333335,0.97524765600162822,False
2020-10-22 04:00:00+00:00,0,0.23333333333333336,1.1326067717062727,False
2020-10-22 05:00:00+00:00,0,0.22500000000000001,0.98293880254807087,False
2020-10-22 06:00:00+00:00,0,0.22083333333333333,0.99071471950684709,False
2020-10-22 07:00:00+00:00,0,0.22083333333333333,0.99071471950684709,False
2020-10-22 08:00:00+00:00,0,0.21250000000000002,0.99999999999999933,False
2020-10-22 09:00:00+00:00,0,0.20000000000000004,1.0826194104380038,False
2020-10-22 10:00:00+00:00,0,0.19583333333333333,1.3255352458624685,False
2020-10-22 11:00:00+00:00,0,0.19166666666666668,1.0460870286747486,False
2020-10-22 12:00:00+00:00,0,0.19166666666666668,1.0460870286747486,False
2020-10-22 13:00:00+00:00,0,0.1875,0.95136405847997929,False
2020-10-22 14:00:00+00:00,0,0.1875,0.95136405847997929,False
2020-10-22 15:00:00+00:00,0,0.17500000000000002,1.0666774150934077,False
2020-10-22 16:00:00+00:00,0,0.15000000000000002,0.99999999999999845,False
2020-10-22 17:00:00+00:00,0,0.11666666666666668,1.0000000000000007,False
2020-10-22 18:00:00+00:00,0,0.091666666666666674,0.99999999999999967,False
2020-10-22 19:00:00+00:00,0,0.066666666666666693,1.000000000000002,False
2020-10-22 20:00:00+00:00,0,0.045833333333333358,0.99999999878569457,False
2020-10-22 21:00:00+00:00,0,0.037500000000000026,2777777.9184473688,False
2020-10-22 22:00:00+00:00,0,0.025000000000000022,5555554.5851190658,False
2020-10-22 23:00:00+00:00,0,0.016666666666666687,1.0000000001541973,False
2020-10-23 00:00:00+00:00,0,0.01250000000000002,1.0000000019756605,False
2020-10-23 01:00:00+00:00,0,0.0083333333333333523,1.0000000013829602,False
2020-10-23 02:00:00+00:00,0,0,1,False
2020-10-23 03:00:00+00:00,0,0,1,False
2020-10-23 04:00:00+00:00,0,0,1,False
2020-10-23 05:00:00+00:00,0,0,1,False
2020-10-23 06:00:00+00:00,0,0,1,False
2020-10-23 07:00:00+00:00,0,0,1,False
2020-10-23 08:00:00+00:00,0,0,1,False
2020-10-23 09:00:00+00:00,0,0,1,False
2020-10-23 10:00:00+00:00,0,0,1,False
2020-10-23 11:00:00+00:00,0,0,1,False
2020-10-23 12:00:00+00:00,0,0,1,False
2020-10-23 13:00:00+00:00,0,0,1,False
2020-10-23 14:00:00+00:00,0,0,1,False
2020-10-23 15:00:00+00:00,0,0,1,False
2020-10-23 16:00:00+00:00,0,0,1,False
2020-10-23 17:00:00+00:00,0,0,1,False
2020-10-23 18:00:00+00:00,0,0,1,False
2020-10-23 19:00:00+00:00,0,0,1,False
2020-10-23 20:00:00+00:00,0,0,1,False
2020-10-23 21:00:00+00:00,0,0,1,False
2020-10-23 22:00:00+00:00,0.20000000000000001,0.0083333333333333523,1.150752086650588,False
2020-10-23 23:00:00+00:00,0.5,0.029166666666666684,1.1138804680572223,False
2020-10-24 00:00:00+00:00,0.90000000000000002,0.066666666666666693,1.0847356968975543,False
2020-10-24 01:00:00+00:00,0.29999999999999999,0.079166666666666691,0.97753601771776599,False
2020-10-24 02:00:00+00:00,0.20000000000000001,0.087500000000000022,1.006547619015125,False
2020-10-24 03:00:00+00:00,0.10000000000000001,0.091666666666666688,0.97064646627906259,False
2020-10-24 04:00:00+00:00,0.10000000000000001,0.095833333333333368,0.97593589104208911,False
2020-10-24 05:00:00+00:00,0.10000000000000001,0.10000000000000002,1.0311236457876085,False
2020-10-24 06:00:00+00:00,0,0.10000000000000002,1.0000000000000004,False
2020-10-24 07:00:00+00:00,0,0.10000000000000002,1.0000000000000004,False
2020-10-24 08:00:00+00:00,0,0.10000000000000002,1.0000000000000004,False
2020-10-24 09:00:00+00:00,0,0.10000000000000002,1.0000000000000004,False
2020-10-24 10:00:00+00:00,0,0.10000000000000002,1.0000000000000004,False
2020-10-24 11:00:00+00:00,0,0.10000000000000002,1.0000000000000004,False
2020-10-24 12:00:00+00:00,0,0.10000000000000002,1.0000000000000004,False
2020-10-24 13:00:00+00:00,0,0.10000000000000002,1.0000000000000004,False
2020-10-24 14:00:00+00:00,0,0.10000000000000002,1.0000000000000004,False
2020-10-24 15:00:00+00:00,0.10000000000000001,0.10416666666666669,1.0844720548121392,False
2020-10-24 16:00:00+00:00,0.29999999999999999,0.1166666666666667,0.96129153985474314,False
2020-10-24 17:00:00+00:00,1,0.15833333333333335,1.0352824750379472,False
2020-10-24 18:00:00+00:00,1.1000000000000001,0.20416666666666669,1.0369128101484957,False
2020-10-24 19:00:00+00:00,2,0.28750000000000003,1.0986877599576357,False
2020-10-24 20:00:00+00:00,1.1000000000000001,0.33333333333333331,0.99917008207552127,False
2020-10-24 21:00:00+00:00,0.80000000000000004,0.3666666666666667,1.0024608945624756,False
2020-10-24 22:00:00+00:00,0.80000000000000004,0.39166666666666677,0.99744963280444354,False
2020-10-24 23:00:00+00:00,0.10000000000000001,0.37500000000000006,0.98200126051863335,False
2020-10-25 00:00:00+00:00,0.80000000000000004,0.37083333333333335,1.0001751650883379,False
2020-10-25 01:00:00+00:00,1.1000000000000001,0.40416666666666662,1.0150250231652733,False
2020-10-25 02:00:00+00:00,1.6000000000000001,0.46250000000000008,0.99625189765136435,False
2020-10-25 03:00:00+00:00,3.1000000000000001,0.58750000000000002,1.121967605050797,False
2020-10-25 04:00:00+00:00,5.4000000000000004,0.80833333333333324,2.0648907550110134,False
2020-10-25 05:00:00+00:00,5,1.0125000000000002,1.8013752326128851,False
2020-10-25 06:00:00+00:00,2.2999999999999998,1.1083333333333334,1.1575274132446902,False
2020-10-25 07:00:00+00:00,0.90000000000000002,1.1458333333333335,1.1277015857911397,False
2020-10-25 08:00:00+00:00,0.40000000000000002,1.1625000000000001,1.0116654637015452,False
2020-10-25 09:00:00+00:00,1,1.2041666666666668,1.166063241580072,False
2020-10-25 10:00:00+00:00,0.59999999999999998,1.2291666666666667,1.0234022910071223,False
2020-10-25 11:00:00+00:00,0.5,1.2500000000000002,1.0308769868940553,False
2020-10-25 12:00:00+00:00,0.69999999999999996,1.2791666666666668,1.0409274515774205,False
2020-10-25 13:00:00+00:00,0.59999999999999998,1.3041666666666667,1.0463406734431753,False
2020-10-25 14:00:00+00:00,0.20000000000000001,1.3125000000000002,1.0825042412411201,False
2020-10-25 15:00:00+00:00,0.29999999999999999,1.3208333333333333,1.0556653189149463,False
2020-10-25 16:00:00+00:00,0.20000000000000001,1.3166666666666667,1.0870862524013896,False
2020-10-25 17:00:00+00:00,0,1.2750000000000001,1.1546791312734208,False
2020-10-25 18:00:00+00:00,0,1.2291666666666667,1.1002295642946485,False
2020-10-25 19:00:00+00:00,0,1.1458333333333333,1.0566594343195197,False
2020-10-25 20:00:00+00:00,0,1.1000000000000001,1.0456921487804192,False
2020-10-25 21:00:00+00:00,0,1.0666666666666667,1.0542363002688557,False
2020-10-25 22:00:00+00:00,0,1.0333333333333334,1.054971754488822,False
2020-10-25 23:00:00+00:00,0,1.0291666666666668,1.0557286824637215,False
2020-10-26 00:00:00+00:00,0,0.99583333333333346,1.050668914441742,False
2020-10-26 01:00:00+00:00,0.10000000000000001,0.95416666666666661,1.0844515536647237,False
2020-10-26 02:00:00+00:00,0.10000000000000001,0.89166666666666672,1.0774862634395872,False
2020-10-26 03:00:00+00:00,0.10000000000000001,0.76666666666666661,1.011748701210087,False
2020-10-26 04:00:00+00:00,0.10000000000000001,0.54583333333333328,1.1767974800315502,False
2020-10-26 05:00:00+00:00,0,0.33749999999999997,0.98541942738998567,False
2020-10-26 06:00:00+00:00,0,0.24166666666666667,1.0057649875790515,False
2020-10-26 07:00:00+00:00,0,0.20416666666666664,1.0132075469903883,False
2020-10-26 08:00:00+00:00,0,0.1875,0.95136405847997929,False
2020-10-26 09:00:00+00:00,0,0.14583333333333334,1.000000000000002,False
2020-10-26 10:00:00+00:00,0.10000000000000001,0.125,0.93863463045718165,False
2020-10-26 11:00:00+00:00,0,0.10416666666666667,1.0000000000000018,False
2020-10-26 12:00:00+00:00,0,0.074999999999999997,1,False
2020-10-26 13:00:00+00:00,0,0.049999999999999996,0.99999999722444444,False
2020-10-26 14:00:00+00:00,0,0.041666666666666664,0.99999999999999989,False
2020-10-26 15:00:00+00:00,0,0.029166666666666671,0.99999999999999978,False
2020-10-26 16:00:00+00:00,0.10000000000000001,0.024999999999999998,0.99999999999999978,False
2020-10-26 17:00:00+00:00,0.29999999999999999,0.037500000000000006,1.0506615538609936,False
2020-10-26 18:00:00+00:00,0.40000000000000002,0.054166666666666669,1.0622066105727408,False
2020-10-26 19:00:00+00:00,0.10000000000000001,0.058333333333333341,0.99999999999999978,False
2020-10-26 20:00:00+00:00,0,0.058333333333333341,11805552.437997824,True
2020-10-26 21:00:00+00:00,0.29999999999999999,0.070833333333333345,0.96879815975011241,False
2020-10-26 22:00:00+00:00,0.10000000000000001,0.074999999999999997,1.0000000000000009,False
2020-10-26 23:00:00+00:00,0,0.074999999999999997,1,False
2020-10-27 00:00:00+00:00,0,0.074999999999999997,1,False
2020-10-27 01:00:00+00:00,0,0.070833333333333331,0.99999999999999956,False
2020-10-27 02:00:00+00:00,0,0.066666666666666666,1.0000000000000007,False
2020-10-27 03:00:00+00:00,0,0.0625,1,False
2020-10-27 04:00:00+00:00,0,0.058333333333333327,11805552.437997814,True
2020-10-27 05:00:00+00:00,0,0.058333333333333327,11805552.437997814,True
2020-10-27 06:00:00+00:00,0,0.058333333333333327,11805552.437997814,True
2020-10-27 07:00:00+00:00,0.10000000000000001,0.0625,1.0000000000000009,False
2020-10-27 08:00:00+00:00,0.10000000000000001,0.066666666666666666,1.0000000000000009,False
2020-10-27 09:00:00+00:00,0.10000000000000001,0.070833333333333331,1.0000000000000007,False
2020-10-27 10:00:00+00:00,0.40000000000000002,0.083333333333333329,1.015280797178548,False
2020-10-27 11:00:00+00:00,0.10000000000000001,0.087500000000000008,0.99462365597641356,False
2020-10-27 12:00:00+00:00,0,0.087500000000000008,1.0000000000000004,False
2020-10-27 13:00:00+00:00,0.29999999999999999,0.10000000000000002,1.0179825276954373,False
2020-10-27 14:00:00+00:00,0.29999999999999999,0.1125,0.96994183654959898,False
2020-10-27 15:00:00+00:00,0.10000000000000001,0.11666666666666668,1.0314572138494873,False
2020-10-27 16:00:00+00:00,0.20000000000000001,0.12083333333333333,0.9988125868223271,False
2020-10-27 17:00:00+00:00,0.10000000000000001,0.1125,1.0955256940434681,False
2020-10-27 18:00:00+00:00,0,0.095833333333333326,0.99999999999999956,False
2020-10-27 19:00:00+00:00,0.10000000000000001,0.09583333333333334,0.97593589104208911,False
2020-10-27 20:00:00+00:00,0.10000000000000001,0.10000000000000002,1.0311236457876085,False
2020-10-27 21:00:00+00:00,0.20000000000000001,0.095833333333333326,1.0000000000000004,False
2020-10-27 22:00:00+00:00,0.10000000000000001,0.095833333333333326,0.97593589104208911,False
2020-10-27 23:00:00+00:00,0,0.095833333333333326,0.99999999999999956,False
2020-10-28 00:00:00+00:00,0,0.095833333333333326,0.99999999999999956,False
2020-10-28 01:00:00+00:00,0,0.095833333333333326,0.99999999999999956,False
2020-10-28 02:00:00+00:00,0,0.095833333333333326,0.99999999999999956,False
2020-10-28 03:00:00+00:00,0,0.095833333333333326,0.99999999999999956,False
2020-10-28 04:00:00+00:00,0,0.095833333333333326,0.99999999999999956,False
2020-10-28 05:00:00+00:00,0,0.095833333333333326,0.99999999999999956,False
2020-10-28 06:00:00+00:00,1.3999999999999999,0.15416666666666665,1.1140255815069795,False
2020-10-28 07:00:00+00:00,1.2,0.19999999999999998,1.0544574810497238,False
2020-10-28 08:00:00+00:00,1.5,0.2583333333333333,1.0523084210034737,False
2020-10-28 09:00:00+00:00,0.20000000000000001,0.26250000000000001,0.99458294367422717,False
2020-10-28 10:00:00+00:00,0,0.24583333333333332,0.97524765600162822,False
2020-10-28 11:00:00+00:00,0.10000000000000001,0.24583333333333332,0.97461571718680806,False
2020-10-28 12:00:00+00:00,0,0.24583333333333332,0.97524765600162822,False
2020-10-28 13:00:00+00:00,0.20000000000000001,0.24166666666666667,1.0025565133200909,False
2020-10-28 14:00:00+00:00,0.29999999999999999,0.2416666666666667,1.0577294549112308,False
2020-10-28 15:00:00+00:00,0.10000000000000001,0.24166666666666667,0.98514319805665473,False
2020-10-28 16:00:00+00:00,0.10000000000000001,0.23749999999999996,1.0184383897664304,False
2020-10-28 17:00:00+00:00,0.10000000000000001,0.23750000000000002,1.0014970227456401,False
2020-10-28 18:00:00+00:00,0.10000000000000001,0.24166666666666667,0.98514319805665473,False
2020-10-28 19:00:00+00:00,0.20000000000000001,0.24583333333333335,0.999963472553555,False
2020-10-28 20:00:00+00:00,0.40000000000000002,0.25833333333333336,1.0681131492661737,False
2020-10-28 21:00:00+00:00,0.69999999999999996,0.27916666666666662,1.0096478140198051,False
2020-10-28 22:00:00+00:00,0.69999999999999996,0.30416666666666664,1.0013186974439796,False
2020-10-28 23:00:00+00:00,0.5,0.32500000000000001,1.0334736897789252,False
2020-10-29 00:00:00+00:00,0.40000000000000002,0.34166666666666662,1.0178594069481752,False
2020-10-29 01:00:00+00:00,0.69999999999999996,0.37083333333333335,0.98967126683496265,False
2020-10-29 02:00:00+00:00,0.69999999999999996,0.39999999999999997,0.99275449117988646,False
2020-10-29 03:00:00+00:00,0.29999999999999999,0.41250000000000003,1.1020055060539233,False
2020-10-29 04:00:00+00:00,0.20000000000000001,0.42083333333333334,1.0053523472492312,False
2020-10-29 05:00:00+00:00,0.10000000000000001,0.42499999999999999,1.0883623273235954,False
2020-10-29 06:00:00+00:00,0,0.36666666666666664,1.0811605860125164,False
2020-10-29 07:00:00+00:00,0,0.31666666666666671,1.0302773494802926,False
2020-10-29 08:00:00+00:00,0,0.25416666666666671,0.95930773277687609,False
2020-10-29 09:00:00+00:00,0,0.24583333333333335,0.97524765600162822,False
2020-10-29 10:00:00+00:00,0,0.24583333333333335,0.97524765600162822,False
2020-10-29 11:00:00+00:00,0,0.2416666666666667,1.0057649875790502,False
2020-10-29 12:00:00+00:00,0,0.2416666666666667,1.0057649875790502,False
2020-10-29 13:00:00+00:00,0,0.23333333333333336,1.1326067717062727,False
2020-10-29 14:00:00+00:00,0,0.22083333333333335,0.98886286767474851,False
2020-10-29 15:00:00+00:00,0,0.21666666666666667,0.99999999999999933,False
2020-10-29 16:00:00+00:00,0,0.21250000000000002,0.99999999999999933,False
2020-10-29 17:00:00+00:00,0,0.20833333333333334,0.99999999999999978,False
2020-10-29 18:00:00+00:00,0,0.20416666666666669,1.0110062891586569,False
2020-10-29 19:00:00+00:00,0,0.19583333333333333,1.3255352458624685,False
2020-10-29 20:00:00+00:00,0,0.17916666666666667,1.2903016880673204,False
2020-10-29 21:00:00+00:00,0,0.14999999999999999,0.99999999999999956,False
2020-10-29 22:00:00+00:00,0,0.12083333333333333,1.0000000000000009,False
2020-10-29 23:00:00+00:00,0,0.099999999999999992,1.0000000000000004,False
2020-10-30 00:00:00+00:00,0,0.083333333333333329,1.0000000000000009,False
2020-10-30 01:00:00+00:00,0,0.054166666666666662,1.0000001634109028,False
2020-10-30 02:00:00+00:00,0,0.024999999999999998,5555554.585119064,False
2020-10-30 03:00:00+00:00,0,0.012500000000000002,1.0000000702225564,False
2020-10-30 04:00:00+00:00,0,0.0041666666666666666,1.000000164225272,False
2020-10-30 05:00:00+00:00,0,0,1,False
2020-10-30 06:00:00+00:00,0,0,1,False
2020-10-30 07:00:00+00:00,0,0,1,False
2020-10-30 08:00:00+00:00,0,0,1,False
2020-10-30 09:00:00+00:00,0,0,1,False
2020-10-30 10:00:00+00:00,0.10000000000000001,0.0041666666666666666,0.9968954248804317,False
2020-10-30 11:00:00+00:00,0.29999999999999999,0.016666666666666666,1.1745327143063753,False
2020-10-30 12:00:00+00:00,0.40000000000000002,0.033333333333333333,1.1481722643506624,False
2020-10-30 13:00:00+00:00,0.40000000000000002,0.049999999999999996,1.0737385885185597,False
2020-10-30 14:00:00+00:00,0.5,0.070833333333333331,1.051744410657558,False
2020-10-30 15:00:00+00:00,1.1000000000000001,0.11666666666666665,1.1731078986734433,False
2020-10-30 16:00:00+00:00,1.3999999999999999,0.17500000000000002,1.0972629455895808,False
2020-10-30 17:00:00+00:00,0.69999999999999996,0.20416666666666669,0.98878566215826524,False
2020-10-30 18:00:00+00:00,0.29999999999999999,0.21666666666666667,1.0878869834867819,False
2020-10-30 19:00:00+00:00,1,0.25833333333333336,0.97845907313144553,False
2020-10-30 20:00:00+00:00,1.1000000000000001,0.30416666666666664,0.99287599277879179,False
2020-10-30 21:00:00+00:00,0.40000000000000002,0.32083333333333336,1.0324148986058681,False
2020-10-30 22:00:00+00:00,0.20000000000000001,0.32916666666666666,1.067169504509667,False
2020-10-30 23:00:00+00:00,0.10000000000000001,0.33333333333333331,1.0193391096465017,False
2020-10-31 00:00:00+00:00,0,0.33333333333333331,0.97306194727293938,False
2020-10-31 01:00:00+00:00,0,0.33333333333333331,0.97306194727293938,False
2020-10-31 02:00:00+00:00,0,0.33333333333333331,0.97306194727293938,False
2020-10-31 03:00:00+00:00,0,0.33333333333333331,0.97306194727293938,False
2020-10-31 04:00:00+00:00,0,0.33333333333333331,0.97306194727293938,False
2020-10-31 05:00:00+00:00,0,0.33333333333333331,0.97306194727293938,False
2020-10-31 06:00:00+00:00,0,0.33333333333333331,0.97306194727293938,False
2020-10-31 07:00:00+00:00,0,0.33333333333333331,0.97306194727293938,False
2020-10-31 08:00:00+00:00,0,0.33333333333333331,0.97306194727293938,False
2020-10-31 09:00:00+00:00,0,0.33333333333333331,0.97306194727293938,False
2020-10-31 10:00:00+00:00,0,0.32916666666666666,0.99705774592576213,False
2020-10-31 11:00:00+00:00,0,0.31666666666666665,1.0301965511937774,False
2020-10-31 12:00:00+00:00,0,0.29999999999999999,1.0391486740875064,False
2020-10-31 13:00:00+00:00,0,0.28333333333333333,0.97977715406059074,False
2020-10-31 14:00:00+00:00,0,0.26250000000000001,1.0940374489288716,False
2020-10-31 15:00:00+00:00,0,0.21666666666666665,0.99999999999999933,False
2020-10-31 16:00:00+00:00,0,0.15833333333333333,1.0682923202191295,False
2020-10-31 17:00:00+00:00,0,0.12916666666666665,1.0000000000000016,False
2020-10-31 18:00:00+00:00,0,0.11666666666666665,1.0000000000000022,False
2020-10-31 19:00:00+00:00,0,0.074999999999999997,1,False
2020-10-31 20:00:00+00:00,0.20000000000000001,0.037499999999999992,0.91919258560458417,False
2020-10-31 21:00:00+00:00,0.40000000000000002,0.037499999999999992,1.1261566700904635,False
2020-10-31 22:00:00+00:00,0.69999999999999996,0.05833333333333332,1.0117341751445799,False
2020-10-31 23:00:00+00:00,0.69999999999999996,0.083333333333333329,0.9974045633759866,False
2020-11-01 00:00:00+00:00,0.59999999999999998,0.10833333333333332,1.0306711688327952,False
2020-11-01 01:00:00+00:00,1.1000000000000001,0.15416666666666665,1.0787992422165444,False
2020-11-01 02:00:00+00:00,1.3,0.20833333333333334,1.1035385621249887,False
2020-11-01 03:00:00+00:00,1.8999999999999999,0.28749999999999998,1.0678464470336493,False
2020-11-01 04:00:00+00:00,0.40000000000000002,0.30416666666666664,1.0502814007819798,False
2020-11-01 05:00:00+00:00,0,0.30416666666666664,1.0115508271927629,False
2020-11-01 06:00:00+00:00,0,0.30416666666666664,1.0115508271927629,False
2020-11-01 07:00:00+00:00,0,0.30416666666666664,1.0115508271927629,False
2020-11-01 08:00:00+00:00,0,0.30416666666666664,1.0115508271927629,False
2020-11-01 09:00:00+00:00,0,0.30416666666666664,1.0115508271927629,False
2020-11-01 10:00:00+00:00,0,0.30416666666666664,1.0115508271927629,False
2020-11-01 11:00:00+00:00,0,0.30416666666666664,1.0115508271927629,False
2020-11-01 12:00:00+00:00,0,0.30416666666666664,1.0115508271927629,False
2020-11-01 13:00:00+00:00,0.29999999999999999,0.31666666666666665,1.1036074706590795,False
2020-11-01 14:00:00+00:00,0.5,0.33749999999999997,1.020062716532286,False
2020-11-01 15:00:00+00:00,0.40000000000000002,0.35416666666666669,1.0132099962933649,False
2020-11-01 16:00:00+00:00,0.59999999999999998,0.37916666666666665,0.9945418779358508,False
2020-11-01 17:00:00+00:00,0.59999999999999998,0.40416666666666662,0.99029682389466056,False
2020-11-01 18:00:00+00:00,0.80000000000000004,0.4375,0.98735885283243796,False
2020-11-01 19:00:00+00:00,1.1000000000000001,0.48333333333333334,1.0412864995487838,False
2020-11-01 20:00:00+00:00,0.90000000000000002,0.51250000000000007,1.0132104704899563,False
2020-11-01 21:00:00+00:00,1.1000000000000001,0.54166666666666663,1.0575350822387528,False
2020-11-01 22:00:00+00:00,0.69999999999999996,0.54166666666666663,1.0147864071821608,False
2020-11-01 23:00:00+00:00,1.2,0.5625,1.0663764282696042,False
2020-11-02 00:00:00+00:00,0.59999999999999998,0.5625,1.0276980515220506,False
2020-11-02 01:00:00+00:00,0.80000000000000004,0.54999999999999993,1.0298650392635547,False
2020-11-02 02:00:00+00:00,0.90000000000000002,0.53333333333333333,1.0266826747439897,False
2020-11-02 03:00:00+00:00,1.7,0.52500000000000002,0.99635942420561296,False
2020-11-02 04:00:00+00:00,2.6000000000000001,0.61666666666666659,1.0675888942388727,False
2020-11-02 05:00:00+00:00,2.1000000000000001,0.70416666666666661,1.077890179966009,False
2020-11-02 06:00:00+00:00,2.7000000000000002,0.81666666666666654,1.0597941192977929,False
2020-11-02 07:00:00+00:00,3.8999999999999999,0.97916666666666663,1.2913839849185602,False
2020-11-02 08:00:00+00:00,1.1000000000000001,1.0249999999999999,1.1369392083969951,False
2020-11-02 09:00:00+00:00,1.2,1.075,1.2104208696213592,False
2020-11-02 10:00:00+00:00,0.90000000000000002,1.1125,1.1077352557499325,False
2020-11-02 11:00:00+00:00,0.40000000000000002,1.1291666666666667,1.0199769895325996,False
2020-11-02 12:00:00+00:00,0.20000000000000001,1.1375,1.0094434701040729,False
2020-11-02 13:00:00+00:00,0.29999999999999999,1.1375,1.0257255604993145,False
2020-11-02 14:00:00+00:00,0.29999999999999999,1.1291666666666667,1.0227960630338016,False
2020-11-02 15:00:00+00:00,0.29999999999999999,1.125,1.0207043761042709,False
2020-11-02 16:00:00+00:00,0.29999999999999999,1.1125,1.0272675795558521,False
2020-11-02 17:00:00+00:00,0.5,1.1083333333333334,1.0360513719250621,False
2020-11-02 18:00:00+00:00,0.29999999999999999,1.0875000000000001,1.0367793396037179,False
2020-11-02 19:00:00+00:00,0.10000000000000001,1.0458333333333332,1.0217129682946429,False
2020-11-02 20:00:00+00:00,0.10000000000000001,1.0125,1.0288778586602778,False
2020-11-02 21:00:00+00:00,0.10000000000000001,0.97083333333333321,1.0744552286092313,False
2020-11-02 22:00:00+00:00,0.40000000000000002,0.95833333333333337,1.174590514165134,False
2020-11-02 23:00:00+00:00,0.5,0.9291666666666667,1.1855754987661631,False
2020-11-03 00:00:00+00:00,0.40000000000000002,0.92083333333333328,1.1330506963728455,False
2020-11-03 01:00:00+00:00,0.5,0.90833333333333333,1.1614176801092897,False
2020-11-03 02:00:00+00:00,0.29999999999999999,0.8833333333333333,1.0855222293994453,False
2020-11-03 03:00:00+00:00,0.20000000000000001,0.8208333333333333,1.0041942433303575,False
2020-11-03 04:00:00+00:00,0.10000000000000001,0.71666666666666667,0.99829229563109179,False
2020-11-03 05:00:00+00:00,0.29999999999999999,0.64166666666666672,0.99900373559115541,False
2020-11-03 06:00:00+00:00,0,0.52916666666666667,1.0424025513365942,False
2020-11-03 07:00:00+00:00,0.10000000000000001,0.37083333333333329,0.97623009511827996,False
2020-11-03 08:00:00+00:00,0.10000000000000001,0.32916666666666666,1.0277919246963569,False
2020-11-03 09:00:00+00:00,0.10000000000000001,0.28333333333333333,1.0339795501495597,False
2020-11-03 10:00:00+00:00,0,0.24583333333333335,0.97524765600162822,False
2020-11-03 11:00:00+00:00,0,0.22916666666666666,1.0278221943646357,False
2020-11-03 12:00:00+00:00,0,0.22083333333333333,0.99071471950684709,False
2020-11-03 13:00:00+00:00,0,0.20833333333333334,0.99999999999999978,False
2020-11-03 14:00:00+00:00,0,0.19583333333333333,1.3255352458624685,False
2020-11-03 15:00:00+00:00,0,0.18333333333333335,1.0424160824694282,False
2020-11-03 16:00:00+00:00,0.10000000000000001,0.17499999999999996,1.0827445254704329,False
2020-11-03 17:00:00+00:00,0.5,0.17499999999999996,0.97142882953417609,False
2020-11-03 18:00:00+00:00,1.2,0.21249999999999999,1.0491954837346911,False
2020-11-03 19:00:00+00:00,0.69999999999999996,0.23749999999999996,1.0022207067655489,False
2020-11-03 20:00:00+00:00,0.29999999999999999,0.24583333333333332,1.0603127093554243,False
2020-11-03 21:00:00+00:00,0.5,0.26250000000000001,1.0765594830616307,False
2020-11-03 22:00:00+00:00,0.59999999999999998,0.27083333333333331,1.0222531645681665,False
2020-11-03 23:00:00+00:00,0.29999999999999999,0.26250000000000001,1.0623923481849111,False
2020-11-04 00:00:00+00:00,0,0.24583333333333332,0.97524765600162822,False
2020-11-04 01:00:00+00:00,0,0.22499999999999998,0.9829388025480702,False
2020-11-04 02:00:00+00:00,0,0.21249999999999999,0.99999999999999978,False
2020-11-04 03:00:00+00:00,0,0.20416666666666664,1.0132075469903883,False
2020-11-04 04:00:00+00:00,0,0.19999999999999998,1.1861405350989807,False
2020-11-04 05:00:00+00:00,0,0.1875,0.95136405847997929,False
2020-11-04 06:00:00+00:00,0.10000000000000001,0.19166666666666665,1.2403363778141976,False
2020-11-04 07:00:00+00:00,0.29999999999999999,0.19999999999999996,1.1089512843938854,False
2020-11-04 08:00:00+00:00,0.10000000000000001,0.19999999999999998,1.1547097282365215,False
2020-11-04 09:00:00+00:00,0.20000000000000001,0.20416666666666664,1.1686722195185197,False
2020-11-04 10:00:00+00:00,0.10000000000000001,0.20833333333333329,1.1036747332546424,False
2020-11-04 11:00:00+00:00,0.10000000000000001,0.21249999999999994,1.0730014883617305,False
2020-11-04 12:00:00+00:00,0,0.21249999999999994,0.99999999999999978,False
2020-11-04 13:00:00+00:00,0.20000000000000001,0.2208333333333333,1.0321635625349532,False
2020-11-04 14:00:00+00:00,0.29999999999999999,0.23333333333333328,1.0603887286551024,False
2020-11-04 15:00:00+00:00,0.29999999999999999,0.24583333333333332,1.0603127093554243,False
2020-11-04 16:00:00+00:00,0.20000000000000001,0.24999999999999997,1.0017370677781698,False
2020-11-04 17:00:00+00:00,0.20000000000000001,0.23749999999999996,1.0083937949250055,False
2020-11-04 18:00:00+00:00,0.10000000000000001,0.19166666666666665,1.2403363778141976,False
2020-11-04 19:00:00+00:00,0.10000000000000001,0.16666666666666666,1.0528721580965368,False
2020-11-04 20:00:00+00:00,0.10000000000000001,0.15833333333333333,0.97655783981547661,False
2020-11-04 21:00:00+00:00,0.10000000000000001,0.14166666666666666,1.01360571211243,False
2020-11-04 22:00:00+00:00,0.40000000000000002,0.13333333333333333,0.93955221230327046,False
2020-11-04 23:00:00+00:00,0.29999999999999999,0.1333333333333333,0.98470617898706214,False
2020-11-05 00:00:00+00:00,0.29999999999999999,0.14583333333333331,0.98781983042355326,False
2020-11-05 01:00:00+00:00,0.29999999999999999,0.1583333333333333,1.0067526171079082,False
2020-11-05 02:00:00+00:00,0.5,0.17916666666666661,0.97719236024574307,False
2020-11-05 03:00:00+00:00,0.40000000000000002,0.1958333333333333,1.0301700091916317,False
2020-11-05 04:00:00+00:00,0.29999999999999999,0.20833333333333329,1.1228380139656704,False
2020-11-05 05:00:00+00:00,0.20000000000000001,0.21666666666666665,1.0721072748733282,False
2020-11-05 06:00:00+00:00,0.10000000000000001,0.21666666666666667,1.0397441742617919,False
2020-11-05 07:00:00+00:00,0.10000000000000001,0.20833333333333334,1.0963694337597432,False
2020-11-05 08:00:00+00:00,0,0.20416666666666664,1.0132075469903883,False
2020-11-05 09:00:00+00:00,0,0.1958333333333333,1.3255352458624663,False
2020-11-05 10:00:00+00:00,0,0.19166666666666665,1.0460870286747483,False
2020-11-05 11:00:00+00:00,0,0.1875,0.95136405847997929,False
2020-11-05 12:00:00+00:00,0,0.1875,0.95136405847997929,False
2020-11-05 13:00:00+00:00,0.10000000000000001,0.18333333333333332,1.1613103539131353,False
2020-11-05 14:00:00+00:00,0.10000000000000001,0.17500000000000002,1.0783948304323501,False
2020-11-05 15:00:00+00:00,0.10000000000000001,0.16666666666666666,1.0528721580965368,False
2020-11-05 16:00:00+00:00,0.10000000000000001,0.16249999999999998,0.99901352819125622,False
2020-11-05 17:00:00+00:00,0.10000000000000001,0.15833333333333333,0.97655783981547661,False
2020-11-05 18:00:00+00:00,0.10000000000000001,0.15833333333333333,0.97655783981547661,False
2020-11-05 19:00:00+00:00,0.10000000000000001,0.15833333333333333,0.97655783981547661,False
2020-11-05 20:00:00+00:00,0.10000000000000001,0.1583333333333333,0.97655783981547628,False
2020-11-05 21:00:00+00:00,0.10000000000000001,0.1583333333333333,0.97655783981547628,False
2020-11-05 22:00:00+00:00,0.20000000000000001,0.14999999999999999,1.0030025559198843,False
2020-11-05 23:00:00+00:00,0.29999999999999999,0.14999999999999999,0.99009257887713242,False
2020-11-06 00:00:00+00:00,0.10000000000000001,0.14166666666666664,1.0136057121124302,False
2020-11-06 01:00:00+00:00,0.10000000000000001,0.13333333333333333,1.0126595193937151,False
2020-11-06 02:00:00+00:00,0.10000000000000001,0.11666666666666665,1.031457213849488,False
2020-11-06 03:00:00+00:00,0,0.099999999999999992,1.0000000000000004,False
2020-11-06 04:00:00+00:00,0,0.087499999999999981,1.0000000000000004,False
2020-11-06 05:00:00+00:00,0,0.079166666666666649,1.000000000000002,False
2020-11-06 06:00:00+00:00,0,0.074999999999999983,1.0000000000000002,False
2020-11-06 07:00:00+00:00,0,0.070833333333333318,0.99999999999999956,False
2020-11-06 08:00:00+00:00,0,0.070833333333333318,0.99999999999999956,False
2020-11-06 09:00:00+00:00,0,0.070833333333333318,0.99999999999999956,False
2020-11-06 10:00:00+00:00,0,0.070833333333333318,0.99999999999999956,False
2020-11-06 11:00:00+00:00,0,0.070833333333333318,0.99999999999999956,False
2020-11-06 12:00:00+00:00,0,0.070833333333333318,0.99999999999999956,False
2020-11-06 13:00:00+00:00,0,0.066666666666666652,1.0000000000000009,False
2020-11-06 14:00:00+00:00,0,0.062499999999999979,1,False
2020-11-06 15:00:00+00:00,0,0.058333333333333313,11805552.437997809,True
2020-11-06 16:00:00+00:00,0,0.054166666666666648,1.0000002692289993,False
2020-11-06 17:00:00+00:00,0,0.049999999999999982,1.0000000818788937,False
2020-11-06 18:00:00+00:00,0,0.045833333333333316,1.0000002806011112,False
2020-11-06 19:00:00+00:00,0,0.04166666666666665,1.0000000000000002,False
2020-11-06 20:00:00+00:00,0,0.037499999999999985,2777777.9184473678,False
2020-11-06 21:00:00+00:00,0,0.033333333333333319,1.0000003210008359,False
2020-11-06 22:00:00+00:00,0,0.024999999999999984,5555554.5851190584,False
2020-11-06 23:00:00+00:00,0,0.012499999999999983,1.000000182507323,False
2020-11-07 00:00:00+00:00,0,0.0083333333333333159,1.0000002079692092,False
2020-11-07 01:00:00+00:00,0,0.0041666666666666484,1.0000002809191242,False
2020-11-07 02:00:00+00:00,0,0,1,False
2020-11-07 03:00:00+00:00,0,0,1,False
2020-11-07 04:00:00+00:00,0,0,1,False
2020-11-07 05:00:00+00:00,0,0,1,False
2020-11-07 06:00:00+00:00,0,0,1,False
2020-11-07 07:00:00+00:00,0,0,1,False
2020-11-07 08:00:00+00:00,0,0,1,False
2020-11-07 09:00:00+00:00,0,0,1,False
2020-11-07 10:00:00+00:00,0,0,1,False
2020-11-07 11:00:00+00:00,0,0,1,False
2020-11-07 12:00:00+00:00,0,0,1,False
2020-11-07 13:00:00+00:00,0,0,1,False
2020-11-07 14:00:00+00:00,0,0,1,False
2020-11-07 15:00:00+00:00,0,0,1,False
2020-11-07 16:00:00+00:00,0,0,1,False
2020-11-07 17:00:00+00:00,0,0,1,False
2020-11-07 18:00:00+00:00,0,0,1,False
2020-11-07 19:00:00+00:00,0,0,1,False
2020-11-07 20:00:00+00:00,0,0,1,False
2020-11-07 21:00:00+00:00,0,0,1,False
2020-11-07 22:00:00+00:00,0,0,1,False
2020-11-07 23:00:00+00:00,0,0,1,False
2020-11-08 00:00:00+00:00,0,0,1,False
2020-11-08 01:00:00+00:00,0,0,1,False
2020-11-08 02:00:00+00:00,0,0,1,False
2020-11-08 03:00:00+00:00,0,0,1,False
2020-11-08 04:00:00+00:00,0,0,1,False
2020-11-08 05:00:00+00:00,0,0,1,False
2020-11-08 06:00:00+00:00,0,0,1,False
2020-11-08 07:00:00+00:00,0,0,1,False
2020-11-08 08:00:00+00:00,0,0,1,False
2020-11-08 09:00:00+00:00,0,0,1,False
2020-11-08 10:00:00+00:00,0,0,1,False
2020-11-08 11:00:00+00:00,0,0,1,False
2020-11-08 12:00:00+00:00,0,0,1,False
2020-11-08 13:00:00+00:00,0,0,1,False
2020-11-08 14:00:00+00:00,0,0,1,False
2020-11-08 15:00:00+00:00,0,0,1,False
2020-11-08 16:00:00+00:00,0,0,1,False
2020-11-08 17:00:00+00:00,0,0,1,False
2020-11-08 18:00:00+00:00,0,0,1,False
2020-11-08 19:00:00+00:00,0,0,1,False
2020-11-08 20:00:00+00:00,0,0,1,False
2020-11-08 21:00:00+00:00,0,0,1,False
2020-11-08 22:00:00+00:00,0,0,1,False
2020-11-08 23:00:00+00:00,0,0,1,False
2020-11-09 00:00:00+00:00,0,0,1,False
2020-11-09 01:00:00+00:00,0,0,1,False
2020-11-09 02:00:00+00:00,0,0,1,False
2020-11-09 03:00:00+00:00,0,0,1,False
2020-11-09 04:00:00+00:00,0,0,1,False
2020-11-09 05:00:00+00:00,0,0,1,False
2020-11-09 06:00:00+00:00,0,0,1,False
2020-11-09 07:00:00+00:00,0,0,1,False
2020-11-09 08:00:00+00:00,0,0,1,False
2020-11-09 09:00:00+00:00,0,0,1,False
2020-11-09 10:00:00+00:00,0,0,1,False
2020-11-09 11:00:00+00:00,0,0,1,False
2020-11-09 12:00:00+00:00,0,0,1,False
2020-11-09 13:00:00+00:00,0,0,1,False
2020-11-09 14:00:00+00:00,0,0,1,False
2020-11-09 15:00:00+00:00,0,0,1,False
2020-11-09 16:00:00+00:00,0,0,1,False
2020-11-09 17:00:00+00:00,0,0,1,False
2020-11-09 18:00:00+00:00,0,0,1,False
2020-11-09 19:00:00+00:00,0,0,1,False
2020-11-09 20:00:00+00:00,0,0,1,False
2020-11-09 21:00:00+00:00,0,0,1,False
2020-11-09 22:00:00+00:00,0,0,1,False
2020-11-09 23:00:00+00:00,0,0,1,False
2020-11-10 00:00:00+00:00,0,0,1,False
2020-11-10 01:00:00+00:00,0,0,1,False
2020-11-10 02:00:00+00:00,0,0,1,False
2020-11-10 03:00:00+00:00,0,0,1,False
2020-11-10 04:00:00+00:00,0,0,1,False
2020-11-10 05:00:00+00:00,0,0,1,False
2020-11-10 06:00:00+00:00,0,0,1,False
2020-11-10 07:00:00+00:00,0,0,1,False
2020-11-10 08:00:00+00:00,0,0,1,False
2020-11-10 09:00:00+00:00,0,0,1,False
2020-11-10 10:00:00+00:00,0,0,1,False
2020-11-10 11:00:00+00:00,0,0,1,False
2020-11-10 12:00:00+00:00,0,0,1,False
2020-11-10 13:00:00+00:00,0,0,1,False
2020-11-10 14:00:00+00:00,0,0,1,False
2020-11-10 15:00:00+00:00,0,0,1,False
2020-11-10 16:00:00+00:00,0,0,1,False
2020-11-10 17:00:00+00:00,0,0,1,False
2020-11-10 18:00:00+00:00,0,0,1,False
2020-11-10 19:00:00+00:00,0,0,1,False
2020-11-10 20:00:00+00:00,0,0,1,False
2020-11-10 21:00:00+00:00,0,0,1,False
2020-11-10 22:00:00+00:00,0,0,1,False
2020-11-10 23:00:00+00:00,0,0,1,False
2020-11-11 00:00:00+00:00,0,0,1,False
2020-11-11 01:00:00+00:00,0,0,1,False
2020-11-11 02:00:00+00:00,0,0,1,False
2020-11-11 03:00:00+00:00,0,0,1,False
2020-11-11 04:00:00+00:00,0,0,1,False
2020-11-11 05:00:00+00:00,0,0,1,False
2020-11-11 06:00:00+00:00,0,0,1,False
2020-11-11 07:00:00+00:00,0,0,1,False
2020-11-11 08:00:00+00:00,0,0,1,False
2020-11-11 09:00:00+00:00,0,0,1,False
2020-11-11 10:00:00+00:00,0,0,1,False
2020-11-11 11:00:00+00:00,0,0,1,False
2020-11-11 12:00:00+00:00,0,0,1,False
2020-11-11 13:00:00+00:00,0,0,1,False
2020-11-11 14:00:00+00:00,0,0,1,False
2020-11-11 15:00:00+00:00,0,0,1,False
2020-11-11 16:00:00+00:00,0,0,1,False
2020-11-11 17:00:00+00:00,0.10000000000000001,0.0041666666666666484,0.99689542488043237,False
2020-11-11 18:00:00+00:00,0.10000000000000001,0.0083333333333333159,1.0069306929704933,False
2020-11-11 19:00:00+00:00,0.20000000000000001,0.016666666666666649,1.0540640308213391,False
2020-11-11 20:00:00+00:00,0.10000000000000001,0.020833333333333315,1.0407590753264704,False
2020-11-11 21:00:00+00:00,0,0.020833333333333315,1.000000330137029,False
2020-11-11 22:00:00+00:00,0.10000000000000001,0.024999999999999984,0.99999999999999978,False
2020-11-11 23:00:00+00:00,0.10000000000000001,0.02916666666666665,1,False
2020-11-12 00:00:00+00:00,0.10000000000000001,0.033333333333333319,1.0000000000000002,False
2020-11-12 01:00:00+00:00,0.10000000000000001,0.037499999999999985,1.0000000000000011,False
2020-11-12 02:00:00+00:00,0.10000000000000001,0.04166666666666665,1.0000000000000013,False
2020-11-12 03:00:00+00:00,0,0.04166666666666665,1.0000000000000002,False
2020-11-12 04:00:00+00:00,0.10000000000000001,0.045833333333333316,1.0000000000000004,False
2020-11-12 05:00:00+00:00,0,0.045833333333333316,1.0000002806011112,False
2020-11-12 06:00:00+00:00,0,0.045833333333333316,1.0000002806011112,False
2020-11-12 07:00:00+00:00,0,0.045833333333333316,1.0000002806011112,False
2020-11-12 08:00:00+00:00,0,0.045833333333333316,1.0000002806011112,False
2020-11-12 09:00:00+00:00,0.10000000000000001,0.049999999999999989,0.99999999999999933,False
2020-11-12 10:00:00+00:00,0.20000000000000001,0.05833333333333332,1.008155824843268,False
2020-11-12 11:00:00+00:00,0.20000000000000001,0.066666666666666652,1.0207088870734822,False
2020-11-12 12:00:00+00:00,0.40000000000000002,0.083333333333333315,1.015280797178548,False
2020-11-12 13:00:00+00:00,0.59999999999999998,0.10833333333333332,1.0306711688327952,False
2020-11-12 14:00:00+00:00,0.20000000000000001,0.11666666666666665,1.0000000000000002,False
2020-11-12 15:00:00+00:00,0.10000000000000001,0.12083333333333331,0.98963221493951825,False
2020-11-12 16:00:00+00:00,0.10000000000000001,0.12499999999999999,0.93863463045718165,False
2020-11-12 17:00:00+00:00,0.10000000000000001,0.12499999999999999,0.93863463045718165,False
2020-11-12 18:00:00+00:00,0.10000000000000001,0.12499999999999999,0.93863463045718165,False
2020-11-12 19:00:00+00:00,0.10000000000000001,0.12083333333333333,0.98963221493951858,False
2020-11-12 20:00:00+00:00,0.10000000000000001,0.12083333333333331,0.98963221493951825,False
2020-11-12 21:00:00+00:00,0.10000000000000001,0.12499999999999999,0.93863463045718165,False
2020-11-12 22:00:00+00:00,0,0.12083333333333331,1.0000000000000029,False
2020-11-12 23:00:00+00:00,0.10000000000000001,0.12083333333333331,0.98963221493951825,False
2020-11-13 00:00:00+00:00,0.10000000000000001,0.12083333333333333,0.98963221493951858,False
2020-11-13 01:00:00+00:00,0.10000000000000001,0.12083333333333333,0.98963221493951858,False
2020-11-13 02:00:00+00:00,0.10000000000000001,0.12083333333333333,0.98963221493951858,False
2020-11-13 03:00:00+00:00,0.10000000000000001,0.12499999999999999,0.93863463045718165,False
2020-11-13 04:00:00+00:00,0.10000000000000001,0.12499999999999999,0.93863463045718165,False
2020-11-13 05:00:00+00:00,0.10000000000000001,0.12916666666666665,0.98440800715730359,False
2020-11-13 06:00:00+00:00,0.10000000000000001,0.13333333333333333,1.0126595193937151,False
2020-11-13 07:00:00+00:00,0.10000000000000001,0.13749999999999998,1.0430310547225823,False
2020-11-13 08:00:00+00:00,0.10000000000000001,0.14166666666666664,1.0136057121124302,False
2020-11-13 09:00:00+00:00,0.10000000000000001,0.14166666666666664,1.0136057121124302,False
2020-11-13 10:00:00+00:00,0.10000000000000001,0.13749999999999998,1.0430310547225823,False
2020-11-13 11:00:00+00:00,0.10000000000000001,0.13333333333333333,1.0126595193937151,False
2020-11-13 12:00:00+00:00,0.10000000000000001,0.12083333333333333,0.98963221493951858,False
2020-11-13 13:00:00+00:00,0.10000000000000001,0.099999999999999978,1.0311236457876085,False
2020-11-13 14:00:00+00:00,0.10000000000000001,0.095833333333333312,0.975935891042089,False
2020-11-13 15:00:00+00:00,0.29999999999999999,0.10416666666666667,1.0011560203058825,False
2020-11-13 16:00:00+00:00,0.5,0.12083333333333333,0.9814165797152441,False
2020-11-13 17:00:00+00:00,0.59999999999999998,0.14166666666666664,1.0237807055942811,False
2020-11-13 18:00:00+00:00,1.2,0.1875,1.061927789726826,False
2020-11-13 19:00:00+00:00,0.90000000000000002,0.22083333333333333,0.97776798274759236,False
2020-11-13 20:00:00+00:00,0.40000000000000002,0.23333333333333331,1.0620048245167957,False
2020-11-13 21:00:00+00:00,0.90000000000000002,0.26666666666666666,0.9946190211746424,False
2020-11-13 22:00:00+00:00,1.8,0.34166666666666662,1.0368271724602869,False
2020-11-13 23:00:00+00:00,0.10000000000000001,0.34166666666666662,1.0032054615988073,False
2020-11-14 00:00:00+00:00,0,0.33749999999999997,0.98541942738998567,False
2020-11-14 01:00:00+00:00,0,0.33333333333333331,0.97306194727293938,False
2020-11-14 02:00:00+00:00,0,0.32916666666666666,0.99705774592576213,False
2020-11-14 03:00:00+00:00,0,0.32500000000000001,1.016440298010254,False
2020-11-14 04:00:00+00:00,0,0.3208333333333333,1.0396404242821196,False
2020-11-14 05:00:00+00:00,0,0.31666666666666665,1.0301965511937774,False
2020-11-14 06:00:00+00:00,0,0.3125,1.0354424938817657,False
2020-11-14 07:00:00+00:00,0,0.30833333333333329,1.0287439585457794,False
2020-11-14 08:00:00+00:00,0,0.30416666666666664,1.0115508271927629,False
2020-11-14 09:00:00+00:00,0,0.29999999999999999,1.0391486740875064,False
2020-11-14 10:00:00+00:00,0,0.29583333333333334,1.0154219772422763,False
2020-11-14 11:00:00+00:00,0,0.29166666666666669,1.009305197257258,False
2020-11-14 12:00:00+00:00,0,0.28749999999999998,0.98350059381796051,False
2020-11-14 13:00:00+00:00,0,0.28333333333333333,0.97977715406059074,False
2020-11-14 14:00:00+00:00,0,0.27916666666666662,0.99056536095268821,False
2020-11-14 15:00:00+00:00,0.10000000000000001,0.27083333333333331,0.98853134569253009,False
2020-11-14 16:00:00+00:00,0.10000000000000001,0.25416666666666665,0.96225271568963711,False
2020-11-14 17:00:00+00:00,0.10000000000000001,0.23333333333333331,1.0294699766921689,False
2020-11-14 18:00:00+00:00,0.10000000000000001,0.1875,1.1984482969764785,False
2020-11-14 19:00:00+00:00,0.59999999999999998,0.17499999999999996,1.0083212616787345,False
2020-11-14 20:00:00+00:00,0.69999999999999996,0.18749999999999997,0.98908352333165039,False
2020-11-14 21:00:00+00:00,0.90000000000000002,0.18749999999999997,0.97758195820874538,False
2020-11-14 22:00:00+00:00,1.2,0.16249999999999998,1.0913384327490467,False
2020-11-14 23:00:00+00:00,0.90000000000000002,0.1958333333333333,0.97975089936566062,False
2020-11-15 00:00:00+00:00,0.5,0.21666666666666665,1.031322205073145,False
2020-11-15 01:00:00+00:00,0.40000000000000002,0.23333333333333331,1.0620048245167957,False
2020-11-15 02:00:00+00:00,0.40000000000000002,0.24999999999999997,1.0516395044068696,False
2020-11-15 03:00:00+00:00,0.80000000000000004,0.28333333333333333,1.0015178513703487,False
2020-11-15 04:00:00+00:00,0.69999999999999996,0.31249999999999994,0.99828771777699776,False
2020-11-15 05:00:00+00:00,0.59999999999999998,0.33749999999999997,1.0082629925390729,False
2020-11-15 06:00:00+00:00,0.80000000000000004,0.37083333333333329,1.0001751650883379,False
2020-11-15 07:00:00+00:00,0.59999999999999998,0.39583333333333331,0.99217963911715856,False
2020-11-15 08:00:00+00:00,0.59999999999999998,0.42083333333333334,0.99043603239630229,False
2020-11-15 09:00:00+00:00,1.5,0.48333333333333334,1.0060775862241929,False
2020-11-15 10:00:00+00:00,0.59999999999999998,0.5083333333333333,1.0103595223098523,False
2020-11-15 11:00:00+00:00,0.20000000000000001,0.51666666666666661,1.0730353273348148,False
2020-11-15 12:00:00+00:00,0,0.51666666666666661,1.0036198666613996,False
2020-11-15 13:00:00+00:00,0,0.51666666666666661,1.0036198666613996,False
2020-11-15 14:00:00+00:00,0,0.51666666666666661,1.0036198666613996,False
2020-11-15 15:00:00+00:00,0,0.51249999999999996,1.003412360726446,False
2020-11-15 16:00:00+00:00,0.69999999999999996,0.53749999999999998,1.0131869768472144,False
2020-11-15 17:00:00+00:00,0.69999999999999996,0.56249999999999989,1.0252063480369882,False
2020-11-15 18:00:00+00:00,0.90000000000000002,0.59583333333333333,1.0300676330144938,False
2020-11-15 19:00:00+00:00,1.1000000000000001,0.61666666666666659,1.0367515323567258,False
2020-11-15 20:00:00+00:00,1.2,0.63750000000000007,1.038849971432992,False
2020-11-15 21:00:00+00:00,0.90000000000000002,0.63749999999999996,1.0126228239234452,False
2020-11-15 22:00:00+00:00,1.8,0.66249999999999998,1.023304504028471,False
2020-11-15 23:00:00+00:00,1,0.66666666666666663,0.99994669937172176,False
2020-11-16 00:00:00+00:00,0.5,0.66666666666666663,0.99362183690722172,False
2020-11-16 01:00:00+00:00,0.90000000000000002,0.6875,0.99636671080973638,False
2020-11-16 02:00:00+00:00,1.3999999999999999,0.72916666666666663,1.0164694018670946,False
2020-11-16 03:00:00+00:00,2.8999999999999999,0.81666666666666676,1.0689296285373557,False
2020-11-16 04:00:00+00:00,1.5,0.85000000000000009,1.0456996136851895,False
2020-11-16 05:00:00+00:00,0.10000000000000001,0.82916666666666661,1.0472359237600726,False
2020-11-16 06:00:00+00:00,0,0.79583333333333328,1.1833989811506658,False
2020-11-16 07:00:00+00:00,0,0.77083333333333337,1.2701145214943255,False
2020-11-16 08:00:00+00:00,0,0.74583333333333324,1.3684201302981052,False
2020-11-16 09:00:00+00:00,0,0.68333333333333324,1.2630219903089333,False
2020-11-16 10:00:00+00:00,0,0.65833333333333333,1.0773563092563991,False
2020-11-16 11:00:00+00:00,0.59999999999999998,0.67499999999999993,0.99994168023846497,False
2020-11-16 12:00:00+00:00,1,0.71666666666666667,0.98075414640550218,False
2020-11-16 13:00:00+00:00,0.59999999999999998,0.74166666666666659,0.98521305504929602,False
2020-11-16 14:00:00+00:00,1.1000000000000001,0.78749999999999998,1.0149110660318295,False
2020-11-16 15:00:00+00:00,0.29999999999999999,0.79999999999999993,0.99961296510315356,False
2020-11-16 16:00:00+00:00,0.69999999999999996,0.79999999999999993,1.0530580787093351,False
2020-11-16 17:00:00+00:00,0.5,0.79166666666666663,1.0007766195805172,False
2020-11-16 18:00:00+00:00,0.59999999999999998,0.77916666666666667,1.0068982582442696,False
2020-11-16 19:00:00+00:00,0.29999999999999999,0.74583333333333324,0.98445748661694132,False
2020-11-16 20:00:00+00:00,0.5,0.71666666666666667,0.98253825205215162,False
2020-11-16 21:00:00+00:00,0.59999999999999998,0.70416666666666661,0.98945571633179141,False
2020-11-16 22:00:00+00:00,0.80000000000000004,0.66249999999999998,1.02311190554028,False
2020-11-16 23:00:00+00:00,0.59999999999999998,0.64583333333333337,1.0092983831977529,False
2020-11-17 00:00:00+00:00,0.59999999999999998,0.65000000000000002,1.0094081130340118,False
2020-11-17 01:00:00+00:00,0.10000000000000001,0.61666666666666659,1.0105521898799521,False
2020-11-17 02:00:00+00:00,0,0.55833333333333324,1.0762296818645432,False
2020-11-17 03:00:00+00:00,0.20000000000000001,0.44583333333333336,1.0140550843448861,False
2020-11-17 04:00:00+00:00,0.10000000000000001,0.38749999999999996,0.98627946789521415,False
2020-11-17 05:00:00+00:00,0.10000000000000001,0.38749999999999996,0.98627946789521415,False
2020-11-17 06:00:00+00:00,0,0.38749999999999996,1.0755874032060111,False
2020-11-17 07:00:00+00:00,0.20000000000000001,0.39583333333333326,1.0132851079750802,False
2020-11-17 08:00:00+00:00,0.40000000000000002,0.41249999999999992,1.0046448993317019,False
2020-11-17 09:00:00+00:00,0.69999999999999996,0.44166666666666665,0.9901767998606793,False
2020-11-17 10:00:00+00:00,0.80000000000000004,0.47499999999999992,0.99080750350117808,False
2020-11-17 11:00:00+00:00,0.69999999999999996,0.47916666666666669,0.99398600101203571,False
2020-11-17 12:00:00+00:00,0.69999999999999996,0.46666666666666662,0.99171110573889132,False
2020-11-17 13:00:00+00:00,0.90000000000000002,0.47916666666666669,1.0072282224365348,False
2020-11-17 14:00:00+00:00,1,0.47500000000000003,1.0291036265053928,False
2020-11-17 15:00:00+00:00,1.8999999999999999,0.54166666666666663,1.0297955951472546,False
2020-11-17 16:00:00+00:00,0.80000000000000004,0.54583333333333328,1.0274416538396141,False
2020-11-17 17:00:00+00:00,0.29999999999999999,0.53749999999999998,1.0233299396121138,False
2020-11-17 18:00:00+00:00,0.20000000000000001,0.52083333333333337,1.0590132700295034,False
2020-11-17 19:00:00+00:00,0.20000000000000001,0.51666666666666672,1.073035327334815,False
2020-11-17 20:00:00+00:00,0.10000000000000001,0.5,1.1740193012037283,False
2020-11-17 21:00:00+00:00,0.20000000000000001,0.48333333333333334,1.0371856614597113,False
2020-11-17 22:00:00+00:00,0.20000000000000001,0.45833333333333331,1.0187118180562953,False
2020-11-17 23:00:00+00:00,0.40000000000000002,0.44999999999999996,1.0057811488532515,False
2020-11-18 00:00:00+00:00,0.59999999999999998,0.45000000000000001,0.99456244515345094,False
2020-11-18 01:00:00+00:00,0.80000000000000004,0.47916666666666669,0.99324341193598265,False
2020-11-18 02:00:00+00:00,1,0.52083333333333337,1.031599863629671,False
2020-11-18 03:00:00+00:00,0.69999999999999996,0.54166666666666663,1.0147864071821608,False
2020-11-18 04:00:00+00:00,0.90000000000000002,0.57499999999999996,1.0293297930159397,False
2020-11-18 05:00:00+00:00,1.5,0.6333333333333333,1.0070521934319563,False
2020-11-18 06:00:00+00:00,1.3999999999999999,0.69166666666666676,1.0028292177978768,False
2020-11-18 07:00:00+00:00,1.5,0.74583333333333346,1.0140633169087172,False
2020-11-18 08:00:00+00:00,0.90000000000000002,0.76666666666666661,0.97451045690483318,False
2020-11-18 09:00:00+00:00,0.5,0.7583333333333333,0.99133784109362533,False
2020-11-18 10:00:00+00:00,0.59999999999999998,0.75,0.98804584998469214,False
2020-11-18 11:00:00+00:00,0.80000000000000004,0.75416666666666654,0.98742700088594637,False
2020-11-18 12:00:00+00:00,1.5,0.78749999999999998,1.0266691337754335,False
2020-11-18 13:00:00+00:00,1.8999999999999999,0.82916666666666672,1.0883769490350219,False
2020-11-18 14:00:00+00:00,2.3999999999999999,0.88749999999999984,1.0884071458286513,False
2020-11-18 15:00:00+00:00,1.8999999999999999,0.88750000000000007,1.1474665681614082,False
2020-11-18 16:00:00+00:00,1.8999999999999999,0.93333333333333324,1.1891764815548669,False
2020-11-18 17:00:00+00:00,1.8,0.99583333333333346,1.2007955132759598,False
2020-11-18 18:00:00+00:00,2.8999999999999999,1.1083333333333332,1.0929382631105582,False
2020-11-18 19:00:00+00:00,3.7000000000000002,1.2541666666666667,1.2467260230592778,False
2020-11-18 20:00:00+00:00,4.0999999999999996,1.4208333333333334,1.4139788685556849,False
2020-11-18 21:00:00+00:00,3.2000000000000002,1.5458333333333334,1.2305737636357037,False
2020-11-18 22:00:00+00:00,2.5,1.6416666666666668,1.3254067943699512,False
2020-11-18 23:00:00+00:00,3.1000000000000001,1.7541666666666664,1.3438951722636934,False
2020-11-19 00:00:00+00:00,0.90000000000000002,1.7666666666666668,1.1121864453279491,False
2020-11-19 01:00:00+00:00,0.90000000000000002,1.7708333333333333,1.1141381361234188,False
2020-11-19 02:00:00+00:00,0.69999999999999996,1.7583333333333331,1.1011279322013341,False
2020-11-19 03:00:00+00:00,1.7,1.8,1.4152122924838344,False
2020-11-19 04:00:00+00:00,1.2,1.8125,1.1431411167863239,False
2020-11-19 05:00:00+00:00,0.10000000000000001,1.7541666666666664,1.5210950430746162,False
2020-11-19 06:00:00+00:00,0.10000000000000001,1.7,1.5075215222745477,False
2020-11-19 07:00:00+00:00,0.20000000000000001,1.6458333333333333,1.3998679141674222,False
2020-11-19 08:00:00+00:00,0.80000000000000004,1.6416666666666666,1.1074852623485776,False
2020-11-19 09:00:00+00:00,0.20000000000000001,1.6291666666666667,1.4124616457155843,False
2020-11-19 10:00:00+00:00,0.20000000000000001,1.6124999999999998,1.4012598635324758,False
2020-11-19 11:00:00+00:00,0.40000000000000002,1.5958333333333334,1.1658885276897129,False
2020-11-19 12:00:00+00:00,0.80000000000000004,1.5666666666666667,1.0836145387177729,False
2020-11-19 13:00:00+00:00,0.59999999999999998,1.5125000000000002,1.093944850261465,False
2020-11-19 14:00:00+00:00,0.40000000000000002,1.4291666666666665,1.1044029753341931,False
2020-11-19 15:00:00+00:00,0.59999999999999998,1.375,1.0656903654182046,False
2020-11-19 16:00:00+00:00,0.10000000000000001,1.3,1.0977000832192212,False
2020-11-19 17:00:00+00:00,0,1.2249999999999999,1.0953600497660172,False
2020-11-19 18:00:00+00:00,0,1.1041666666666667,1.0419942171737588,False
2020-11-19 19:00:00+00:00,0,0.94999999999999984,1.0895943673235471,False
2020-11-19 20:00:00+00:00,0.29999999999999999,0.79166666666666663,0.99945557576689326,False
2020-11-19 21:00:00+00:00,0.20000000000000001,0.66666666666666663,1.0050758726170936,False
2020-11-19 22:00:00+00:00,0.20000000000000001,0.57083333333333341,1.0365311151207655,False
2020-11-19 23:00:00+00:00,0.29999999999999999,0.45416666666666666,1.0554130801258361,False
2020-11-20 00:00:00+00:00,0,0.41666666666666669,0.95894661416643912,False
2020-11-20 01:00:00+00:00,0.10000000000000001,0.38333333333333336,0.98746478653151726,False
2020-11-20 02:00:00+00:00,0.10000000000000001,0.35833333333333334,0.98504916739703241,False
2020-11-20 03:00:00+00:00,0,0.28750000000000003,0.98350059381796073,False
2020-11-20 04:00:00+00:00,0,0.23750000000000002,1.0877396812219757,False
2020-11-20 05:00:00+00:00,0,0.23333333333333336,1.1326067717062727,False
2020-11-20 06:00:00+00:00,0,0.22916666666666666,1.0278221943646357,False
2020-11-20 07:00:00+00:00,0,0.22083333333333333,0.99071471950684709,False
2020-11-20 08:00:00+00:00,0,0.1875,0.95136405847997929,False
2020-11-20 09:00:00+00:00,0,0.17916666666666667,1.2903016880673204,False
2020-11-20 10:00:00+00:00,0,0.17083333333333331,0.91402462480043867,False
2020-11-20 11:00:00+00:00,0,0.15416666666666667,0.99684684690820602,False
2020-11-20 12:00:00+00:00,0,0.12083333333333333,1.0000000000000009,False
2020-11-20 13:00:00+00:00,0,0.095833333333333326,0.99999999999999956,False
2020-11-20 14:00:00+00:00,0,0.079166666666666663,1.000000000000002,False
2020-11-20 15:00:00+00:00,0,0.054166666666666669,1.0000001116776112,False
2020-11-20 16:00:00+00:00,0,0.049999999999999996,0.99999999722444444,False
2020-11-20 17:00:00+00:00,0,0.049999999999999996,0.99999999722444444,False
2020-11-20 18:00:00+00:00,0,0.049999999999999996,0.99999999722444444,False
2020-11-20 19:00:00+00:00,0,0.049999999999999996,0.99999999722444444,False
2020-11-20 20:00:00+00:00,0,0.037499999999999999,2777777.9184473678,False
2020-11-20 21:00:00+00:00,0.20000000000000001,0.037499999999999999,0.91919258560458417,False
2020-11-20 22:00:00+00:00,1.7,0.099999999999999992,1.1964806320797823,False
2020-11-20 23:00:00+00:00,1.8999999999999999,0.16666666666666666,1.1664566343325939,False
2020-11-21 00:00:00+00:00,2.3999999999999999,0.26666666666666666,1.2003997672194353,False
2020-11-21 01:00:00+00:00,2.3999999999999999,0.36249999999999999,1.1642179800501895,False
2020-11-21 02:00:00+00:00,1.7,0.42916666666666664,1.0093566885809997,False
2020-11-21 03:00:00+00:00,1,0.47083333333333327,1.0273389381716675,False
2020-11-21 04:00:00+00:00,2.8999999999999999,0.59166666666666667,1.0810430107132722,False
2020-11-21 05:00:00+00:00,3.2000000000000002,0.72499999999999998,1.123119331793841,False
2020-11-21 06:00:00+00:00,3.7999999999999998,0.8833333333333333,1.2529690163937242,False
2020-11-21 07:00:00+00:00,2.7000000000000002,0.99583333333333324,1.0688456509422373,False
2020-11-21 08:00:00+00:00,1.7,1.0666666666666667,1.2172382133234962,False
2020-11-21 09:00:00+00:00,1.1000000000000001,1.1125,1.2081004643951105,False
2020-11-21 10:00:00+00:00,1.1000000000000001,1.1583333333333334,1.2031002728118003,False
2020-11-21 11:00:00+00:00,0.40000000000000002,1.175,1.0051736278581944,False
2020-11-21 12:00:00+00:00,0.20000000000000001,1.1833333333333333,1.0148648289078217,False
2020-11-21 13:00:00+00:00,0.20000000000000001,1.1916666666666667,1.0130177794879571,False
2020-11-21 14:00:00+00:00,0.40000000000000002,1.2083333333333333,1.0129516461230914,False
2020-11-21 15:00:00+00:00,0.69999999999999996,1.2375,1.0344497733994769,False
2020-11-21 16:00:00+00:00,1.8999999999999999,1.3166666666666667,1.3413713164027159,False
2020-11-21 17:00:00+00:00,1.5,1.3791666666666667,1.3098362903287835,False
2020-11-21 18:00:00+00:00,0.69999999999999996,1.4083333333333332,1.0739828108880261,False
2020-11-21 19:00:00+00:00,0.80000000000000004,1.4416666666666667,1.0718798177490261,False
2020-11-21 20:00:00+00:00,0.69999999999999996,1.4708333333333332,1.069539039903415,False
2020-11-21 21:00:00+00:00,0.69999999999999996,1.4916666666666665,1.0742288578559458,False
2020-11-21 22:00:00+00:00,0.90000000000000002,1.4583333333333333,1.0855466678570782,False
2020-11-21 23:00:00+00:00,0.69999999999999996,1.4083333333333334,1.0739828108880263,False
2020-11-22 00:00:00+00:00,1.1000000000000001,1.3541666666666667,1.2049102232071436,False
2020-11-22 01:00:00+00:00,0.80000000000000004,1.2875000000000001,1.0702826786095756,False
2020-11-22 02:00:00+00:00,0.5,1.2375,1.0274875488267206,False
2020-11-22 03:00:00+00:00,0.5,1.2166666666666666,1.0231454219089828,False
2020-11-22 04:00:00+00:00,1.2,1.1458333333333333,1.2503944450207964,False
2020-11-22 05:00:00+00:00,0.69999999999999996,1.0416666666666667,1.0555524095505902,False
2020-11-22 06:00:00+00:00,1,0.92499999999999993,1.0502330911412614,False
2020-11-22 07:00:00+00:00,1.2,0.86250000000000016,1.040228229158731,False
2020-11-22 08:00:00+00:00,1.2,0.84166666666666679,1.0320320119880253,False
2020-11-22 09:00:00+00:00,1.1000000000000001,0.84166666666666667,1.0316201968922165,False
2020-11-22 10:00:00+00:00,0.90000000000000002,0.83333333333333337,0.9963407442407749,False
2020-11-22 11:00:00+00:00,1,0.85833333333333339,1.006358818892545,False
2020-11-22 12:00:00+00:00,1.2,0.90000000000000002,1.0545952045337903,False
2020-11-22 13:00:00+00:00,1.2,0.94166666666666654,1.0774515166291569,False
2020-11-22 14:00:00+00:00,1.1000000000000001,0.97083333333333333,1.0876107522376763,False
2020-11-22 15:00:00+00:00,0.90000000000000002,0.97916666666666663,1.0812361379461219,False
2020-11-22 16:00:00+00:00,0.80000000000000004,0.93333333333333346,1.0625318021579286,False
2020-11-22 17:00:00+00:00,0.69999999999999996,0.89999999999999991,1.1438046538808111,False
2020-11-22 18:00:00+00:00,0.29999999999999999,0.8833333333333333,1.0855222293994453,False
2020-11-22 19:00:00+00:00,0.29999999999999999,0.86249999999999993,1.0573003502842053,False
2020-11-22 20:00:00+00:00,0.5,0.85416666666666663,1.0788999197128439,False
2020-11-22 21:00:00+00:00,0.69999999999999996,0.85416666666666663,1.0969396278876691,False
2020-11-22 22:00:00+00:00,0.5,0.83750000000000002,1.0521075438985232,False
2020-11-22 23:00:00+00:00,0.29999999999999999,0.82083333333333341,1.0003795274009604,False
2020-11-23 00:00:00+00:00,0.20000000000000001,0.78333333333333333,0.99356370790467186,False
2020-11-23 01:00:00+00:00,0.20000000000000001,0.7583333333333333,0.99707960077011704,False
2020-11-23 02:00:00+00:00,0.20000000000000001,0.74583333333333324,0.99858000891233789,False
2020-11-23 03:00:00+00:00,0.20000000000000001,0.73333333333333328,0.99735241621249127,False
2020-11-23 04:00:00+00:00,0.20000000000000001,0.69166666666666676,1.004998585218404,False
2020-11-23 05:00:00+00:00,0.10000000000000001,0.66666666666666663,0.9961684374905313,False
2020-11-23 06:00:00+00:00,0,0.625,0.95639650166619061,False
2020-11-23 07:00:00+00:00,0,0.57500000000000007,1.0221602508431935,False
2020-11-23 08:00:00+00:00,0,0.52500000000000002,1.0349360442116315,False
2020-11-23 09:00:00+00:00,0,0.47916666666666669,1.021012793279644,False
2020-11-23 10:00:00+00:00,0,0.44166666666666671,1.0517264733644127,False
2020-11-23 11:00:00+00:00,0.10000000000000001,0.40416666666666673,1.0353000353341384,False
2020-11-23 12:00:00+00:00,0,0.35416666666666669,0.99882637725571555,False
2020-11-23 13:00:00+00:00,0.10000000000000001,0.30833333333333335,1.0962484101539371,False
2020-11-23 14:00:00+00:00,0.10000000000000001,0.26666666666666666,0.98470072741024484,False
2020-11-23 15:00:00+00:00,0.10000000000000001,0.23333333333333331,1.0294699766921689,False
2020-11-23 16:00:00+00:00,0.10000000000000001,0.20416666666666664,1.1488750673399737,False
2020-11-23 17:00:00+00:00,0,0.17499999999999996,1.0666774150934077,False
2020-11-23 18:00:00+00:00,0.10000000000000001,0.16666666666666666,1.0528721580965368,False
2020-11-23 19:00:00+00:00,0.20000000000000001,0.16250000000000001,1.0253838062438971,False
2020-11-23 20:00:00+00:00,0.20000000000000001,0.14999999999999999,1.0030025559198843,False
2020-11-23 21:00:00+00:00,0.5,0.14166666666666664,0.94343064712804325,False
2020-11-23 22:00:00+00:00,0.69999999999999996,0.14999999999999999,0.99253648711432829,False
2020-11-23 23:00:00+00:00,0.5,0.15833333333333333,0.95595476538650681,False
2020-11-24 00:00:00+00:00,0.80000000000000004,0.18333333333333332,0.98514658105134989,False
2020-11-24 01:00:00+00:00,0.5,0.1958333333333333,1.0052339707129345,False
2020-11-24 02:00:00+00:00,0.80000000000000004,0.22083333333333335,1.0024406461854114,False
2020-11-24 03:00:00+00:00,1.1000000000000001,0.25833333333333336,1.0068855505124106,False
2020-11-24 04:00:00+00:00,0.90000000000000002,0.28750000000000003,1.0016794162681493,False
2020-11-24 05:00:00+00:00,0.69999999999999996,0.3125,0.99828771777699787,False
2020-11-24 06:00:00+00:00,0.40000000000000002,0.32916666666666666,1.0252465098737666,False
2020-11-24 07:00:00+00:00,0.29999999999999999,0.34166666666666673,1.0703736648733653,False
2020-11-24 08:00:00+00:00,0.10000000000000001,0.34583333333333338,0.99209667394972201,False
2020-11-24 09:00:00+00:00,0,0.34583333333333338,0.99067701512616724,False
2020-11-24 10:00:00+00:00,0,0.34583333333333338,0.99067701512616724,False
2020-11-24 11:00:00+00:00,0,0.34166666666666673,0.97794448715970905,False
2020-11-24 12:00:00+00:00,0,0.34166666666666673,0.97794448715970905,False
2020-11-24 13:00:00+00:00,0,0.33749999999999997,0.98541942738998567,False
2020-11-24 14:00:00+00:00,0,0.33333333333333331,0.97306194727293938,False
2020-11-24 15:00:00+00:00,0.10000000000000001,0.33333333333333331,1.0193391096465017,False
2020-11-24 16:00:00+00:00,0,0.32916666666666666,0.99705774592576213,False
2020-11-24 17:00:00+00:00,0.10000000000000001,0.33333333333333331,1.0193391096465017,False
2020-11-24 18:00:00+00:00,0.10000000000000001,0.33333333333333331,1.0193391096465017,False
2020-11-24 19:00:00+00:00,1.1000000000000001,0.37083333333333335,1.0046489814814885,False
2020-11-24 20:00:00+00:00,1.3,0.41666666666666669,1.0266174234368879,False
2020-11-24 21:00:00+00:00,0.80000000000000004,0.4291666666666667,0.98734015709980638,False
2020-11-24 22:00:00+00:00,1.3999999999999999,0.45833333333333331,1.019054302760696,False
2020-11-24 23:00:00+00:00,2.3999999999999999,0.53749999999999998,1.1166270347857623,False
2020-11-25 00:00:00+00:00,1.8,0.57916666666666672,1.0152459059956105,False
2020-11-25 01:00:00+00:00,1.6000000000000001,0.625,1.0084763559069789,False
2020-11-25 02:00:00+00:00,1.5,0.65416666666666667,1.0092408234238717,False
2020-11-25 03:00:00+00:00,1.2,0.65833333333333333,1.0395619566716205,False
2020-11-25 04:00:00+00:00,1.6000000000000001,0.6875,1.0139319897175518,False
2020-11-25 05:00:00+00:00,0.90000000000000002,0.6958333333333333,0.99304673166882584,False
2020-11-25 06:00:00+00:00,0.59999999999999998,0.70416666666666661,0.98945571633179141,False
2020-11-25 07:00:00+00:00,1.2,0.7416666666666667,1.0191638141756831,False
2020-11-25 08:00:00+00:00,1.1000000000000001,0.78333333333333333,1.0161798331728307,False
2020-11-25 09:00:00+00:00,1.5,0.84583333333333333,1.0428139850404763,False
2020-11-25 10:00:00+00:00,2.2000000000000002,0.9375,1.1370529164654073,False
2020-11-25 11:00:00+00:00,2.5,1.0416666666666667,1.1170104569965573,False
2020-11-25 12:00:00+00:00,1.3999999999999999,1.0999999999999999,1.2196057801249909,False
2020-11-25 13:00:00+00:00,0.90000000000000002,1.1375,1.1259878427930294,False
2020-11-25 14:00:00+00:00,0.5,1.1583333333333334,1.031211878688048,False
2020-11-25 15:00:00+00:00,0.10000000000000001,1.1583333333333332,1.0305577527365712,False
2020-11-25 16:00:00+00:00,0,1.1583333333333332,1.0606991044393634,False
2020-11-25 17:00:00+00:00,0,1.1541666666666666,1.0570919229284756,False
2020-11-25 18:00:00+00:00,0,1.1499999999999999,1.0576666141335849,False
2020-11-25 19:00:00+00:00,0,1.1041666666666667,1.0419942171737588,False
2020-11-25 20:00:00+00:00,0,1.05,1.0640690822216579,False
2020-11-25 21:00:00+00:00,0,1.0166666666666666,1.0476266557392495,False
2020-11-25 22:00:00+00:00,0,0.95833333333333337,1.0858287001245734,False
2020-11-25 23:00:00+00:00,0,0.85833333333333328,1.1244751392872465,False
2020-11-26 00:00:00+00:00,0,0.78333333333333321,1.1879311027109207,False
2020-11-26 01:00:00+00:00,0.29999999999999999,0.72916666666666663,0.98272733231090936,False
2020-11-26 02:00:00+00:00,0,0.66666666666666663,1.1454271117702777,False
2020-11-26 03:00:00+00:00,0,0.61666666666666659,0.96107329370349914,False
2020-11-26 04:00:00+00:00,0,0.54999999999999993,1.0790218013852688,False
2020-11-26 05:00:00+00:00,0,0.51249999999999996,1.003412360726446,False
2020-11-26 06:00:00+00:00,0,0.48749999999999999,0.98940573313386992,False
2020-11-26 07:00:00+00:00,0,0.4375,1.0280196875788188,False
2020-11-26 08:00:00+00:00,0,0.39166666666666661,1.0457414261288196,False
2020-11-26 09:00:00+00:00,0,0.32916666666666666,0.99705774592576213,False
2020-11-26 10:00:00+00:00,0,0.23750000000000002,1.0877396812219757,False
2020-11-26 11:00:00+00:00,0,0.13333333333333333,1.0000000000000002,False
2020-11-26 12:00:00+00:00,0,0.074999999999999997,1,False
2020-11-26 13:00:00+00:00,0,0.037499999999999999,2777777.9184473678,False
2020-11-26 14:00:00+00:00,0,0.016666666666666666,1.0000000871891153,False
2020-11-26 15:00:00+00:00,0,0.012500000000000002,1.0000000702225564,False
2020-11-26 16:00:00+00:00,0,0.012500000000000002,1.0000000702225564,False
2020-11-26 17:00:00+00:00,0,0.012500000000000002,1.0000000702225564,False
2020-11-26 18:00:00+00:00,0,0.012500000000000002,1.0000000702225564,False
2020-11-26 19:00:00+00:00,0,0.012500000000000002,1.0000000702225564,False
2020-11-26 20:00:00+00:00,0,0.012500000000000002,1.0000000702225564,False
2020-11-26 21:00:00+00:00,0,0.012500000000000002,1.0000000702225564,False
2020-11-26 22:00:00+00:00,0,0.012500000000000002,1.0000000702225564,False
2020-11-26 23:00:00+00:00,0,0.012500000000000002,1.0000000702225564,False
2020-11-27 00:00:00+00:00,0,0.012500000000000002,1.0000000702225564,False
2020-11-27 01:00:00+00:00,0,0,1,False
2020-11-27 02:00:00+00:00,0,0,1,False
2020-11-27 03:00:00+00:00,0,0,1,False
2020-11-27 04:00:00+00:00,0,0,1,False
2020-11-27 05:00:00+00:00,0,0,1,False
2020-11-27 06:00:00+00:00,0,0,1,False
2020-11-27 07:00:00+00:00,0,0,1,False
2020-11-27 08:00:00+00:00,0,0,1,False
2020-11-27 09:00:00+00:00,0,0,1,False
2020-11-27 10:00:00+00:00,0,0,1,False
2020-11-27 11:00:00+00:00,0,0,1,False
2020-11-27 12:00:00+00:00,0,0,1,False
2020-11-27 13:00:00+00:00,0,0,1,False
2020-11-27 14:00:00+00:00,0,0,1,False
2020-11-27 15:00:00+00:00,0,0,1,False
2020-11-27 16:00:00+00:00,0,0,1,False
2020-11-27 17:00:00+00:00,0,0,1,False
2020-11-27 18:00:00+00:00,0,0,1,False
2020-11-27 19:00:00+00:00,0,0,1,False
2020-11-27 20:00:00+00:00,0,0,1,False
2020-11-27 21:00:00+00:00,0,0,1,False
2020-11-27 22:00:00+00:00,0,0,1,False
2020-11-27 23:00:00+00:00,0,0,1,False
2020-11-28 00:00:00+00:00,0,0,1,False
2020-11-28 01:00:00+00:00,0,0,1,False
2020-11-28 02:00:00+00:00,0,0,1,False
2020-11-28 03:00:00+00:00,0,0,1,False
2020-11-28 04:00:00+00:00,0,0,1,False
2020-11-28 05:00:00+00:00,0,0,1,False
2020-11-28 06:00:00+00:00,0,0,1,False
2020-11-28 07:00:00+00:00,0,0,1,False
2020-11-28 08:00:00+00:00,0,0,1,False
2020-11-28 09:00:00+00:00,0,0,1,False
2020-11-28 10:00:00+00:00,0,0,1,False
2020-11-28 11:00:00+00:00,0,0,1,False
2020-11-28 12:00:00+00:00,0,0,1,False
2020-11-28 13:00:00+00:00,0,0,1,False
2020-11-28 14:00:00+00:00,0,0,1,False
2020-11-28 15:00:00+00:00,0,0,1,False
2020-11-28 16:00:00+00:00,0,0,1,False
2020-11-28 17:00:00+00:00,0,0,1,False
2020-11-28 18:00:00+00:00,0,0,1,False
2020-11-28 19:00:00+00:00,0,0,1,False
2020-11-28 20:00:00+00:00,0,0,1,False
2020-11-28 21:00:00+00:00,0,0,1,False
2020-11-28 22:00:00+00:00,0,0,1,False
2020-11-28 23:00:00+00:00,0,0,1,False
2020-11-29 00:00:00+00:00,0,0,1,False
2020-11-29 01:00:00+00:00,0,0,1,False
2020-11-29 02:00:00+00:00,0,0,1,False
2020-11-29 03:00:00+00:00,0,0,1,False
2020-11-29 04:00:00+00:00,0,0,1,False
2020-11-29 05:00:00+00:00,0,0,1,False
2020-11-29 06:00:00+00:00,0,0,1,False
2020-11-29 07:00:00+00:00,0,0,1,False
2020-11-29 08:00:00+00:00,0,0,1,False
2020-11-29 09:00:00+00:00,0,0,1,False
2020-11-29 10:00:00+00:00,0,0,1,False
2020-11-29 11:00:00+00:00,0,0,1,False
2020-11-29 12:00:00+00:00,0,0,1,False
2020-11-29 13:00:00+00:00,0,0,1,False
2020-11-29 14:00:00+00:00,0,0,1,False
2020-11-29 15:00:00+00:00,0,0,1,False
2020-11-29 16:00:00+00:00,0,0,1,False
2020-11-29 17:00:00+00:00,0,0,1,False
2020-11-29 18:00:00+00:00,0,0,1,False
2020-11-29 19:00:00+00:00,0,0,1,False
2020-11-29 20:00:00+00:00,0,0,1,False
2020-11-29 21:00:00+00:00,0,0,1,False
2020-11-29 22:00:00+00:00,0,0,1,False
2020-11-29 23:00:00+00:00,0,0,1,False
2020-11-30 00:00:00+00:00,0,0,1,False
2020-11-30 01:00:00+00:00,0,0,1,False
2020-11-30 02:00:00+00:00,0,0,1,False
2020-11-30 03:00:00+00:00,0,0,1,False
2020-11-30 04:00:00+00:00,0,0,1,False
2020-11-30 05:00:00+00:00,0,0,1,False
2020-11-30 06:00:00+00:00,0,0,1,False
2020-11-30 07:00:00+00:00,0.20000000000000001,0.0083333333333333332,1.1507520866505883,False
2020-11-30 08:00:00+00:00,0.20000000000000001,0.016666666666666666,1.0540640308213394,False
2020-11-30 09:00:00+00:00,0.29999999999999999,0.029166666666666664,1.0829019928810248,False
2020-11-30 10:00:00+00:00,0.69999999999999996,0.058333333333333327,1.0117341751445799,False
2020-11-30 11:00:00+00:00,0.29999999999999999,0.070833333333333331,0.96746084692566992,False
2020-11-30 12:00:00+00:00,0.40000000000000002,0.087500000000000008,1.003602944526482,False
2020-11-30 13:00:00+00:00,0.59999999999999998,0.1125,1.02145045766732,False
2020-11-30 14:00:00+00:00,0.40000000000000002,0.12916666666666668,0.93436961736733748,False
2020-11-30 15:00:00+00:00,0.20000000000000001,0.13749999999999998,0.96145445947751562,False
2020-11-30 16:00:00+00:00,0.10000000000000001,0.14166666666666666,1.01360571211243,False
2020-11-30 17:00:00+00:00,0.10000000000000001,0.14583333333333334,0.98389306601228677,False
2020-11-30 18:00:00+00:00,0.10000000000000001,0.14999999999999999,0.96994863354464989,False
2020-11-30 19:00:00+00:00,0,0.14999999999999999,0.99999999999999956,False
2020-11-30 20:00:00+00:00,0,0.14999999999999999,0.99999999999999956,False
2020-11-30 21:00:00+00:00,0,0.14999999999999999,0.99999999999999956,False
2020-11-30 22:00:00+00:00,0,0.14999999999999999,0.99999999999999956,False
2020-11-30 23:00:00+00:00,0,0.14999999999999999,0.99999999999999956,False
2020-12-01 00:00:00+00:00,0,0.14999999999999999,0.99999999999999956,False
2020-12-01 01:00:00+00:00,0,0.14999999999999999,0.99999999999999956,False
2020-12-01 02:00:00+00:00,0,0.14999999999999999,0.99999999999999956,False
2020-12-01 03:00:00+00:00,0,0.14999999999999999,0.99999999999999956,False
2020-12-01 04:00:00+00:00,0,0.14999999999999999,0.99999999999999956,False
2020-12-01 05:00:00+00:00,0,0.14999999999999999,0.99999999999999956,False
2020-12-01 06:00:00+00:00,0,0.14999999999999999,0.99999999999999956,False
2020-12-01 07:00:00+00:00,0,0.14166666666666666,1.0000000000000009,False
2020-12-01 08:00:00+00:00,0,0.13333333333333333,1.0000000000000002,False
2020-12-01 09:00:00+00:00,0,0.12083333333333333,1.0000000000000009,False
2020-12-01 10:00:00+00:00,0,0.091666666666666674,0.99999999999999967,False
2020-12-01 11:00:00+00:00,0,0.079166666666666677,1.000000000000002,False
2020-12-01 12:00:00+00:00,0,0.062500000000000014,1,False
2020-12-01 13:00:00+00:00,0,0.037499999999999999,2777777.9184473678,False
2020-12-01 14:00:00+00:00,0,0.020833333333333332,1.0000001978644166,False
2020-12-01 15:00:00+00:00,0,0.012500000000000002,1.0000000702225564,False
2020-12-01 16:00:00+00:00,0,0.0083333333333333332,1.0000000521814365,False
2020-12-01 17:00:00+00:00,0,0.0041666666666666666,1.000000164225272,False
2020-12-01 18:00:00+00:00,0,0,1,False
2020-12-01 19:00:00+00:00,0,0,1,False
2020-12-01 20:00:00+00:00,0,0,1,False
2020-12-01 21:00:00+00:00,0,0,1,False
2020-12-01 22:00:00+00:00,0,0,1,False
2020-12-01 23:00:00+00:00,0,0,1,False
2020-12-02 00:00:00+00:00,0,0,1,False
2020-12-02 01:00:00+00:00,0,0,1,False
2020-12-02 02:00:00+00:00,0,0,1,False
2020-12-02 03:00:00+00:00,0,0,1,False
2020-12-02 04:00:00+00:00,0,0,1,False
2020-12-02 05:00:00+00:00,0,0,1,False
2020-12-02 06:00:00+00:00,0,0,1,False
2020-12-02 07:00:00+00:00,0,0,1,False
2020-12-02 08:00:00+00:00,0,0,1,False
2020-12-02 09:00:00+00:00,0,0,1,False
2020-12-02 10:00:00+00:00,0,0,1,False
2020-12-02 11:00:00+00:00,0,0,1,False
2020-12-02 12:00:00+00:00,0,0,1,False
2020-12-02 13:00:00+00:00,0.10000000000000001,0.0041666666666666666,0.9968954248804317,False
2020-12-02 14:00:00+00:00,0.20000000000000001,0.012500000000000002,1.0755502654500613,False
2020-12-02 15:00:00+00:00,0.5,0.033333333333333333,1.1140206974634757,False
2020-12-02 16:00:00+00:00,1.5,0.095833333333333326,1.1959286440730954,False
2020-12-02 17:00:00+00:00,1.7,0.16666666666666666,1.1225186452627129,False
2020-12-02 18:00:00+00:00,1.7,0.23750000000000002,1.0692694030766889,False
2020-12-02 19:00:00+00:00,1.8999999999999999,0.31666666666666665,1.0568413436603949,False
2020-12-02 20:00:00+00:00,1.2,0.3666666666666667,1.0212602911054256,False
2020-12-02 21:00:00+00:00,0.80000000000000004,0.39999999999999997,0.99436690605256151,False
2020-12-02 22:00:00+00:00,1,0.44166666666666665,1.0122699998223983,False
2020-12-02 23:00:00+00:00,0.69999999999999996,0.47083333333333338,0.99072720256631552,False
2020-12-03 00:00:00+00:00,0.59999999999999998,0.49583333333333335,1.0067563895573328,False
2020-12-03 01:00:00+00:00,0.5,0.51666666666666672,1.0187178932147869,False
2020-12-03 02:00:00+00:00,0.40000000000000002,0.53333333333333333,1.0174582896456779,False
2020-12-03 03:00:00+00:00,0.40000000000000002,0.54999999999999993,1.0196622674502225,False
2020-12-03 04:00:00+00:00,0.40000000000000002,0.56666666666666665,1.0185202650454441,False
2020-12-03 05:00:00+00:00,0.29999999999999999,0.57916666666666672,1.00510540963781,False
2020-12-03 06:00:00+00:00,0.29999999999999999,0.59166666666666667,1.0041031269477028,False
2020-12-03 07:00:00+00:00,0.59999999999999998,0.6166666666666667,1.0169840811996655,False
2020-12-03 08:00:00+00:00,1,0.65833333333333333,1.0055552466260458,False
2020-12-03 09:00:00+00:00,0.90000000000000002,0.6958333333333333,0.99304673166882584,False
2020-12-03 10:00:00+00:00,1.3999999999999999,0.75416666666666676,1.0164823168357853,False
2020-12-03 11:00:00+00:00,0.80000000000000004,0.78749999999999998,1.0007892331878678,False
2020-12-03 12:00:00+00:00,1,0.82916666666666661,1.0024271478143465,False
2020-12-03 13:00:00+00:00,1.1000000000000001,0.87083333333333324,1.050845950087145,False
2020-12-03 14:00:00+00:00,1,0.90416666666666667,1.0352728338928738,False
2020-12-03 15:00:00+00:00,0.80000000000000004,0.91666666666666663,1.0521535026693098,False
2020-12-03 16:00:00+00:00,0.69999999999999996,0.8833333333333333,1.1430330779900877,False
2020-12-03 17:00:00+00:00,0.40000000000000002,0.82916666666666661,1.0108558948367015,False
2020-12-03 18:00:00+00:00,0.5,0.77916666666666667,0.99176290343236373,False
2020-12-03 19:00:00+00:00,0.40000000000000002,0.71666666666666667,0.98605384873825008,False
2020-12-03 20:00:00+00:00,0.20000000000000001,0.67499999999999993,1.004604870120285,False
2020-12-03 21:00:00+00:00,0.29999999999999999,0.65416666666666667,0.99946101297853396,False
2020-12-03 22:00:00+00:00,0.40000000000000002,0.62916666666666665,1.0069548636405858,False
2020-12-03 23:00:00+00:00,0.29999999999999999,0.61249999999999993,1.0006502912303603,False
2020-12-04 00:00:00+00:00,0.29999999999999999,0.59999999999999998,1.0031986358135734,False
2020-12-04 01:00:00+00:00,0.29999999999999999,0.59166666666666667,1.0041031269477028,False
2020-12-04 02:00:00+00:00,0.20000000000000001,0.58333333333333337,1.0369516929463711,False
2020-12-04 03:00:00+00:00,0.10000000000000001,0.57083333333333341,1.0713947476716574,False
2020-12-04 04:00:00+00:00,0,0.5541666666666667,1.0633913066411254,False
2020-12-04 05:00:00+00:00,0,0.54166666666666663,1.0587238762293554,False
2020-12-04 06:00:00+00:00,0,0.52916666666666667,1.0424025513365942,False
2020-12-04 07:00:00+00:00,0.10000000000000001,0.50833333333333341,1.1589714916312228,False
2020-12-04 08:00:00+00:00,0.10000000000000001,0.47083333333333327,1.237254663172572,False
2020-12-04 09:00:00+00:00,0.10000000000000001,0.4375,1.1257582421127519,False
2020-12-04 10:00:00+00:00,0,0.37916666666666665,1.1101827527902897,False
2020-12-04 11:00:00+00:00,0,0.34583333333333327,0.97524171189751685,False
2020-12-04 12:00:00+00:00,0,0.3041666666666667,1.0067108513838359,False
2020-12-04 13:00:00+00:00,0,0.25833333333333336,0.99787145893923113,False
2020-12-04 14:00:00+00:00,0,0.21666666666666667,0.99999999999999933,False
2020-12-04 15:00:00+00:00,0,0.18333333333333335,1.0424160824694282,False
2020-12-04 16:00:00+00:00,0,0.15416666666666665,1.0000000000000004,False
2020-12-04 17:00:00+00:00,0.10000000000000001,0.14166666666666666,1.01360571211243,False
2020-12-04 18:00:00+00:00,0.20000000000000001,0.12916666666666668,0.98427791605800885,False
2020-12-04 19:00:00+00:00,0.20000000000000001,0.12083333333333333,0.9988125868223271,False
2020-12-04 20:00:00+00:00,0.10000000000000001,0.11666666666666665,1.031457213849488,False
2020-12-04 21:00:00+00:00,0.10000000000000001,0.10833333333333334,1.0736004742109,False
2020-12-04 22:00:00+00:00,0.10000000000000001,0.09583333333333334,0.97593589104208911,False
2020-12-04 23:00:00+00:00,0.10000000000000001,0.087500000000000008,0.99462365597641356,False
2020-12-05 00:00:00+00:00,0.10000000000000001,0.079166666666666677,1,False
2020-12-05 01:00:00+00:00,0.10000000000000001,0.070833333333333331,1.0000000000000007,False
2020-12-05 02:00:00+00:00,0.10000000000000001,0.066666666666666666,1.0000000000000009,False
2020-12-05 03:00:00+00:00,0,0.0625,1,False
2020-12-05 04:00:00+00:00,0,0.0625,1,False
2020-12-05 05:00:00+00:00,0,0.0625,1,False
2020-12-05 06:00:00+00:00,0,0.0625,1,False
2020-12-05 07:00:00+00:00,0,0.058333333333333341,11805552.437997824,True
2020-12-05 08:00:00+00:00,0,0.054166666666666669,1.0000001116776112,False
2020-12-05 09:00:00+00:00,0,0.05000000000000001,0.99999999957595676,False
2020-12-05 10:00:00+00:00,0,0.05000000000000001,0.99999999957595676,False
2020-12-05 11:00:00+00:00,0,0.05000000000000001,0.99999999957595676,False
2020-12-05 12:00:00+00:00,0,0.05000000000000001,0.99999999957595676,False
2020-12-05 13:00:00+00:00,0,0.05000000000000001,0.99999999957595676,False
2020-12-05 14:00:00+00:00,0,0.05000000000000001,0.99999999957595676,False
2020-12-05 15:00:00+00:00,0,0.05000000000000001,0.99999999957595676,False
2020-12-05 16:00:00+00:00,0,0.05000000000000001,0.99999999957595676,False
2020-12-05 17:00:00+00:00,0,0.045833333333333337,1.0000001254012172,False
2020-12-05 18:00:00+00:00,0,0.037499999999999999,2777777.9184473678,False
2020-12-05 19:00:00+00:00,0,0.029166666666666671,0.99999999999999978,False
2020-12-05 20:00:00+00:00,0.10000000000000001,0.029166666666666671,0.99999999999999989,False
2020-12-05 21:00:00+00:00,0.5,0.045833333333333337,1.1136349625019735,False
2020-12-05 22:00:00+00:00,0.5,0.0625,1.0712539258347216,False
2020-12-05 23:00:00+00:00,0.20000000000000001,0.066666666666666666,1.0207088870734822,False
2020-12-06 00:00:00+00:00,0.10000000000000001,0.066666666666666666,1.0000000000000009,False
2020-12-06 01:00:00+00:00,0.20000000000000001,0.070833333333333345,1.0279032711654232,False
2020-12-06 02:00:00+00:00,0.20000000000000001,0.074999999999999997,1.0363262620710283,False
2020-12-06 03:00:00+00:00,0.10000000000000001,0.079166666666666663,1,False
2020-12-06 04:00:00+00:00,0.10000000000000001,0.083333333333333329,1,False
2020-12-06 05:00:00+00:00,0.10000000000000001,0.087500000000000008,0.99462365597641356,False
2020-12-06 06:00:00+00:00,0,0.087500000000000008,1.0000000000000004,False
2020-12-06 07:00:00+00:00,0.10000000000000001,0.091666666666666674,0.97282037929985632,False
2020-12-06 08:00:00+00:00,0,0.091666666666666674,0.99999999999999967,False
2020-12-06 09:00:00+00:00,0,0.091666666666666674,0.99999999999999967,False
2020-12-06 10:00:00+00:00,0,0.091666666666666674,0.99999999999999967,False
2020-12-06 11:00:00+00:00,0,0.091666666666666674,0.99999999999999967,False
2020-12-06 12:00:00+00:00,0,0.091666666666666674,0.99999999999999967,False
2020-12-06 13:00:00+00:00,0,0.091666666666666674,0.99999999999999967,False
2020-12-06 14:00:00+00:00,0,0.091666666666666674,0.99999999999999967,False
2020-12-06 15:00:00+00:00,0,0.091666666666666674,0.99999999999999967,False
2020-12-06 16:00:00+00:00,0,0.091666666666666674,0.99999999999999967,False
2020-12-06 17:00:00+00:00,0,0.091666666666666674,0.99999999999999967,False
2020-12-06 18:00:00+00:00,0,0.091666666666666674,0.99999999999999967,False
2020-12-06 19:00:00+00:00,0,0.091666666666666674,0.99999999999999967,False
2020-12-06 20:00:00+00:00,0,0.087500000000000008,1.0000000000000004,False
2020-12-06 21:00:00+00:00,0,0.066666666666666666,1.0000000000000007,False
2020-12-06 22:00:00+00:00,0,0.045833333333333337,1.0000001254012172,False
2020-12-06 23:00:00+00:00,0.10000000000000001,0.041666666666666664,1.0000000000000011,False
2020-12-07 00:00:00+00:00,0.29999999999999999,0.049999999999999996,1.0340295536025652,False
2020-12-07 01:00:00+00:00,0.69999999999999996,0.070833333333333331,1.0024234039869115,False
2020-12-07 02:00:00+00:00,0.5,0.083333333333333329,1.0214573827879734,False
2020-12-07 03:00:00+00:00,0.5,0.099999999999999992,0.99384573839833135,False
2020-12-07 04:00:00+00:00,0.29999999999999999,0.10833333333333332,0.98003696530835926,False
2020-12-07 05:00:00+00:00,0.29999999999999999,0.11666666666666665,0.96292083253038385,False
2020-12-07 06:00:00+00:00,0.20000000000000001,0.12499999999999999,0.99305792685039451,False
2020-12-07 07:00:00+00:00,0.10000000000000001,0.125,0.93863463045718165,False
2020-12-07 08:00:00+00:00,0,0.125,1.0000000000000029,False
2020-12-07 09:00:00+00:00,0,0.125,1.0000000000000029,False
2020-12-07 10:00:00+00:00,0.20000000000000001,0.13333333333333333,0.96447856526890097,False
2020-12-07 11:00:00+00:00,0.10000000000000001,0.13750000000000001,1.0430310547225827,False
2020-12-07 12:00:00+00:00,0,0.13750000000000001,0.99999999999999867,False
2020-12-07 13:00:00+00:00,0,0.13750000000000001,0.99999999999999867,False
2020-12-07 14:00:00+00:00,0,0.13750000000000001,0.99999999999999867,False
2020-12-07 15:00:00+00:00,0,0.13750000000000001,0.99999999999999867,False
2020-12-07 16:00:00+00:00,0,0.13750000000000001,0.99999999999999867,False
2020-12-07 17:00:00+00:00,0,0.13750000000000001,0.99999999999999867,False
2020-12-07 18:00:00+00:00,0,0.13750000000000001,0.99999999999999867,False
2020-12-07 19:00:00+00:00,0,0.13750000000000001,0.99999999999999867,False
2020-12-07 20:00:00+00:00,0,0.13750000000000001,0.99999999999999867,False
2020-12-07 21:00:00+00:00,0,0.13750000000000001,0.99999999999999867,False
2020-12-07 22:00:00+00:00,0,0.13750000000000001,0.99999999999999867,False
2020-12-07 23:00:00+00:00,0.29999999999999999,0.14583333333333334,0.98781983042355326,False
2020-12-08 00:00:00+00:00,0.29999999999999999,0.14583333333333331,0.98781983042355326,False
2020-12-08 01:00:00+00:00,0.20000000000000001,0.125,0.99305792685039451,False
2020-12-08 02:00:00+00:00,0.20000000000000001,0.1125,1.0000000000000002,False
2020-12-08 03:00:00+00:00,0.20000000000000001,0.099999999999999992,1.0000000000000002,False
2020-12-08 04:00:00+00:00,0.20000000000000001,0.09583333333333334,1.0000000000000002,False
2020-12-08 05:00:00+00:00,0.10000000000000001,0.087500000000000008,0.99462365597641356,False
2020-12-08 06:00:00+00:00,0.10000000000000001,0.083333333333333329,1,False
2020-12-08 07:00:00+00:00,0.10000000000000001,0.083333333333333329,1,False
2020-12-08 08:00:00+00:00,0.10000000000000001,0.087500000000000008,0.99462365597641356,False
2020-12-08 09:00:00+00:00,0.10000000000000001,0.091666666666666674,0.97282037929985632,False
2020-12-08 10:00:00+00:00,0.10000000000000001,0.087500000000000008,0.99462365597641356,False
2020-12-08 11:00:00+00:00,0,0.083333333333333329,1.0000000000000009,False
2020-12-08 12:00:00+00:00,0,0.083333333333333329,1.0000000000000009,False
2020-12-08 13:00:00+00:00,0,0.083333333333333329,1.0000000000000009,False
2020-12-08 14:00:00+00:00,0.10000000000000001,0.087500000000000008,0.99462365597641356,False
2020-12-08 15:00:00+00:00,0.10000000000000001,0.09166666666666666,0.97282037929985632,False
2020-12-08 16:00:00+00:00,0.20000000000000001,0.099999999999999992,1.0000000000000002,False
2020-12-08 17:00:00+00:00,0.29999999999999999,0.11249999999999999,0.96994183654959898,False
2020-12-08 18:00:00+00:00,0.40000000000000002,0.12916666666666668,0.93436961736733748,False
2020-12-08 19:00:00+00:00,0.29999999999999999,0.14166666666666666,0.98894610396586013,False
2020-12-08 20:00:00+00:00,0.29999999999999999,0.15416666666666665,0.99285252414472036,False
2020-12-08 21:00:00+00:00,0.29999999999999999,0.16666666666666666,1.0464420523969531,False
2020-12-08 22:00:00+00:00,0.40000000000000002,0.18333333333333335,1.0204125655284164,False
2020-12-08 23:00:00+00:00,0.40000000000000002,0.1875,1.0191658815714892,False
2020-12-09 00:00:00+00:00,0.29999999999999999,0.1875,1.1051994702895478,False
2020-12-09 01:00:00+00:00,0.29999999999999999,0.19166666666666665,1.110015009469663,False
2020-12-09 02:00:00+00:00,0.29999999999999999,0.19583333333333333,1.120718241075499,False
2020-12-09 03:00:00+00:00,0.20000000000000001,0.1958333333333333,1.1734025366228464,False
2020-12-09 04:00:00+00:00,0,0.1875,0.95136405847997929,False
2020-12-09 05:00:00+00:00,0,0.18333333333333335,1.0424160824694282,False
2020-12-09 06:00:00+00:00,0,0.1791666666666667,1.290301688067321,False
2020-12-09 07:00:00+00:00,0,0.17499999999999996,1.0666774150934077,False
2020-12-09 08:00:00+00:00,0,0.17083333333333331,0.91402462480043867,False
2020-12-09 09:00:00+00:00,0,0.16666666666666666,1.033456158432607,False
2020-12-09 10:00:00+00:00,0,0.16250000000000001,1.1263442959338212,False
2020-12-09 11:00:00+00:00,0,0.16250000000000001,1.1263442959338212,False
2020-12-09 12:00:00+00:00,0,0.16250000000000001,1.1263442959338212,False
2020-12-09 13:00:00+00:00,0,0.16250000000000001,1.1263442959338212,False
2020-12-09 14:00:00+00:00,0,0.15833333333333333,1.0682923202191295,False
2020-12-09 15:00:00+00:00,0,0.15416666666666667,0.99684684690820602,False
2020-12-09 16:00:00+00:00,0.10000000000000001,0.14999999999999999,0.96994863354464989,False
2020-12-09 17:00:00+00:00,0,0.13750000000000001,0.99999999999999867,False
2020-12-09 18:00:00+00:00,0,0.12083333333333333,1.0000000000000009,False
2020-12-09 19:00:00+00:00,0,0.10833333333333334,1.0000000000000011,False
2020-12-09 20:00:00+00:00,0,0.09583333333333334,0.99999999999999956,False
2020-12-09 21:00:00+00:00,0.10000000000000001,0.087500000000000008,0.99462365597641356,False
2020-12-09 22:00:00+00:00,0,0.070833333333333331,0.99999999999999956,False
2020-12-09 23:00:00+00:00,0,0.054166666666666662,1.0000001634109028,False
2020-12-10 00:00:00+00:00,0,0.041666666666666664,0.99999999999999989,False
2020-12-10 01:00:00+00:00,0.10000000000000001,0.033333333333333333,1.0000000000000007,False
2020-12-10 02:00:00+00:00,0.10000000000000001,0.024999999999999998,0.99999999999999978,False
2020-12-10 03:00:00+00:00,0.10000000000000001,0.020833333333333332,1.0407590753264704,False
2020-12-10 04:00:00+00:00,0,0.020833333333333332,1.0000001978644166,False
2020-12-10 05:00:00+00:00,0,0.020833333333333332,1.0000001978644166,False
2020-12-10 06:00:00+00:00,0.10000000000000001,0.025000000000000005,0.99999999999999989,False
2020-12-10 07:00:00+00:00,0,0.025000000000000005,5555554.585119064,False
2020-12-10 08:00:00+00:00,0,0.025000000000000005,5555554.585119064,False
2020-12-10 09:00:00+00:00,0.10000000000000001,0.029166666666666671,0.99999999999999989,False
2020-12-10 10:00:00+00:00,0.20000000000000001,0.037499999999999999,0.91919258560458417,False
2020-12-10 11:00:00+00:00,0.40000000000000002,0.054166666666666669,1.0622066105727408,False
2020-12-10 12:00:00+00:00,0.5,0.074999999999999997,1.0401640764721283,False
2020-12-10 13:00:00+00:00,0.5,0.095833333333333326,1.0040178262687425,False
2020-12-10 14:00:00+00:00,0.29999999999999999,0.10833333333333334,0.98003696530835926,False
2020-12-10 15:00:00+00:00,0.29999999999999999,0.12083333333333333,0.96017775120975368,False
2020-12-10 16:00:00+00:00,0.5,0.13749999999999998,0.9432771021156483,False
2020-12-10 17:00:00+00:00,0.59999999999999998,0.16250000000000001,1.0188816163405874,False
2020-12-10 18:00:00+00:00,0.5,0.18333333333333335,0.98343316229520872,False
2020-12-10 19:00:00+00:00,0.5,0.20416666666666669,1.0098705434717563,False
2020-12-10 20:00:00+00:00,0.40000000000000002,0.22083333333333333,1.0617180125094978,False
2020-12-10 21:00:00+00:00,0.29999999999999999,0.22916666666666666,1.0666896428699775,False
2020-12-10 22:00:00+00:00,0.10000000000000001,0.23333333333333336,1.0258179236385869,False
2020-12-10 23:00:00+00:00,0.10000000000000001,0.23750000000000002,1.0014970227456401,False
2020-12-11 00:00:00+00:00,0.10000000000000001,0.2416666666666667,0.98514319805665462,False
2020-12-11 01:00:00+00:00,0.10000000000000001,0.24166666666666667,0.98514319805665473,False
2020-12-11 02:00:00+00:00,0.10000000000000001,0.24166666666666667,0.98514319805665473,False
2020-12-11 03:00:00+00:00,0.10000000000000001,0.24166666666666667,0.98514319805665473,False
2020-12-11 04:00:00+00:00,0.10000000000000001,0.24583333333333332,0.97461571718680806,False
2020-12-11 05:00:00+00:00,0.10000000000000001,0.25,0.95890085295396876,False
2020-12-11 06:00:00+00:00,0.10000000000000001,0.25,0.95890085295396876,False
2020-12-11 07:00:00+00:00,0.10000000000000001,0.25416666666666665,0.96225271568963711,False
2020-12-11 08:00:00+00:00,0.10000000000000001,0.25833333333333336,0.98272728601622439,False
2020-12-11 09:00:00+00:00,0.10000000000000001,0.25833333333333336,0.98272728601622439,False
2020-12-11 10:00:00+00:00,0.10000000000000001,0.25416666666666671,0.97118813704057161,False
2020-12-11 11:00:00+00:00,0.10000000000000001,0.24166666666666667,0.98514319805665473,False
2020-12-11 12:00:00+00:00,0.10000000000000001,0.22499999999999998,1.0389420561569809,False
2020-12-11 13:00:00+00:00,0.10000000000000001,0.20833333333333334,1.0963694337597432,False
2020-12-11 14:00:00+00:00,0,0.19583333333333333,1.3255352458624685,False
2020-12-11 15:00:00+00:00,0,0.18333333333333335,1.0424160824694282,False
2020-12-11 16:00:00+00:00,0,0.16250000000000001,1.1263442959338212,False
2020-12-11 17:00:00+00:00,0,0.13750000000000001,0.99999999999999867,False
2020-12-11 18:00:00+00:00,0,0.11666666666666668,1.0000000000000007,False
2020-12-11 19:00:00+00:00,0,0.09583333333333334,0.99999999999999956,False
2020-12-11 20:00:00+00:00,0,0.079166666666666677,1.000000000000002,False
2020-12-11 21:00:00+00:00,0,0.066666666666666666,1.0000000000000007,False
2020-12-11 22:00:00+00:00,0,0.0625,1,False
2020-12-11 23:00:00+00:00,0,0.058333333333333327,11805552.437997814,True
2020-12-12 00:00:00+00:00,0,0.054166666666666669,1.0000001116776112,False
2020-12-12 01:00:00+00:00,0,0.049999999999999996,0.99999999722444444,False
2020-12-12 02:00:00+00:00,0,0.045833333333333337,1.0000001254012172,False
2020-12-12 03:00:00+00:00,0,0.041666666666666664,0.99999999999999989,False
2020-12-12 04:00:00+00:00,0,0.037500000000000006,2777777.9184473683,False
2020-12-12 05:00:00+00:00,0,0.033333333333333333,1.0000002128312282,False
2020-12-12 06:00:00+00:00,0,0.029166666666666664,0.99999999999999978,False
2020-12-12 07:00:00+00:00,0,0.025000000000000005,5555554.585119064,False
2020-12-12 08:00:00+00:00,0,0.020833333333333332,1.0000001978644166,False
2020-12-12 09:00:00+00:00,0,0.016666666666666666,1.0000000871891153,False
2020-12-12 10:00:00+00:00,0,0.012500000000000002,1.0000000702225564,False
2020-12-12 11:00:00+00:00,0,0.0083333333333333332,1.0000000521814365,False
2020-12-12 12:00:00+00:00,0,0.0041666666666666666,1.000000164225272,False
2020-12-12 13:00:00+00:00,0,0,1,False
2020-12-12 14:00:00+00:00,0,0,1,False
2020-12-12 15:00:00+00:00,0,0,1,False
2020-12-12 16:00:00+00:00,0,0,1,False
2020-12-12 17:00:00+00:00,0,0,1,False
2020-12-12 18:00:00+00:00,0,0,1,False
2020-12-12 19:00:00+00:00,0,0,1,False
2020-12-12 20:00:00+00:00,0,0,1,False
2020-12-12 21:00:00+00:00,0,0,1,False
2020-12-12 22:00:00+00:00,0,0,1,False
2020-12-12 23:00:00+00:00,0,0,1,False
2020-12-13 00:00:00+00:00,0,0,1,False
2020-12-13 01:00:00+00:00,0,0,1,False
2020-12-13 02:00:00+00:00,0,0,1,False
2020-12-13 03:00:00+00:00,0,0,1,False
2020-12-13 04:00:00+00:00,0,0,1,False
2020-12-13 05:00:00+00:00,0,0,1,False
2020-12-13 06:00:00+00:00,0,0,1,False
2020-12-13 07:00:00+00:00,0,0,1,False
2020-12-13 08:00:00+00:00,0,0,1,False
2020-12-13 09:00:00+00:00,0,0,1,False
2020-12-13 10:00:00+00:00,0,0,1,False
2020-12-13 11:00:00+00:00,0,0,1,False
2020-12-13 12:00:00+00:00,0,0,1,False
2020-12-13 13:00:00+00:00,0,0,1,False
2020-12-13 14:00:00+00:00,0,0,1,False
2020-12-13 15:00:00+00:00,0.10000000000000001,0.0041666666666666666,0.9968954248804317,False
2020-12-13 16:00:00+00:00,0.10000000000000001,0.0083333333333333332,1.0069306929704931,False
2020-12-13 17:00:00+00:00,0.10000000000000001,0.012500000000000002,0.95995098087931963,False
2020-12-13 18:00:00+00:00,0.10000000000000001,0.016666666666666666,1.0942826622224102,False
2020-12-13 19:00:00+00:00,0.10000000000000001,0.020833333333333332,1.0407590753264704,False
2020-12-13 20:00:00+00:00,0.10000000000000001,0.025000000000000005,0.99999999999999989,False
2020-12-13 21:00:00+00:00,0.10000000000000001,0.029166666666666671,0.99999999999999989,False
2020-12-13 22:00:00+00:00,0.20000000000000001,0.037499999999999999,0.91919258560458417,False
2020-12-13 23:00:00+00:00,0.10000000000000001,0.041666666666666664,1.0000000000000011,False
2020-12-14 00:00:00+00:00,0.10000000000000001,0.045833333333333337,0.99999999999999989,False
2020-12-14 01:00:00+00:00,0.10000000000000001,0.05000000000000001,0.999999999999999,False
2020-12-14 02:00:00+00:00,0.10000000000000001,0.054166666666666669,0.99999999999999956,False
2020-12-14 03:00:00+00:00,0.10000000000000001,0.058333333333333341,0.99999999999999978,False
2020-12-14 04:00:00+00:00,0.20000000000000001,0.066666666666666666,1.0207088870734822,False
2020-12-14 05:00:00+00:00,0.20000000000000001,0.074999999999999997,1.0363262620710283,False
2020-12-14 06:00:00+00:00,0.59999999999999998,0.10000000000000002,1.0542860177240339,False
2020-12-14 07:00:00+00:00,1.1000000000000001,0.14583333333333334,1.0886866786083265,False
2020-12-14 08:00:00+00:00,1.2,0.19583333333333333,1.0566660425649173,False
2020-12-14 09:00:00+00:00,0.90000000000000002,0.23333333333333336,0.97991318113371273,False
2020-12-14 10:00:00+00:00,0.90000000000000002,0.27083333333333331,0.99310367066561789,False
2020-12-14 11:00:00+00:00,0.69999999999999996,0.29999999999999999,1.0022665776879529,False
2020-12-14 12:00:00+00:00,1.1000000000000001,0.34583333333333338,0.99950540105126606,False
2020-12-14 13:00:00+00:00,0.40000000000000002,0.36250000000000004,1.00930541373432,False
2020-12-14 14:00:00+00:00,0.5,0.38333333333333336,1.0081490041572434,False
2020-12-14 15:00:00+00:00,0.90000000000000002,0.41666666666666669,1.0037104244754402,False
2020-12-14 16:00:00+00:00,0.5,0.43333333333333335,1.0049054004825029,False
2020-12-14 17:00:00+00:00,0.40000000000000002,0.4458333333333333,1.0061614312353258,False
2020-12-14 18:00:00+00:00,1.1000000000000001,0.48749999999999999,1.0389337581114442,False
2020-12-14 19:00:00+00:00,1.7,0.5541666666666667,0.99923062519122186,False
2020-12-14 20:00:00+00:00,1.1000000000000001,0.59583333333333333,1.0388367149853541,False
2020-12-14 21:00:00+00:00,1.3,0.64583333333333337,1.0126770947724761,False
2020-12-14 22:00:00+00:00,1.3,0.69166666666666676,1.0181375838760762,False
2020-12-14 23:00:00+00:00,0.29999999999999999,0.69999999999999984,0.98990143153501131,False
2020-12-15 00:00:00+00:00,0.10000000000000001,0.70000000000000007,0.99457970482754599,False
2020-12-15 01:00:00+00:00,0.10000000000000001,0.70000000000000007,0.99457970482754599,False
2020-12-15 02:00:00+00:00,0.10000000000000001,0.70000000000000007,0.99457970482754599,False
2020-12-15 03:00:00+00:00,0,0.6958333333333333,1.342095693034872,False
2020-12-15 04:00:00+00:00,0.10000000000000001,0.69166666666666676,0.99654590328704196,False
2020-12-15 05:00:00+00:00,0.10000000000000001,0.6875,0.99094685029052232,False
2020-12-15 06:00:00+00:00,0.10000000000000001,0.66666666666666663,0.9961684374905313,False
2020-12-15 07:00:00+00:00,0.29999999999999999,0.63333333333333341,0.99909673644276664,False
2020-12-15 08:00:00+00:00,0.20000000000000001,0.59166666666666667,1.0254680136060927,False
2020-12-15 09:00:00+00:00,0,0.5541666666666667,1.0633913066411254,False
2020-12-15 10:00:00+00:00,0,0.51666666666666672,1.0036198666614002,False
2020-12-15 11:00:00+00:00,0,0.48749999999999999,0.98940573313386992,False
2020-12-15 12:00:00+00:00,0,0.44166666666666665,1.0549397041436304,False
2020-12-15 13:00:00+00:00,0,0.42499999999999999,0.98833666513915686,False
2020-12-15 14:00:00+00:00,0,0.40416666666666662,1.0183564407914922,False
2020-12-15 15:00:00+00:00,0.20000000000000001,0.37500000000000006,1.0316693475083007,False
2020-12-15 16:00:00+00:00,0.10000000000000001,0.35833333333333339,0.98504916739703241,False
2020-12-15 17:00:00+00:00,0.10000000000000001,0.34583333333333338,0.99209667394972201,False
2020-12-15 18:00:00+00:00,0.20000000000000001,0.30833333333333335,1.0472488250780758,False
2020-12-15 19:00:00+00:00,0.5,0.25833333333333336,1.083567739540193,False
2020-12-15 20:00:00+00:00,0.29999999999999999,0.22500000000000001,1.07508388330038,False
2020-12-15 21:00:00+00:00,0,0.17083333333333331,0.91402462480043867,False
2020-12-15 22:00:00+00:00,0,0.11666666666666665,1.0000000000000022,False
2020-12-15 23:00:00+00:00,0,0.10416666666666667,1.0000000000000018,False
2020-12-16 00:00:00+00:00,0,0.099999999999999992,1.0000000000000004,False
2020-12-16 01:00:00+00:00,0,0.095833333333333326,0.99999999999999956,False
2020-12-16 02:00:00+00:00,0,0.091666666666666674,0.99999999999999967,False
2020-12-16 03:00:00+00:00,0,0.091666666666666674,0.99999999999999967,False
2020-12-16 04:00:00+00:00,0,0.087500000000000008,1.0000000000000004,False
2020-12-16 05:00:00+00:00,0,0.083333333333333329,1.0000000000000009,False
2020-12-16 06:00:00+00:00,0,0.079166666666666663,1.000000000000002,False
2020-12-16 07:00:00+00:00,0,0.066666666666666666,1.0000000000000007,False
2020-12-16 08:00:00+00:00,0,0.058333333333333327,11805552.437997814,True
2020-12-16 09:00:00+00:00,0,0.058333333333333327,11805552.437997814,True
2020-12-16 10:00:00+00:00,0,0.058333333333333327,11805552.437997814,True
2020-12-16 11:00:00+00:00,0,0.058333333333333327,11805552.437997814,True
2020-12-16 12:00:00+00:00,0,0.058333333333333327,11805552.437997814,True
2020-12-16 13:00:00+00:00,0,0.058333333333333327,11805552.437997814,True
2020-12-16 14:00:00+00:00,0,0.058333333333333327,11805552.437997814,True
2020-12-16 15:00:00+00:00,0,0.049999999999999996,0.99999999722444444,False
2020-12-16 16:00:00+00:00,0,0.045833333333333337,1.0000001254012172,False
2020-12-16 17:00:00+00:00,0,0.041666666666666664,0.99999999999999989,False
2020-12-16 18:00:00+00:00,0,0.033333333333333333,1.0000002128312282,False
2020-12-16 19:00:00+00:00,0,0.012500000000000002,1.0000000702225564,False
2020-12-16 20:00:00+00:00,0.10000000000000001,0.0041666666666666692,0.9968954248804317,False
2020-12-16 21:00:00+00:00,0.20000000000000001,0.012500000000000002,1.0755502654500613,False
2020-12-16 22:00:00+00:00,0.29999999999999999,0.025000000000000005,1.1100518362663139,False
2020-12-16 23:00:00+00:00,0.29999999999999999,0.037500000000000006,1.0506615538609936,False
2020-12-17 00:00:00+00:00,0.5,0.058333333333333341,1.0896453524492948,False
2020-12-17 01:00:00+00:00,0.59999999999999998,0.083333333333333329,1.0316903427127806,False
2020-12-17 02:00:00+00:00,0.80000000000000004,0.11666666666666665,0.99772144613373648,False
2020-12-17 03:00:00+00:00,0.80000000000000004,0.14999999999999999,0.978259490638407,False
2020-12-17 04:00:00+00:00,0.69999999999999996,0.17916666666666667,0.98798432253097623,False
2020-12-17 05:00:00+00:00,0.40000000000000002,0.19583333333333333,1.0301700091916317,False
2020-12-17 06:00:00+00:00,0.29999999999999999,0.20833333333333334,1.1228380139656706,False
2020-12-17 07:00:00+00:00,0.40000000000000002,0.22500000000000001,1.0624725815511005,False
2020-12-17 08:00:00+00:00,0.5,0.24583333333333335,1.0666209724807973,False
2020-12-17 09:00:00+00:00,0.69999999999999996,0.27499999999999997,1.0113542785843022,False
2020-12-17 10:00:00+00:00,1,0.31666666666666665,0.98256274892150297,False
2020-12-17 11:00:00+00:00,1.1000000000000001,0.36249999999999999,0.99886356278587607,False
2020-12-17 12:00:00+00:00,0.80000000000000004,0.39583333333333331,0.99645802502750747,False
2020-12-17 13:00:00+00:00,1,0.4375,1.0087748639402037,False
2020-12-17 14:00:00+00:00,0.40000000000000002,0.45416666666666666,1.0055071992644036,False
2020-12-17 15:00:00+00:00,0.10000000000000001,0.45833333333333331,1.2231307334093264,False
2020-12-17 16:00:00+00:00,0.10000000000000001,0.46249999999999997,1.2280418164279465,False
2020-12-17 17:00:00+00:00,0.10000000000000001,0.46666666666666673,1.2292804001538624,False
2020-12-17 18:00:00+00:00,0,0.46666666666666673,1.0214174986443103,False
2020-12-17 19:00:00+00:00,0,0.46666666666666673,1.0214174986443103,False
2020-12-17 20:00:00+00:00,0,0.46250000000000008,1.0341905930715913,False
2020-12-17 21:00:00+00:00,0,0.45416666666666666,1.0712319568805406,False
2020-12-17 22:00:00+00:00,0,0.44166666666666671,1.0517264733644127,False
2020-12-17 23:00:00+00:00,0,0.4291666666666667,1.0104204178413063,False
2020-12-18 00:00:00+00:00,0,0.40833333333333338,0.99289385976806988,False
2020-12-18 01:00:00+00:00,0,0.38333333333333336,1.1101168543583617,False
2020-12-18 02:00:00+00:00,0,0.35000000000000003,0.9764790191980387,False
2020-12-18 03:00:00+00:00,0,0.31666666666666671,1.0302773494802926,False
2020-12-18 04:00:00+00:00,0,0.28750000000000003,0.98350059381796073,False
2020-12-18 05:00:00+00:00,0,0.27083333333333331,1.048074518190147,False
2020-12-18 06:00:00+00:00,0,0.25833333333333336,0.99787145893923113,False
2020-12-18 07:00:00+00:00,0,0.24166666666666667,1.0057649875790515,False
2020-12-18 08:00:00+00:00,0,0.22083333333333333,0.99071471950684709,False
2020-12-18 09:00:00+00:00,0.20000000000000001,0.19999999999999998,1.1693302329461104,False
2020-12-18 10:00:00+00:00,0.5,0.17916666666666667,0.97719236024574341,False
2020-12-18 11:00:00+00:00,0.69999999999999996,0.16250000000000001,0.99160498222137627,False
2020-12-18 12:00:00+00:00,0.5,0.14999999999999999,0.9507219261380121,False
2020-12-18 13:00:00+00:00,0.20000000000000001,0.11666666666666665,1.0000000000000002,False
2020-12-18 14:00:00+00:00,0.20000000000000001,0.10833333333333332,1.0000000000000002,False
2020-12-18 15:00:00+00:00,0.80000000000000004,0.13749999999999998,0.97999421594800928,False
2020-12-18 16:00:00+00:00,0.29999999999999999,0.14583333333333334,0.98781983042355326,False
2020-12-18 17:00:00+00:00,0.10000000000000001,0.14583333333333334,0.98389306601228677,False
2020-12-18 18:00:00+00:00,0.20000000000000001,0.15416666666666667,1.0069825441505744,False
2020-12-18 19:00:00+00:00,0,0.15416666666666667,0.99684684690820602,False
2020-12-18 20:00:00+00:00,0,0.15416666666666667,0.99684684690820602,False
2020-12-18 21:00:00+00:00,0,0.15416666666666667,0.99684684690820602,False
2020-12-18 22:00:00+00:00,0.80000000000000004,0.1875,0.98639421370361091,False
2020-12-18 23:00:00+00:00,0.5,0.20833333333333334,1.0153455947480907,False
2020-12-19 00:00:00+00:00,0.40000000000000002,0.22500000000000001,1.0624725815511005,False
2020-12-19 01:00:00+00:00,0.5,0.24583333333333335,1.0666209724807973,False
2020-12-19 02:00:00+00:00,0.20000000000000001,0.25416666666666671,0.99940077409930594,False
2020-12-19 03:00:00+00:00,0,0.25416666666666671,0.95930773277687609,False
2020-12-19 04:00:00+00:00,0.10000000000000001,0.25833333333333336,0.98272728601622439,False
2020-12-19 05:00:00+00:00,0,0.25833333333333336,0.99787145893923113,False
2020-12-19 06:00:00+00:00,0,0.25833333333333336,0.99787145893923113,False
2020-12-19 07:00:00+00:00,0,0.25833333333333336,0.99787145893923113,False
2020-12-19 08:00:00+00:00,0,0.25833333333333336,0.99787145893923113,False
2020-12-19 09:00:00+00:00,0.29999999999999999,0.26250000000000001,1.0623923481849111,False
2020-12-19 10:00:00+00:00,0.20000000000000001,0.25,1.0017370677781698,False
2020-12-19 11:00:00+00:00,0,0.22083333333333333,0.99071471950684709,False
2020-12-19 12:00:00+00:00,0,0.19999999999999998,1.1861405350989807,False
2020-12-19 13:00:00+00:00,0.10000000000000001,0.19583333333333333,1.2278295524398026,False
2020-12-19 14:00:00+00:00,0.69999999999999996,0.21666666666666667,0.99274921199516486,False
2020-12-19 15:00:00+00:00,1.1000000000000001,0.22916666666666666,1.030689694139296,False
2020-12-19 16:00:00+00:00,0.20000000000000001,0.22499999999999998,1.0022669252085608,False
2020-12-19 17:00:00+00:00,0,0.22083333333333333,0.99071471950684709,False
2020-12-19 18:00:00+00:00,0,0.21249999999999999,0.99999999999999978,False
2020-12-19 19:00:00+00:00,0.20000000000000001,0.22083333333333333,1.0321635625349532,False
2020-12-19 20:00:00+00:00,0.69999999999999996,0.25,1.0070472639547048,False
2020-12-19 21:00:00+00:00,0.80000000000000004,0.28333333333333333,1.0015178513703487,False
2020-12-19 22:00:00+00:00,0.5,0.27083333333333331,1.0843910460160231,False
2020-12-19 23:00:00+00:00,0.10000000000000001,0.25416666666666671,0.97118813704057161,False
2020-12-20 00:00:00+00:00,0.29999999999999999,0.25,1.0654705949248522,False
2020-12-20 01:00:00+00:00,0.10000000000000001,0.23333333333333331,1.0294699766921689,False
2020-12-20 02:00:00+00:00,0.20000000000000001,0.23333333333333331,0.99972664232120723,False
2020-12-20 03:00:00+00:00,0.29999999999999999,0.24583333333333332,1.0603127093554243,False
2020-12-20 04:00:00+00:00,0.10000000000000001,0.24583333333333335,0.97707038221578357,False
2020-12-20 05:00:00+00:00,0.10000000000000001,0.25,0.95890085295396876,False
2020-12-20 06:00:00+00:00,0.10000000000000001,0.25416666666666665,0.96225271568963711,False
2020-12-20 07:00:00+00:00,0.10000000000000001,0.25833333333333336,0.98272728601622439,False
2020-12-20 08:00:00+00:00,0.10000000000000001,0.26250000000000001,0.9836373993509494,False
2020-12-20 09:00:00+00:00,0.20000000000000001,0.25833333333333336,0.99637791603767878,False
2020-12-20 10:00:00+00:00,0.20000000000000001,0.25833333333333336,0.99637791603767878,False
2020-12-20 11:00:00+00:00,0.20000000000000001,0.26666666666666666,0.99287792211265835,False
2020-12-20 12:00:00+00:00,0.10000000000000001,0.27083333333333331,0.98853134569253009,False
2020-12-20 13:00:00+00:00,0.20000000000000001,0.27500000000000002,0.99148049655057435,False
2020-12-20 14:00:00+00:00,0.20000000000000001,0.25416666666666671,0.99940077409930594,False
2020-12-20 15:00:00+00:00,0.29999999999999999,0.22083333333333333,1.0817175351192487,False
2020-12-20 16:00:00+00:00,0.10000000000000001,0.21666666666666667,1.0397441742617919,False
2020-12-20 17:00:00+00:00,0.10000000000000001,0.22083333333333335,1.032289836240762,False
2020-12-20 18:00:00+00:00,0.10000000000000001,0.22500000000000001,1.0389420561569809,False
2020-12-20 19:00:00+00:00,0.20000000000000001,0.22500000000000001,1.0022669252085605,False
2020-12-20 20:00:00+00:00,0.20000000000000001,0.20416666666666669,1.1451120911001227,False
2020-12-20 21:00:00+00:00,0.20000000000000001,0.17916666666666667,1.1004360679345546,False
2020-12-20 22:00:00+00:00,0,0.15833333333333335,1.0986990510402426,False
2020-12-20 23:00:00+00:00,0,0.15416666666666667,0.99684684690820602,False
2020-12-21 00:00:00+00:00,0,0.14166666666666669,1.0000000000000007,False
2020-12-21 01:00:00+00:00,0,0.13750000000000001,0.99999999999999867,False
2020-12-21 02:00:00+00:00,0,0.12916666666666668,1.0000000000000011,False
2020-12-21 03:00:00+00:00,0,0.11666666666666668,1.0000000000000007,False
2020-12-21 04:00:00+00:00,0,0.1125,1.0000000000000009,False
2020-12-21 05:00:00+00:00,0,0.10833333333333334,1.0000000000000011,False
2020-12-21 06:00:00+00:00,0,0.10416666666666667,1.0000000000000018,False
2020-12-21 07:00:00+00:00,0,0.10000000000000002,1.0000000000000004,False
2020-12-21 08:00:00+00:00,0,0.09583333333333334,0.99999999999999956,False
2020-12-21 09:00:00+00:00,0.10000000000000001,0.091666666666666674,0.97282037929985632,False
2020-12-21 10:00:00+00:00,0,0.083333333333333329,1.0000000000000009,False
2020-12-21 11:00:00+00:00,0,0.075000000000000011,1.0000000000000004,False
2020-12-21 12:00:00+00:00,0,0.070833333333333345,0.99999999999999956,False
2020-12-21 13:00:00+00:00,0,0.0625,1,False
2020-12-21 14:00:00+00:00,0,0.054166666666666662,1.0000001634109028,False
2020-12-21 15:00:00+00:00,0.10000000000000001,0.045833333333333337,0.99999999999999989,False
2020-12-21 16:00:00+00:00,0.10000000000000001,0.045833333333333337,0.99999999999999989,False
2020-12-21 17:00:00+00:00,0,0.041666666666666664,0.99999999999999989,False
2020-12-21 18:00:00+00:00,0,0.037500000000000006,2777777.9184473683,False
2020-12-21 19:00:00+00:00,0,0.029166666666666664,0.99999999999999978,False
2020-12-21 20:00:00+00:00,0,0.020833333333333332,1.0000001978644166,False
2020-12-21 21:00:00+00:00,0,0.012499999999999999,1.0000000872710286,False
2020-12-21 22:00:00+00:00,0.20000000000000001,0.020833333333333332,1.0504829917165521,False
2020-12-21 23:00:00+00:00,0.10000000000000001,0.025000000000000005,0.99999999999999989,False
2020-12-22 00:00:00+00:00,0.10000000000000001,0.029166666666666671,0.99999999999999989,False
2020-12-22 01:00:00+00:00,0.40000000000000002,0.045833333333333337,1.0884156513586924,False
2020-12-22 02:00:00+00:00,0.90000000000000002,0.083333333333333329,1.0528869960080718,False
2020-12-22 03:00:00+00:00,0.80000000000000004,0.11666666666666668,0.99772144613373648,False
2020-12-22 04:00:00+00:00,0.80000000000000004,0.14999999999999999,0.978259490638407,False
2020-12-22 05:00:00+00:00,0.90000000000000002,0.1875,0.97758195820874538,False
2020-12-22 06:00:00+00:00,1.2,0.23750000000000002,1.0346034059368097,False
2020-12-22 07:00:00+00:00,1,0.27916666666666667,0.97632484463249947,False
2020-12-22 08:00:00+00:00,1.6000000000000001,0.34583333333333338,1.0302761379963195,False
2020-12-22 09:00:00+00:00,1.3999999999999999,0.40000000000000008,1.024154229014882,False
2020-12-22 10:00:00+00:00,0.90000000000000002,0.4375,1.0072802903962572,False
2020-12-22 11:00:00+00:00,0.10000000000000001,0.44166666666666671,1.1354417621738908,False
2020-12-22 12:00:00+00:00,0,0.44166666666666671,1.0517264733644127,False
2020-12-22 13:00:00+00:00,0.10000000000000001,0.44583333333333336,1.1600127949745402,False
2020-12-22 14:00:00+00:00,0.20000000000000001,0.45416666666666666,1.0171959191869746,False
2020-12-22 15:00:00+00:00,0.40000000000000002,0.46666666666666673,1.0086362889004512,False
2020-12-22 16:00:00+00:00,1.5,0.52500000000000002,1.0037544553921285,False
2020-12-22 17:00:00+00:00,1.6000000000000001,0.59166666666666667,1.0092953955248498,False
2020-12-22 18:00:00+00:00,0.20000000000000001,0.59999999999999998,1.0246135806770469,False
2020-12-22 19:00:00+00:00,0.80000000000000004,0.6333333333333333,1.0358460374640717,False
2020-12-22 20:00:00+00:00,1.6000000000000001,0.70000000000000007,1.0145916504744621,False
2020-12-22 21:00:00+00:00,1.3,0.75416666666666676,1.0206793254246442,False
2020-12-22 22:00:00+00:00,1.3999999999999999,0.8041666666666667,1.0170774584151163,False
2020-12-22 23:00:00+00:00,0.90000000000000002,0.83749999999999991,0.99886896418193805,False
2020-12-23 00:00:00+00:00,0.69999999999999996,0.86250000000000016,1.1118041526513314,False
2020-12-23 01:00:00+00:00,0.5,0.8666666666666667,1.1027821204421537,False
2020-12-23 02:00:00+00:00,0.29999999999999999,0.84166666666666667,1.0260619257111021,False
2020-12-23 03:00:00+00:00,0.40000000000000002,0.82500000000000007,1.0071484765903282,False
2020-12-23 04:00:00+00:00,0.29999999999999999,0.8041666666666667,0.9989714048641205,False
2020-12-23 05:00:00+00:00,0.10000000000000001,0.77083333333333337,1.0134141024199816,False
2020-12-23 06:00:00+00:00,0,0.72083333333333333,1.3944487173455753,False
2020-12-23 07:00:00+00:00,0.10000000000000001,0.68333333333333346,0.99197521314800285,False
2020-12-23 08:00:00+00:00,0.10000000000000001,0.62083333333333335,1.0093821506741447,False
2020-12-23 09:00:00+00:00,0,0.5625,1.0807809589107571,False
2020-12-23 10:00:00+00:00,0,0.52500000000000002,1.0349360442116315,False
2020-12-23 11:00:00+00:00,0,0.52083333333333337,1.0185772453184248,False
2020-12-23 12:00:00+00:00,0,0.52083333333333337,1.0185772453184248,False
2020-12-23 13:00:00+00:00,0,0.51666666666666672,1.0036198666614002,False
2020-12-23 14:00:00+00:00,0,0.50833333333333341,1.0034123607264458,False
2020-12-23 15:00:00+00:00,0,0.4916666666666667,0.99931682033479308,False
2020-12-23 16:00:00+00:00,0,0.4291666666666667,1.0104204178413063,False
2020-12-23 17:00:00+00:00,0,0.36250000000000004,1.0661109995936995,False
2020-12-23 18:00:00+00:00,0,0.35416666666666669,0.99882637725571555,False
2020-12-23 19:00:00+00:00,0,0.32083333333333336,1.041050336740543,False
2020-12-23 20:00:00+00:00,0,0.25416666666666665,0.95930773277687587,False
2020-12-23 21:00:00+00:00,0,0.19999999999999998,1.1861405350989807,False
2020-12-23 22:00:00+00:00,0,0.14166666666666666,1.0000000000000009,False
2020-12-23 23:00:00+00:00,0,0.10416666666666667,1.0000000000000018,False
2020-12-24 00:00:00+00:00,0,0.074999999999999997,1,False
2020-12-24 01:00:00+00:00,0,0.054166666666666662,1.0000001634109028,False
2020-12-24 02:00:00+00:00,0,0.041666666666666664,0.99999999999999989,False
2020-12-24 03:00:00+00:00,0,0.024999999999999998,5555554.585119064,False
2020-12-24 04:00:00+00:00,0,0.012500000000000002,1.0000000702225564,False
2020-12-24 05:00:00+00:00,0,0.0083333333333333332,1.0000000521814365,False
2020-12-24 06:00:00+00:00,0,0.0083333333333333332,1.0000000521814365,False
2020-12-24 07:00:00+00:00,0,0.0041666666666666666,1.000000164225272,False
2020-12-24 08:00:00+00:00,0,0,1,False
2020-12-24 09:00:00+00:00,0,0,1,False
2020-12-24 10:00:00+00:00,0,0,1,False
2020-12-24 11:00:00+00:00,0,0,1,False
2020-12-24 12:00:00+00:00,0,0,1,False
2020-12-24 13:00:00+00:00,0,0,1,False
2020-12-24 14:00:00+00:00,0,0,1,False
2020-12-24 15:00:00+00:00,0,0,1,False
2020-12-24 16:00:00+00:00,0,0,1,False
2020-12-24 17:00:00+00:00,0,0,1,False
2020-12-24 18:00:00+00:00,0,0,1,False
2020-12-24 19:00:00+00:00,0,0,1,False
2020-12-24 20:00:00+00:00,0,0,1,False
2020-12-24 21:00:00+00:00,0,0,1,False
2020-12-24 22:00:00+00:00,0,0,1,False
2020-12-24 23:00:00+00:00,0,0,1,False
2020-12-25 00:00:00+00:00,0,0,1,False
2020-12-25 01:00:00+00:00,0,0,1,False
2020-12-25 02:00:00+00:00,0,0,1,False
2020-12-25 03:00:00+00:00,0,0,1,False
2020-12-25 04:00:00+00:00,0,0,1,False
2020-12-25 05:00:00+00:00,0,0,1,False
2020-12-25 06:00:00+00:00,0,0,1,False
2020-12-25 07:00:00+00:00,0,0,1,False
2020-12-25 08:00:00+00:00,0,0,1,False
2020-12-25 09:00:00+00:00,0,0,1,False
2020-12-25 10:00:00+00:00,0,0,1,False
2020-12-25 11:00:00+00:00,0,0,1,False
2020-12-25 12:00:00+00:00,0,0,1,False
2020-12-25 13:00:00+00:00,0,0,1,False
2020-12-25 14:00:00+00:00,0,0,1,False
2020-12-25 15:00:00+00:00,0,0,1,False
2020-12-25 16:00:00+00:00,0,0,1,False
2020-12-25 17:00:00+00:00,0,0,1,False
2020-12-25 18:00:00+00:00,0,0,1,False
2020-12-25 19:00:00+00:00,0.10000000000000001,0.0041666666666666666,0.9968954248804317,False
2020-12-25 20:00:00+00:00,0.20000000000000001,0.012500000000000002,1.0755502654500613,False
2020-12-25 21:00:00+00:00,0.10000000000000001,0.016666666666666666,1.0942826622224102,False
2020-12-25 22:00:00+00:00,0,0.016666666666666666,1.0000000871891153,False
2020-12-25 23:00:00+00:00,0,0.016666666666666666,1.0000000871891153,False
2020-12-26 00:00:00+00:00,0,0.016666666666666666,1.0000000871891153,False
2020-12-26 01:00:00+00:00,0,0.016666666666666666,1.0000000871891153,False
2020-12-26 02:00:00+00:00,0.10000000000000001,0.020833333333333332,1.0407590753264704,False
2020-12-26 03:00:00+00:00,0.10000000000000001,0.025000000000000005,0.99999999999999989,False
2020-12-26 04:00:00+00:00,0.20000000000000001,0.033333333333333333,0.93383874809801992,False
2020-12-26 05:00:00+00:00,0.29999999999999999,0.045833333333333337,1.0455709582262522,False
2020-12-26 06:00:00+00:00,0.10000000000000001,0.049999999999999996,0.99999999999999933,False
2020-12-26 07:00:00+00:00,0.10000000000000001,0.054166666666666669,0.99999999999999956,False
2020-12-26 08:00:00+00:00,0.29999999999999999,0.066666666666666666,0.97314355326841273,False
2020-12-26 09:00:00+00:00,0.29999999999999999,0.079166666666666663,0.97753601771776599,False
2020-12-26 10:00:00+00:00,0.40000000000000002,0.095833333333333326,0.97572617354202651,False
2020-12-26 11:00:00+00:00,0.59999999999999998,0.12083333333333333,1.0231200038481985,False
2020-12-26 12:00:00+00:00,0.29999999999999999,0.13333333333333333,0.98470617898706214,False
2020-12-26 13:00:00+00:00,0.20000000000000001,0.14166666666666666,0.96553661820149417,False
2020-12-26 14:00:00+00:00,0,0.14166666666666666,1.0000000000000009,False
2020-12-26 15:00:00+00:00,0,0.14166666666666666,1.0000000000000009,False
2020-12-26 16:00:00+00:00,0.29999999999999999,0.15416666666666667,0.99285252414472036,False
2020-12-26 17:00:00+00:00,0.5,0.17500000000000002,0.97142882953417609,False
2020-12-26 18:00:00+00:00,0.5,0.19583333333333333,1.0052339707129347,False
2020-12-26 19:00:00+00:00,0.59999999999999998,0.21666666666666667,1.0556301878208119,False
2020-12-26 20:00:00+00:00,0.29999999999999999,0.22083333333333333,1.0817175351192487,False
2020-12-26 21:00:00+00:00,0.29999999999999999,0.22916666666666666,1.0666896428699775,False
2020-12-26 22:00:00+00:00,0.40000000000000002,0.24583333333333332,1.0542094247693135,False
2020-12-26 23:00:00+00:00,0.20000000000000001,0.25416666666666665,1.0010980591755281,False
2020-12-27 00:00:00+00:00,0.29999999999999999,0.26666666666666666,1.0611480789176739,False
2020-12-27 01:00:00+00:00,0.40000000000000002,0.28333333333333333,1.0677590717667971,False
2020-12-27 02:00:00+00:00,0.29999999999999999,0.29166666666666669,1.0677555173420006,False
2020-12-27 03:00:00+00:00,0.5,0.30833333333333335,1.0559578554590514,False
2020-12-27 04:00:00+00:00,0.40000000000000002,0.31666666666666671,1.0421447895357856,False
2020-12-27 05:00:00+00:00,0.5,0.32500000000000001,1.0334736897789252,False
2020-12-27 06:00:00+00:00,0.90000000000000002,0.35833333333333334,1.0077418270241434,False
2020-12-27 07:00:00+00:00,1.1000000000000001,0.39999999999999997,1.011511113696532,False
2020-12-27 08:00:00+00:00,0.80000000000000004,0.42083333333333334,0.98913496463053685,False
2020-12-27 09:00:00+00:00,0.80000000000000004,0.44166666666666671,0.98808889492331053,False
2020-12-27 10:00:00+00:00,1,0.46666666666666673,1.0289625971580552,False
2020-12-27 11:00:00+00:00,0.69999999999999996,0.47083333333333338,0.99072720256631552,False
2020-12-27 12:00:00+00:00,0.90000000000000002,0.49583333333333335,1.010572053151392,False
2020-12-27 13:00:00+00:00,0.5,0.50833333333333341,1.0226449933736568,False
2020-12-27 14:00:00+00:00,0.29999999999999999,0.52083333333333337,1.0245466940107575,False
2020-12-27 15:00:00+00:00,0.40000000000000002,0.53749999999999998,1.0164230740774778,False
2020-12-27 16:00:00+00:00,0.90000000000000002,0.5625,1.0232294166314138,False
2020-12-27 17:00:00+00:00,0.69999999999999996,0.5708333333333333,1.0231055357186662,False
2020-12-27 18:00:00+00:00,0.69999999999999996,0.57916666666666672,1.0256445120184694,False
2020-12-27 19:00:00+00:00,1,0.59583333333333333,1.0216432622906693,False
2020-12-27 20:00:00+00:00,1,0.625,1.0243147628061324,False
2020-12-27 21:00:00+00:00,1.3,0.66666666666666663,1.0128095418688932,False
2020-12-27 22:00:00+00:00,1,0.69166666666666676,0.99043966523901572,False
2020-12-27 23:00:00+00:00,0.5,0.70416666666666672,0.9852825163408877,False
2020-12-28 00:00:00+00:00,0.80000000000000004,0.72499999999999998,0.98982996201629969,False
2020-12-28 01:00:00+00:00,0.5,0.72916666666666663,0.98175135087886178,False
2020-12-28 02:00:00+00:00,0.29999999999999999,0.72916666666666663,0.98272733231090936,False
2020-12-28 03:00:00+00:00,0.29999999999999999,0.72083333333333333,0.98349035963069897,False
2020-12-28 04:00:00+00:00,0.29999999999999999,0.71666666666666667,0.98432206088239804,False
2020-12-28 05:00:00+00:00,0.59999999999999998,0.72083333333333321,0.98822288958263649,False
2020-12-28 06:00:00+00:00,0.59999999999999998,0.70833333333333337,0.98923382192996745,False
2020-12-28 07:00:00+00:00,0.69999999999999996,0.69166666666666676,1.0237664849647468,False
2020-12-28 08:00:00+00:00,0.59999999999999998,0.68333333333333324,0.99721261479687284,False
2020-12-28 09:00:00+00:00,0.40000000000000002,0.66666666666666663,0.99795729466804439,False
2020-12-28 10:00:00+00:00,0.40000000000000002,0.64166666666666661,1.0023400838669256,False
2020-12-28 11:00:00+00:00,0.20000000000000001,0.62083333333333335,1.0115701748466426,False
2020-12-28 12:00:00+00:00,0.29999999999999999,0.59583333333333333,1.0025953937268659,False
2020-12-28 13:00:00+00:00,0.20000000000000001,0.58333333333333337,1.0369516929463711,False
2020-12-28 14:00:00+00:00,0.20000000000000001,0.57916666666666672,1.0368020222388743,False
2020-12-28 15:00:00+00:00,0.10000000000000001,0.56666666666666665,1.1078434380117386,False
2020-12-28 16:00:00+00:00,0,0.52916666666666667,1.0424025513365942,False
2020-12-28 17:00:00+00:00,0,0.5,1.0060828749718957,False
2020-12-28 18:00:00+00:00,0,0.47083333333333327,1.0319687859491198,False
2020-12-28 19:00:00+00:00,0,0.42916666666666664,1.0104204178413061,False
2020-12-28 20:00:00+00:00,0,0.38749999999999996,1.0755874032060111,False
2020-12-28 21:00:00+00:00,0,0.33333333333333331,0.97306194727293938,False
2020-12-28 22:00:00+00:00,0,0.29166666666666669,1.009305197257258,False
2020-12-28 23:00:00+00:00,0.10000000000000001,0.27499999999999997,0.99245084525252458,False
2020-12-29 00:00:00+00:00,0.10000000000000001,0.24583333333333335,0.97707038221578357,False
2020-12-29 01:00:00+00:00,0.10000000000000001,0.22916666666666666,1.0440614191617168,False
2020-12-29 02:00:00+00:00,0,0.21666666666666667,0.99999999999999933,False
2020-12-29 03:00:00+00:00,0,0.20416666666666669,1.0110062891586569,False
2020-12-29 04:00:00+00:00,0,0.19166666666666665,1.0460870286747483,False
2020-12-29 05:00:00+00:00,0,0.16666666666666666,1.033456158432607,False
2020-12-29 06:00:00+00:00,0,0.14166666666666666,1.0000000000000009,False
2020-12-29 07:00:00+00:00,0,0.1125,1.0000000000000009,False
2020-12-29 08:00:00+00:00,0,0.087500000000000008,1.0000000000000004,False
2020-12-29 09:00:00+00:00,0,0.070833333333333345,0.99999999999999956,False
2020-12-29 10:00:00+00:00,0,0.054166666666666669,1.0000001116776112,False
2020-12-29 11:00:00+00:00,0,0.045833333333333337,1.0000001254012172,False
2020-12-29 12:00:00+00:00,0,0.033333333333333333,1.0000002128312282,False
2020-12-29 13:00:00+00:00,0,0.025000000000000005,5555554.585119064,False
2020-12-29 14:00:00+00:00,0,0.016666666666666666,1.0000000871891153,False
2020-12-29 15:00:00+00:00,0,0.012500000000000002,1.0000000702225564,False
2020-12-29 16:00:00+00:00,0,0.012500000000000002,1.0000000702225564,False
2020-12-29 17:00:00+00:00,0,0.012500000000000002,1.0000000702225564,False
2020-12-29 18:00:00+00:00,0,0.012500000000000002,1.0000000702225564,False
2020-12-29 19:00:00+00:00,0,0.012500000000000002,1.0000000702225564,False
2020-12-29 20:00:00+00:00,0,0.012500000000000002,1.0000000702225564,False
2020-12-29 21:00:00+00:00,0.10000000000000001,0.016666666666666666,1.0942826622224102,False
2020-12-29 22:00:00+00:00,0.20000000000000001,0.025000000000000005,0.99559773657824313,False
2020-12-29 23:00:00+00:00,0.20000000000000001,0.029166666666666664,0.96616080284063321,False
2020-12-30 00:00:00+00:00,0.10000000000000001,0.029166666666666664,1,False
2020-12-30 01:00:00+00:00,0,0.025000000000000005,5555554.585119064,False
2020-12-30 02:00:00+00:00,0.10000000000000001,0.029166666666666671,0.99999999999999989,False
2020-12-30 03:00:00+00:00,0,0.029166666666666671,0.99999999999999978,False
2020-12-30 04:00:00+00:00,0,0.029166666666666671,0.99999999999999978,False
2020-12-30 05:00:00+00:00,0,0.029166666666666671,0.99999999999999978,False
2020-12-30 06:00:00+00:00,0,0.029166666666666671,0.99999999999999978,False
2020-12-30 07:00:00+00:00,0,0.029166666666666671,0.99999999999999978,False
2020-12-30 08:00:00+00:00,0,0.029166666666666671,0.99999999999999978,False
2020-12-30 09:00:00+00:00,0,0.029166666666666671,0.99999999999999978,False
2020-12-30 10:00:00+00:00,0,0.029166666666666671,0.99999999999999978,False
2020-12-30 11:00:00+00:00,0.10000000000000001,0.033333333333333333,1.0000000000000007,False
2020-12-30 12:00:00+00:00,0.10000000000000001,0.037499999999999999,1.0000000000000016,False
2020-12-30 13:00:00+00:00,0.10000000000000001,0.041666666666666664,1.0000000000000011,False
2020-12-30 14:00:00+00:00,0.10000000000000001,0.045833333333333337,0.99999999999999989,False
2020-12-30 15:00:00+00:00,0.10000000000000001,0.05000000000000001,0.999999999999999,False
2020-12-30 16:00:00+00:00,0.10000000000000001,0.054166666666666669,0.99999999999999956,False
2020-12-30 17:00:00+00:00,0,0.054166666666666669,1.0000001116776112,False
2020-12-30 18:00:00+00:00,0,0.054166666666666669,1.0000001116776112,False
2020-12-30 19:00:00+00:00,0,0.054166666666666669,1.0000001116776112,False
2020-12-30 20:00:00+00:00,0,0.054166666666666669,1.0000001116776112,False
2020-12-30 21:00:00+00:00,0,0.049999999999999996,0.99999999722444444,False
2020-12-30 22:00:00+00:00,0,0.041666666666666664,0.99999999999999989,False
2020-12-30 23:00:00+00:00,0,0.033333333333333333,1.0000002128312282,False
